{
"type": "FeatureCollection",
"name": "tsy",
"crs": { "type": "name", "properties": { "name": "urn:ogc:def:crs:OGC:1.3:CRS84" } },
"features": [
{ "type": "Feature", "properties": { "OBJECTID_1": 213, "TARGET_FID": "0", "NAME_DNP": "ต้นสักใหญ่", "CODE_DNP": 1103, "APAR_CODE": "11031008110001HHT3", "APAR_NO": "10081", "NUM_APAR": "10001", "SPAR_CODE": "11030000900001HHT3", "SPAR_NO": "00009", "NUM_SPAR": "00001", "PAR_BAN": "ห้วยหูด", "BAN_E": "HHT", "PAR_MOO": "3", "PAR_TAM": "แสนตอ", "PAR_AMP": "น้ำปาด", "PAR_PROV": "อุตรดิตถ์", "NAME_TITLE": "นาย", "SURNAME": "โพธิ์ศรี", "IDCARD": "3530400018764", "HOME_NO": "71/1", "HOME_BAN": "ห้วยไคร้", "HOME_MOO": "2", "HOME_TAM": "แสนตอ", "HOME_AMP": "น้ำปาด", "HOME_PROV": "อุตรดิตถ์", "REMARK": null, "BAN_TYPE": 0, "YEAR": "2563", "NAME_DNP_T": "อุทยานแห่งชาติ", "E": 675857.0, "N": 1954529.0, "NAME": "แดน", "PERIMETER": 307.64008850900001, "AREA_RAI": 2.2229432132100002, "RAI": 2.0, "NGAN": 0.0, "WA_SQ": 88.0, "OBJECTID": 214.0, "Area": 3556.7091411299998, "MUBAN": "ห้วยไคร้", "TAMBOL": null, "HOME_BAN_E": null, "TAM_CODE": null, "TAM_NAM_T": "แสนตอ", "AMPHOE_T": "น้ำปาด", "AMPHOE_E": null, "PROV_CODE": null, "PROV_NAM_T": "อุตรดิตถ์", "PROV_NAM_E": null, "NAME_EN": null, "TAM_NAM_E": null, "Plot_No1": 1008110001.0000001, "Shape_Le_1": 307.64008850900001, "TARGET_F_1": 214.0, "Shape_Leng": 307.64008850900001, "Shape_Area": 3556.7091411299998, "Cal_Rai": 2.2229, "layer": "AP1103HHT03", "path": "/Users/ponteerasingto/project11/อุทยานแห่งชาติต้นสักใหญ่/ส่งกรม/Shapefile/1.SHAPEFILE/บ้านห้วยหูด/AP1103HHT03.shp" }, "geometry": { "type": "MultiPolygon", "coordinates": [ [ [ [ 100.657433068389679, 17.670912075160878 ], [ 100.657843174450818, 17.670974681645284 ], [ 100.658603863849123, 17.670629425097097 ], [ 100.658412033546995, 17.670499233846773 ], [ 100.658186472775938, 17.670679347863544 ], [ 100.657781267561958, 17.670415440151501 ], [ 100.657433068389679, 17.670912075160878 ] ] ] ] } },
{ "type": "Feature", "properties": { "OBJECTID_1": 214, "TARGET_FID": "0", "NAME_DNP": "ต้นสักใหญ่", "CODE_DNP": 1103, "APAR_CODE": "11031008110002HHT3", "APAR_NO": "10081", "NUM_APAR": "10002", "SPAR_CODE": "11030000900002HHT3", "SPAR_NO": "00009", "NUM_SPAR": "00002", "PAR_BAN": "ห้วยหูด", "BAN_E": "HHT", "PAR_MOO": "3", "PAR_TAM": "แสนตอ", "PAR_AMP": "น้ำปาด", "PAR_PROV": "อุตรดิตถ์", "NAME_TITLE": "นาย", "SURNAME": "โพธิ์ศรี", "IDCARD": "3530400018861", "HOME_NO": "71", "HOME_BAN": "ห้วยไคร้", "HOME_MOO": "2", "HOME_TAM": "แสนตอ", "HOME_AMP": "น้ำปาด", "HOME_PROV": "อุตรดิตถ์", "REMARK": null, "BAN_TYPE": 0, "YEAR": "2563", "NAME_DNP_T": "อุทยานแห่งชาติ", "E": 675978.0, "N": 1954449.0, "NAME": "เอี่ยม", "PERIMETER": 601.18919435400005, "AREA_RAI": 8.44797256845, "RAI": 8.0, "NGAN": 1.0, "WA_SQ": 76.0, "OBJECTID": 215.0, "Area": 13516.7561095, "MUBAN": "ห้วยไคร้", "TAMBOL": null, "HOME_BAN_E": null, "TAM_CODE": null, "TAM_NAM_T": "แสนตอ", "AMPHOE_T": "น้ำปาด", "AMPHOE_E": null, "PROV_CODE": null, "PROV_NAM_T": "อุตรดิตถ์", "PROV_NAM_E": null, "NAME_EN": null, "TAM_NAM_E": null, "Plot_No1": 1008110002.0, "Shape_Le_1": 600.50162450799996, "TARGET_F_1": 215.0, "Shape_Leng": 601.18924154299998, "Shape_Area": 13516.757225900001, "Cal_Rai": 8.448, "layer": "AP1103HHT03", "path": "/Users/ponteerasingto/project11/อุทยานแห่งชาติต้นสักใหญ่/ส่งกรม/Shapefile/1.SHAPEFILE/บ้านห้วยหูด/AP1103HHT03.shp" }, "geometry": { "type": "MultiPolygon", "coordinates": [ [ [ [ 100.658603863849123, 17.670629425097097 ], [ 100.659279924146844, 17.670322575786695 ], [ 100.659357763323627, 17.670016027817585 ], [ 100.660038073219823, 17.669816982050257 ], [ 100.66006826705366, 17.669401900621832 ], [ 100.659341715772854, 17.669392415079717 ], [ 100.659015791863936, 17.669890200195464 ], [ 100.658902803846814, 17.669770562883414 ], [ 100.658632693300902, 17.669784519604836 ], [ 100.658141353192278, 17.670263896059573 ], [ 100.658186472775938, 17.670679347863544 ], [ 100.658412033546995, 17.670499233846773 ], [ 100.658603863849123, 17.670629425097097 ] ] ] ] } },
{ "type": "Feature", "properties": { "OBJECTID_1": 215, "TARGET_FID": "0", "NAME_DNP": "ต้นสักใหญ่", "CODE_DNP": 1103, "APAR_CODE": "11031008210001HHT3", "APAR_NO": "10082", "NUM_APAR": "10001", "SPAR_CODE": "11030000900003HHT3", "SPAR_NO": "00009", "NUM_SPAR": "00003", "PAR_BAN": "ห้วยหูด", "BAN_E": "HHT", "PAR_MOO": "3", "PAR_TAM": "แสนตอ", "PAR_AMP": "น้ำปาด", "PAR_PROV": "อุตรดิตถ์", "NAME_TITLE": "นาง", "SURNAME": "ผายคำ", "IDCARD": "3530400018667", "HOME_NO": "72/1", "HOME_BAN": "ห้วยไคร้", "HOME_MOO": "2", "HOME_TAM": "แสนตอ", "HOME_AMP": "น้ำปาด", "HOME_PROV": "อุตรดิตถ์", "REMARK": null, "BAN_TYPE": 0, "YEAR": "2563", "NAME_DNP_T": "อุทยานแห่งชาติ", "E": 676079.0, "N": 1954009.0, "NAME": "มลฑาทิพย์", "PERIMETER": 306.99310931999997, "AREA_RAI": 3.6129341098699999, "RAI": 3.0, "NGAN": 2.0, "WA_SQ": 44.0, "OBJECTID": 216.0, "Area": 5780.6945758000002, "MUBAN": "ห้วยไคร้", "TAMBOL": null, "HOME_BAN_E": null, "TAM_CODE": null, "TAM_NAM_T": "แสนตอ", "AMPHOE_T": "น้ำปาด", "AMPHOE_E": null, "PROV_CODE": null, "PROV_NAM_T": "อุตรดิตถ์", "PROV_NAM_E": null, "NAME_EN": null, "TAM_NAM_E": null, "Plot_No1": 1008210001.0000001, "Shape_Le_1": 306.249553311, "TARGET_F_1": 216.0, "Shape_Leng": 306.99309842399998, "Shape_Area": 5780.6932417500002, "Cal_Rai": 3.6129, "layer": "AP1103HHT03", "path": "/Users/ponteerasingto/project11/อุทยานแห่งชาติต้นสักใหญ่/ส่งกรม/Shapefile/1.SHAPEFILE/บ้านห้วยหูด/AP1103HHT03.shp" }, "geometry": { "type": "MultiPolygon", "coordinates": [ [ [ [ 100.660325144145745, 17.665870548560399 ], [ 100.65981805402086, 17.665438846944973 ], [ 100.659609051155684, 17.665885291078951 ], [ 100.659798928807817, 17.666319324265629 ], [ 100.660110640557576, 17.666524612481425 ], [ 100.660278766294979, 17.666508110353014 ], [ 100.660325144145745, 17.665870548560399 ] ] ] ] } },
{ "type": "Feature", "properties": { "OBJECTID_1": 243, "TARGET_FID": "0", "NAME_DNP": "ต้นสักใหญ่", "CODE_DNP": 1103, "APAR_CODE": "11031010310004HKM4", "APAR_NO": "10103", "NUM_APAR": "10004", "SPAR_CODE": "11030001200013HKM4", "SPAR_NO": "00012", "NUM_SPAR": "00013", "PAR_BAN": "ห้วยคอม", "BAN_E": "HKM", "PAR_MOO": "4", "PAR_TAM": "น้ำไผ่", "PAR_AMP": "น้ำปาด", "PAR_PROV": "อุตรดิตถ์", "NAME_TITLE": "นาง", "SURNAME": "มีเคน", "IDCARD": "1530400010601", "HOME_NO": "7/1", "HOME_BAN": "ห้วยคอม", "HOME_MOO": "4", "HOME_TAM": "น้ำไผ่", "HOME_AMP": "น้ำปาด", "HOME_PROV": "อุตรดิตถ์", "REMARK": null, "BAN_TYPE": 0, "YEAR": "2563", "NAME_DNP_T": "อุทยานแห่งชาติ", "E": 680045.0, "N": 1943150.0, "NAME": "สุดารัตน์", "PERIMETER": 190.06615811200001, "AREA_RAI": 1.3078985304099999, "RAI": 1.0, "NGAN": 1.0, "WA_SQ": 20.0, "OBJECTID": 244.0, "Area": 2092.6376486600002, "MUBAN": "ห้วยคอม", "TAMBOL": null, "HOME_BAN_E": null, "TAM_CODE": null, "TAM_NAM_T": "น้ำไผ่", "AMPHOE_T": "น้ำปาด", "AMPHOE_E": null, "PROV_CODE": null, "PROV_NAM_T": "อุตรดิตถ์", "PROV_NAM_E": null, "NAME_EN": null, "TAM_NAM_E": null, "Plot_No1": 1010310003.9999999, "Shape_Le_1": 188.69983919200001, "TARGET_F_1": 256.0, "Shape_Leng": 190.06620756000001, "Shape_Area": 2092.6389397500002, "Cal_Rai": 1.3079, "layer": "AP1103HKM04", "path": "/Users/ponteerasingto/project11/อุทยานแห่งชาติต้นสักใหญ่/ส่งกรม/Shapefile/1.SHAPEFILE/บ้านห้วยคอม/AP1103HKM04.shp" }, "geometry": { "type": "MultiPolygon", "coordinates": [ [ [ [ 100.696148617096725, 17.567733520651014 ], [ 100.696405005773201, 17.567865083513627 ], [ 100.696783652206207, 17.567422362497503 ], [ 100.696653659315544, 17.567297714678766 ], [ 100.696248922778324, 17.56750185891454 ], [ 100.696148617096725, 17.567733520651014 ] ] ] ] } },
{ "type": "Feature", "properties": { "OBJECTID_1": 244, "TARGET_FID": "0", "NAME_DNP": "ต้นสักใหญ่", "CODE_DNP": 1103, "APAR_CODE": "11031010010001HKM4", "APAR_NO": "10100", "NUM_APAR": "10001", "SPAR_CODE": "11030001200004HKM4", "SPAR_NO": "00012", "NUM_SPAR": "00004", "PAR_BAN": "ห้วยคอม", "BAN_E": "HKM", "PAR_MOO": "4", "PAR_TAM": "น้ำไผ่", "PAR_AMP": "น้ำปาด", "PAR_PROV": "อุตรดิตถ์", "NAME_TITLE": "นาย", "SURNAME": "คำปาน", "IDCARD": "1539900638585", "HOME_NO": "32/7", "HOME_BAN": "ปางขามป้อม", "HOME_MOO": "8", "HOME_TAM": "น้ำไผ่", "HOME_AMP": "น้ำปาด", "HOME_PROV": "อุตรดิตถ์", "REMARK": null, "BAN_TYPE": 0, "YEAR": "2563", "NAME_DNP_T": "อุทยานแห่งชาติ", "E": 680334.0, "N": 1943959.0, "NAME": "วรเชษฐ์", "PERIMETER": 312.63153888900001, "AREA_RAI": 3.8065187141400001, "RAI": 3.0, "NGAN": 3.0, "WA_SQ": 20.0, "OBJECTID": 245.0, "Area": 6090.4299426300004, "MUBAN": "ปางขามป้อม", "TAMBOL": null, "HOME_BAN_E": null, "TAM_CODE": null, "TAM_NAM_T": "น้ำไผ่", "AMPHOE_T": "น้ำปาด", "AMPHOE_E": null, "PROV_CODE": null, "PROV_NAM_T": "อุตรดิตถ์", "PROV_NAM_E": null, "NAME_EN": null, "TAM_NAM_E": null, "Plot_No1": 1010010001.0000001, "Shape_Le_1": 313.39260191099999, "TARGET_F_1": 247.0, "Shape_Leng": 312.63151918099999, "Shape_Area": 6090.43061855, "Cal_Rai": 3.8065, "layer": "AP1103HKM04", "path": "/Users/ponteerasingto/project11/อุทยานแห่งชาติต้นสักใหญ่/ส่งกรม/Shapefile/1.SHAPEFILE/บ้านห้วยคอม/AP1103HKM04.shp" }, "geometry": { "type": "MultiPolygon", "coordinates": [ [ [ [ 100.699720102325614, 17.575033410188844 ], [ 100.6996619764858, 17.574706912880917 ], [ 100.699152575565165, 17.574393802315232 ], [ 100.698972662746115, 17.574630162951944 ], [ 100.698792754152421, 17.574674713176599 ], [ 100.698953531946913, 17.575312290496019 ], [ 100.699720102325614, 17.575033410188844 ] ] ] ] } },
{ "type": "Feature", "properties": { "OBJECTID_1": 245, "TARGET_FID": "0", "NAME_DNP": "ต้นสักใหญ่", "CODE_DNP": 1103, "APAR_CODE": "11031009920001HKM4", "APAR_NO": "10099", "NUM_APAR": "20001", "SPAR_CODE": "11030001200003HKM4", "SPAR_NO": "00012", "NUM_SPAR": "00003", "PAR_BAN": "ห้วยคอม", "BAN_E": "HKM", "PAR_MOO": "4", "PAR_TAM": "น้ำไผ่", "PAR_AMP": "น้ำปาด", "PAR_PROV": "อุตรดิตถ์", "NAME_TITLE": "นาง", "SURNAME": "ติคำ", "IDCARD": "3530400264129", "HOME_NO": "72/3", "HOME_BAN": "ห้วยคอม", "HOME_MOO": "4", "HOME_TAM": "น้ำไผ่", "HOME_AMP": "น้ำปาด", "HOME_PROV": "อุตรดิตถ์", "REMARK": null, "BAN_TYPE": 0, "YEAR": "2563", "NAME_DNP_T": "อุทยานแห่งชาติ", "E": 680599.0, "N": 1944340.0, "NAME": "สุบรรณ์", "PERIMETER": 304.14877467600002, "AREA_RAI": 3.5747802859700002, "RAI": 3.0, "NGAN": 2.0, "WA_SQ": 28.0, "OBJECTID": 246.0, "Area": 5719.6484575599998, "MUBAN": "ห้วยคอม", "TAMBOL": null, "HOME_BAN_E": null, "TAM_CODE": null, "TAM_NAM_T": "น้ำไผ่", "AMPHOE_T": "น้ำปาด", "AMPHOE_E": null, "PROV_CODE": null, "PROV_NAM_T": "อุตรดิตถ์", "PROV_NAM_E": null, "NAME_EN": null, "TAM_NAM_E": null, "Plot_No1": 1009920001.0000001, "Shape_Le_1": 304.14877467600002, "TARGET_F_1": 246.0, "Shape_Leng": 304.14877467600002, "Shape_Area": 5719.6484575599998, "Cal_Rai": 3.5748, "layer": "AP1103HKM04", "path": "/Users/ponteerasingto/project11/อุทยานแห่งชาติต้นสักใหญ่/ส่งกรม/Shapefile/1.SHAPEFILE/บ้านห้วยคอม/AP1103HKM04.shp" }, "geometry": { "type": "MultiPolygon", "coordinates": [ [ [ [ 100.70177183130437, 17.577849014547365 ], [ 100.701286909882882, 17.578007066910903 ], [ 100.70174629277453, 17.578789962239917 ], [ 100.702078341693266, 17.578715736318383 ], [ 100.702079372273317, 17.578030685985546 ], [ 100.70177183130437, 17.577849014547365 ] ] ] ] } },
{ "type": "Feature", "properties": { "OBJECTID_1": 246, "TARGET_FID": "0", "NAME_DNP": "ต้นสักใหญ่", "CODE_DNP": 1103, "APAR_CODE": "11031010120001HKM4", "APAR_NO": "10101", "NUM_APAR": "20001", "SPAR_CODE": "11030001200008HKM4", "SPAR_NO": "00012", "NUM_SPAR": "00008", "PAR_BAN": "ห้วยคอม", "BAN_E": "HKM", "PAR_MOO": "4", "PAR_TAM": "น้ำไผ่", "PAR_AMP": "น้ำปาด", "PAR_PROV": "อุตรดิตถ์", "NAME_TITLE": "นาง", "SURNAME": "วงษ์ชัยบุตร", "IDCARD": "3530400255464", "HOME_NO": "66", "HOME_BAN": "ห้วยคอม", "HOME_MOO": "4", "HOME_TAM": "น้ำไผ่", "HOME_AMP": "น้ำปาด", "HOME_PROV": "อุตรดิตถ์", "REMARK": null, "BAN_TYPE": 0, "YEAR": "2563", "NAME_DNP_T": "อุทยานแห่งชาติ", "E": 680149.0, "N": 1943640.0, "NAME": "ทวี", "PERIMETER": 480.19391953500002, "AREA_RAI": 6.5573689719499999, "RAI": 6.0, "NGAN": 2.0, "WA_SQ": 20.0, "OBJECTID": 247.0, "Area": 10491.7903551, "MUBAN": "ห้วยคอม", "TAMBOL": null, "HOME_BAN_E": null, "TAM_CODE": null, "TAM_NAM_T": "น้ำไผ่", "AMPHOE_T": "น้ำปาด", "AMPHOE_E": null, "PROV_CODE": null, "PROV_NAM_T": "อุตรดิตถ์", "PROV_NAM_E": null, "NAME_EN": null, "TAM_NAM_E": null, "Plot_No1": 1010120001.0000001, "Shape_Le_1": 480.22676557400001, "TARGET_F_1": 251.0, "Shape_Leng": 480.193919128, "Shape_Area": 10491.790749, "Cal_Rai": 6.5574, "layer": "AP1103HKM04", "path": "/Users/ponteerasingto/project11/อุทยานแห่งชาติต้นสักใหญ่/ส่งกรม/Shapefile/1.SHAPEFILE/บ้านห้วยคอม/AP1103HKM04.shp" }, "geometry": { "type": "MultiPolygon", "coordinates": [ [ [ [ 100.698250128021897, 17.572522848088038 ], [ 100.697793201644203, 17.571849197466189 ], [ 100.697403738902736, 17.571139946650604 ], [ 100.696793935936839, 17.572326627316816 ], [ 100.698250128021897, 17.572522848088038 ] ] ] ] } },
{ "type": "Feature", "properties": { "OBJECTID_1": 247, "TARGET_FID": "0", "NAME_DNP": "ต้นสักใหญ่", "CODE_DNP": 1103, "APAR_CODE": "11031010010003HKM4", "APAR_NO": "10100", "NUM_APAR": "10003", "SPAR_CODE": "11030001200006HKM4", "SPAR_NO": "00012", "NUM_SPAR": "00006", "PAR_BAN": "ห้วยคอม", "BAN_E": "HKM", "PAR_MOO": "4", "PAR_TAM": "น้ำไผ่", "PAR_AMP": "น้ำปาด", "PAR_PROV": "อุตรดิตถ์", "NAME_TITLE": "นาง", "SURNAME": "ขิงหอม", "IDCARD": "3530400264137", "HOME_NO": "78/5", "HOME_BAN": "ห้วยคอม", "HOME_MOO": "4", "HOME_TAM": "น้ำไผ่", "HOME_AMP": "น้ำปาด", "HOME_PROV": "อุตรดิตถ์", "REMARK": null, "BAN_TYPE": 0, "YEAR": "2563", "NAME_DNP_T": "อุทยานแห่งชาติ", "E": 680648.0, "N": 1943834.0, "NAME": "เวียง", "PERIMETER": 571.09632590700005, "AREA_RAI": 6.4523913118499996, "RAI": 6.0, "NGAN": 1.0, "WA_SQ": 80.0, "OBJECTID": 248.0, "Area": 10323.826099, "MUBAN": "ห้วยคอม", "TAMBOL": null, "HOME_BAN_E": null, "TAM_CODE": null, "TAM_NAM_T": "น้ำไผ่", "AMPHOE_T": "น้ำปาด", "AMPHOE_E": null, "PROV_CODE": null, "PROV_NAM_T": "อุตรดิตถ์", "PROV_NAM_E": null, "NAME_EN": null, "TAM_NAM_E": null, "Plot_No1": 1010010003.0, "Shape_Le_1": 573.32530615099995, "TARGET_F_1": 249.0, "Shape_Leng": 571.09639016799997, "Shape_Area": 10323.828413900001, "Cal_Rai": 6.4524, "layer": "AP1103HKM04", "path": "/Users/ponteerasingto/project11/อุทยานแห่งชาติต้นสักใหญ่/ส่งกรม/Shapefile/1.SHAPEFILE/บ้านห้วยคอม/AP1103HKM04.shp" }, "geometry": { "type": "MultiPolygon", "coordinates": [ [ [ [ 100.701070081678679, 17.574313259281947 ], [ 100.701156989985776, 17.574510657693516 ], [ 100.702308502700745, 17.574091718457208 ], [ 100.702790013616493, 17.573675314778885 ], [ 100.702742530571143, 17.573369727084692 ], [ 100.702516875983946, 17.572809431006856 ], [ 100.702067396887685, 17.57332112759703 ], [ 100.702085312003277, 17.573645655029139 ], [ 100.701487179142418, 17.574251130574773 ], [ 100.701070081678679, 17.574313259281947 ] ] ] ] } },
{ "type": "Feature", "properties": { "OBJECTID_1": 248, "TARGET_FID": "0", "NAME_DNP": "ต้นสักใหญ่", "CODE_DNP": 1103, "APAR_CODE": "11031010020004HKM4", "APAR_NO": "10100", "NUM_APAR": "20004", "SPAR_CODE": "11030001200007HKM4", "SPAR_NO": "00012", "NUM_SPAR": "00007", "PAR_BAN": "ห้วยคอม", "BAN_E": "HKM", "PAR_MOO": "4", "PAR_TAM": "น้ำไผ่", "PAR_AMP": "น้ำปาด", "PAR_PROV": "อุตรดิตถ์", "NAME_TITLE": "นาง", "SURNAME": "เพชรดำ", "IDCARD": "3530400258455", "HOME_NO": "88/2", "HOME_BAN": "ห้วยคอม", "HOME_MOO": "4", "HOME_TAM": "น้ำไผ่", "HOME_AMP": "น้ำปาด", "HOME_PROV": "อุตรดิตถ์", "REMARK": null, "BAN_TYPE": 0, "YEAR": "2563", "NAME_DNP_T": "อุทยานแห่งชาติ", "E": 680777.0, "N": 1943694.0, "NAME": "จำรัส", "PERIMETER": 852.16099796599997, "AREA_RAI": 14.8105556934, "RAI": 14.0, "NGAN": 3.0, "WA_SQ": 24.0, "OBJECTID": 249.0, "Area": 23696.889109399999, "MUBAN": "ห้วยคอม", "TAMBOL": null, "HOME_BAN_E": null, "TAM_CODE": null, "TAM_NAM_T": "น้ำไผ่", "AMPHOE_T": "น้ำปาด", "AMPHOE_E": null, "PROV_CODE": null, "PROV_NAM_T": "อุตรดิตถ์", "PROV_NAM_E": null, "NAME_EN": null, "TAM_NAM_E": null, "Plot_No1": 1010020003.9999999, "Shape_Le_1": 854.68795159800004, "TARGET_F_1": 250.0, "Shape_Leng": 852.16097726800001, "Shape_Area": 23696.8879461, "Cal_Rai": 14.8106, "layer": "AP1103HKM04", "path": "/Users/ponteerasingto/project11/อุทยานแห่งชาติต้นสักใหญ่/ส่งกรม/Shapefile/1.SHAPEFILE/บ้านห้วยคอม/AP1103HKM04.shp" }, "geometry": { "type": "MultiPolygon", "coordinates": [ [ [ [ 100.704823250453884, 17.571815031603293 ], [ 100.704069613934465, 17.571437863473417 ], [ 100.703889653353841, 17.572081640113659 ], [ 100.703328233450378, 17.572507490713175 ], [ 100.702909313958301, 17.572261342549574 ], [ 100.702650681724222, 17.571782470531897 ], [ 100.702387923957872, 17.571843568432264 ], [ 100.702239679239199, 17.572103972416041 ], [ 100.702512256323686, 17.572797961034293 ], [ 100.702742530571143, 17.573369727084692 ], [ 100.703203763676981, 17.573317507609239 ], [ 100.70441854003586, 17.572266968645948 ], [ 100.704823250453884, 17.571815031603293 ] ] ] ] } },
{ "type": "Feature", "properties": { "OBJECTID_1": 249, "TARGET_FID": "0", "NAME_DNP": "ต้นสักใหญ่", "CODE_DNP": 1103, "APAR_CODE": "11031009820001HKM4", "APAR_NO": "10098", "NUM_APAR": "20001", "SPAR_CODE": "11030001200002HKM4", "SPAR_NO": "00012", "NUM_SPAR": "00002", "PAR_BAN": "ห้วยคอม", "BAN_E": "HKM", "PAR_MOO": "4", "PAR_TAM": "น้ำไผ่", "PAR_AMP": "น้ำปาด", "PAR_PROV": "อุตรดิตถ์", "NAME_TITLE": "นาง", "SURNAME": "ติคำ", "IDCARD": "3530400263840", "HOME_NO": "88/7", "HOME_BAN": "ห้วยคอม", "HOME_MOO": "4", "HOME_TAM": "น้ำไผ่", "HOME_AMP": "น้ำปาด", "HOME_PROV": "อุตรดิตถ์", "REMARK": null, "BAN_TYPE": 0, "YEAR": "2563", "NAME_DNP_T": "อุทยานแห่งชาติ", "E": 680243.0, "N": 1944508.0, "NAME": "จิตรลดา", "PERIMETER": 343.71833685600001, "AREA_RAI": 4.2514437242499996, "RAI": 4.0, "NGAN": 1.0, "WA_SQ": 0.0, "OBJECTID": 250.0, "Area": 6802.3099587999995, "MUBAN": "ห้วยคอม", "TAMBOL": null, "HOME_BAN_E": null, "TAM_CODE": null, "TAM_NAM_T": "น้ำไผ่", "AMPHOE_T": "น้ำปาด", "AMPHOE_E": null, "PROV_CODE": null, "PROV_NAM_T": "อุตรดิตถ์", "PROV_NAM_E": null, "NAME_EN": null, "TAM_NAM_E": null, "Plot_No1": 1009820001.0000001, "Shape_Le_1": 343.478471931, "TARGET_F_1": 245.0, "Shape_Leng": 343.71835519699999, "Shape_Area": 6802.31108907, "Cal_Rai": 4.2514, "layer": "AP1103HKM04", "path": "/Users/ponteerasingto/project11/อุทยานแห่งชาติต้นสักใหญ่/ส่งกรม/Shapefile/1.SHAPEFILE/บ้านห้วยคอม/AP1103HKM04.shp" }, "geometry": { "type": "MultiPolygon", "coordinates": [ [ [ [ 100.698974190300703, 17.579829436596491 ], [ 100.69861205008695, 17.579407967689313 ], [ 100.697686268851285, 17.579829014679305 ], [ 100.698332695426672, 17.580193700796261 ], [ 100.698973582131941, 17.580057218788188 ], [ 100.698974190300703, 17.579829436596491 ] ] ] ] } },
{ "type": "Feature", "properties": { "OBJECTID_1": 250, "TARGET_FID": "0", "NAME_DNP": "ต้นสักใหญ่", "CODE_DNP": 1103, "APAR_CODE": "11031010320001HKM4", "APAR_NO": "10103", "NUM_APAR": "20001", "SPAR_CODE": "11030001200010HKM4", "SPAR_NO": "00012", "NUM_SPAR": "00010", "PAR_BAN": "ห้วยคอม", "BAN_E": "HKM", "PAR_MOO": "4", "PAR_TAM": "น้ำไผ่", "PAR_AMP": "น้ำปาด", "PAR_PROV": "อุตรดิตถ์", "NAME_TITLE": "นาย", "SURNAME": "ประทุมชาติ", "IDCARD": "3530400263408", "HOME_NO": "81", "HOME_BAN": "ห้วยคอม", "HOME_MOO": "4", "HOME_TAM": "น้ำไผ่", "HOME_AMP": "น้ำปาด", "HOME_PROV": "อุตรดิตถ์", "REMARK": null, "BAN_TYPE": 0, "YEAR": "2563", "NAME_DNP_T": "อุทยานแห่งชาติ", "E": 680407.0, "N": 1943190.0, "NAME": "อุบล", "PERIMETER": 915.23567693400003, "AREA_RAI": 17.391289961399998, "RAI": 17.0, "NGAN": 1.0, "WA_SQ": 56.0, "OBJECTID": 251.0, "Area": 27826.063938300002, "MUBAN": "ห้วยคอม", "TAMBOL": null, "HOME_BAN_E": null, "TAM_CODE": null, "TAM_NAM_T": "น้ำไผ่", "AMPHOE_T": "น้ำปาด", "AMPHOE_E": null, "PROV_CODE": null, "PROV_NAM_T": "อุตรดิตถ์", "PROV_NAM_E": null, "NAME_EN": null, "TAM_NAM_E": null, "Plot_No1": 1010320001.0000001, "Shape_Le_1": 915.23567693400003, "TARGET_F_1": 253.0, "Shape_Leng": 915.23567693400003, "Shape_Area": 27826.063938300002, "Cal_Rai": 17.3913, "layer": "AP1103HKM04", "path": "/Users/ponteerasingto/project11/อุทยานแห่งชาติต้นสักใหญ่/ส่งกรม/Shapefile/1.SHAPEFILE/บ้านห้วยคอม/AP1103HKM04.shp" }, "geometry": { "type": "MultiPolygon", "coordinates": [ [ [ [ 100.700363823127901, 17.567557209254595 ], [ 100.70056194012696, 17.567302540371486 ], [ 100.700821381104063, 17.56678038623452 ], [ 100.700119224227848, 17.566720992214158 ], [ 100.699877770259462, 17.566952067457084 ], [ 100.69959864939257, 17.567323670374961 ], [ 100.69926919459111, 17.567522786045519 ], [ 100.698823291607837, 17.567997563192431 ], [ 100.699752107478915, 17.568209632396979 ], [ 100.698961534109301, 17.568815290270752 ], [ 100.69984492315065, 17.569304277467698 ], [ 100.70019171199084, 17.568352581270233 ], [ 100.700615985084568, 17.567872240446601 ], [ 100.700363823127901, 17.567557209254595 ] ] ] ] } },
{ "type": "Feature", "properties": { "OBJECTID_1": 251, "TARGET_FID": "0", "NAME_DNP": "ต้นสักใหญ่", "CODE_DNP": 1103, "APAR_CODE": "11031010420001HKM4", "APAR_NO": "10104", "NUM_APAR": "20001", "SPAR_CODE": "11030001200015HKM4", "SPAR_NO": "00012", "NUM_SPAR": "00015", "PAR_BAN": "ห้วยคอม", "BAN_E": "HKM", "PAR_MOO": "4", "PAR_TAM": "น้ำไผ่", "PAR_AMP": "น้ำปาด", "PAR_PROV": "อุตรดิตถ์", "NAME_TITLE": "นาง", "SURNAME": "มะลิวงษ์", "IDCARD": "3530400262908", "HOME_NO": "76/3", "HOME_BAN": "ห้วยคอม", "HOME_MOO": "4", "HOME_TAM": "น้ำไผ่", "HOME_AMP": "น้ำปาด", "HOME_PROV": "อุตรดิตถ์", "REMARK": null, "BAN_TYPE": 0, "YEAR": "2563", "NAME_DNP_T": "อุทยานแห่งชาติ", "E": 679756.0, "N": 1942791.0, "NAME": "บานเย็น", "PERIMETER": 297.77667451999997, "AREA_RAI": 3.2325898558600001, "RAI": 3.0, "NGAN": 0.0, "WA_SQ": 92.0, "OBJECTID": 252.0, "Area": 5172.1437693799999, "MUBAN": "ห้วยคอม", "TAMBOL": null, "HOME_BAN_E": null, "TAM_CODE": null, "TAM_NAM_T": "น้ำไผ่", "AMPHOE_T": "น้ำปาด", "AMPHOE_E": null, "PROV_CODE": null, "PROV_NAM_T": "อุตรดิตถ์", "PROV_NAM_E": null, "NAME_EN": null, "TAM_NAM_E": null, "Plot_No1": 1010420001.0000001, "Shape_Le_1": 297.77667451999997, "TARGET_F_1": 258.0, "Shape_Leng": 297.77667451999997, "Shape_Area": 5172.1437693799999, "Cal_Rai": 3.2326, "layer": "AP1103HKM04", "path": "/Users/ponteerasingto/project11/อุทยานแห่งชาติต้นสักใหญ่/ส่งกรม/Shapefile/1.SHAPEFILE/บ้านห้วยคอม/AP1103HKM04.shp" }, "geometry": { "type": "MultiPolygon", "coordinates": [ [ [ [ 100.694102692932105, 17.564292913738218 ], [ 100.693787909035038, 17.563870926382869 ], [ 100.69320220776919, 17.564400511838137 ], [ 100.693747607905749, 17.564799771920008 ], [ 100.693789798394789, 17.564875644818631 ], [ 100.694102692932105, 17.564292913738218 ] ] ] ] } },
{ "type": "Feature", "properties": { "OBJECTID_1": 252, "TARGET_FID": "0", "NAME_DNP": "ต้นสักใหญ่", "CODE_DNP": 1103, "APAR_CODE": "11031010320005HKM4", "APAR_NO": "10103", "NUM_APAR": "20005", "SPAR_CODE": "11030001200014HKM4", "SPAR_NO": "00012", "NUM_SPAR": "00014", "PAR_BAN": "ห้วยคอม", "BAN_E": "HKM", "PAR_MOO": "4", "PAR_TAM": "น้ำไผ่", "PAR_AMP": "น้ำปาด", "PAR_PROV": "อุตรดิตถ์", "NAME_TITLE": "นาง", "SURNAME": "มีทา", "IDCARD": "3530400255456", "HOME_NO": "7", "HOME_BAN": "ห้วยคอม", "HOME_MOO": "4", "HOME_TAM": "น้ำไผ่", "HOME_AMP": "น้ำปาด", "HOME_PROV": "อุตรดิตถ์", "REMARK": null, "BAN_TYPE": 0, "YEAR": "2563", "NAME_DNP_T": "อุทยานแห่งชาติ", "E": 679930.0, "N": 1943060.0, "NAME": "นา", "PERIMETER": 718.98122708699998, "AREA_RAI": 9.6774107852799993, "RAI": 9.0, "NGAN": 2.0, "WA_SQ": 68.0, "OBJECTID": 253.0, "Area": 15483.857256400001, "MUBAN": "ห้วยคอม", "TAMBOL": null, "HOME_BAN_E": null, "TAM_CODE": null, "TAM_NAM_T": "น้ำไผ่", "AMPHOE_T": "น้ำปาด", "AMPHOE_E": null, "PROV_CODE": null, "PROV_NAM_T": "อุตรดิตถ์", "PROV_NAM_E": null, "NAME_EN": null, "TAM_NAM_E": null, "Plot_No1": 1010320005.0, "Shape_Le_1": 719.56986819899998, "TARGET_F_1": 257.0, "Shape_Leng": 718.98127774500006, "Shape_Area": 15483.856189300001, "Cal_Rai": 9.6774, "layer": "AP1103HKM04", "path": "/Users/ponteerasingto/project11/อุทยานแห่งชาติต้นสักใหญ่/ส่งกรม/Shapefile/1.SHAPEFILE/บ้านห้วยคอม/AP1103HKM04.shp" }, "geometry": { "type": "MultiPolygon", "coordinates": [ [ [ [ 100.695117021876982, 17.56672057419496 ], [ 100.695669471606024, 17.565960448984715 ], [ 100.694419033880081, 17.566007199731015 ], [ 100.69507172979344, 17.567180924219656 ], [ 100.696148617096725, 17.567733520651014 ], [ 100.696248922778324, 17.56750185891454 ], [ 100.69606661394026, 17.566850885081372 ], [ 100.695568183960958, 17.566886074061866 ], [ 100.695117021876982, 17.56672057419496 ] ] ] ] } },
{ "type": "Feature", "properties": { "OBJECTID_1": 253, "TARGET_FID": "0", "NAME_DNP": "ต้นสักใหญ่", "CODE_DNP": 1103, "APAR_CODE": "11031009720001HKM4", "APAR_NO": "10097", "NUM_APAR": "20001", "SPAR_CODE": "11030001200001HKM4", "SPAR_NO": "00012", "NUM_SPAR": "00001", "PAR_BAN": "ห้วยคอม", "BAN_E": "HKM", "PAR_MOO": "4", "PAR_TAM": "น้ำไผ่", "PAR_AMP": "น้ำปาด", "PAR_PROV": "อุตรดิตถ์", "NAME_TITLE": "นาย", "SURNAME": "มูลผม", "IDCARD": "3530400262665", "HOME_NO": "9849/13", "HOME_BAN": "ห้วยคอม", "HOME_MOO": "4", "HOME_TAM": "น้ำไผ่", "HOME_AMP": "น้ำปาด", "HOME_PROV": "อุตรดิตถ์", "REMARK": null, "BAN_TYPE": 0, "YEAR": "2563", "NAME_DNP_T": "อุทยานแห่งชาติ", "E": 680530.0, "N": 1944648.0, "NAME": "หวั่น", "PERIMETER": 518.77640397000005, "AREA_RAI": 8.2523325612199994, "RAI": 8.0, "NGAN": 1.0, "WA_SQ": 0.0, "OBJECTID": 254.0, "Area": 13203.7320979, "MUBAN": "ห้วยคอม", "TAMBOL": null, "HOME_BAN_E": null, "TAM_CODE": null, "TAM_NAM_T": "น้ำไผ่", "AMPHOE_T": "น้ำปาด", "AMPHOE_E": null, "PROV_CODE": null, "PROV_NAM_T": "อุตรดิตถ์", "PROV_NAM_E": null, "NAME_EN": null, "TAM_NAM_E": null, "Plot_No1": 1009720001.0000001, "Shape_Le_1": 519.07166491600003, "TARGET_F_1": 244.0, "Shape_Leng": 518.77641375899998, "Shape_Area": 13203.731956400001, "Cal_Rai": 8.2523, "layer": "AP1103HKM04", "path": "/Users/ponteerasingto/project11/อุทยานแห่งชาติต้นสักใหญ่/ส่งกรม/Shapefile/1.SHAPEFILE/บ้านห้วยคอม/AP1103HKM04.shp" }, "geometry": { "type": "MultiPolygon", "coordinates": [ [ [ [ 100.701446500739621, 17.580795736535404 ], [ 100.700683000711365, 17.580665125616331 ], [ 100.700275906654653, 17.580889838347225 ], [ 100.7003601358591, 17.581255119695175 ], [ 100.70131889881435, 17.581679940558168 ], [ 100.701516473788089, 17.58148214470177 ], [ 100.701459176968129, 17.58132208163892 ], [ 100.701525429917893, 17.581246585250604 ], [ 100.701856924436157, 17.581203340473387 ], [ 100.702030310400403, 17.58093718193869 ], [ 100.702100823660814, 17.580720715501528 ], [ 100.701791224564204, 17.580630614188642 ], [ 100.701724007521833, 17.580729399540235 ], [ 100.701446500739621, 17.580795736535404 ] ] ] ] } },
{ "type": "Feature", "properties": { "OBJECTID_1": 254, "TARGET_FID": "0", "NAME_DNP": "ต้นสักใหญ่", "CODE_DNP": 1103, "APAR_CODE": "11031010220001HKM4", "APAR_NO": "10102", "NUM_APAR": "20001", "SPAR_CODE": "11030001200009HKM4", "SPAR_NO": "00012", "NUM_SPAR": "00009", "PAR_BAN": "ห้วยคอม", "BAN_E": "HKM", "PAR_MOO": "4", "PAR_TAM": "น้ำไผ่", "PAR_AMP": "น้ำปาด", "PAR_PROV": "อุตรดิตถ์", "NAME_TITLE": "นาย", "SURNAME": "ลือแก้ว", "IDCARD": "3530400262169", "HOME_NO": "70/3", "HOME_BAN": "ห้วยคอม", "HOME_MOO": "4", "HOME_TAM": "น้ำไผ่", "HOME_AMP": "น้ำปาด", "HOME_PROV": "อุตรดิตถ์", "REMARK": null, "BAN_TYPE": 0, "YEAR": "2563", "NAME_DNP_T": "อุทยานแห่งชาติ", "E": 680302.0, "N": 1943416.0, "NAME": "สา", "PERIMETER": 416.58944289200002, "AREA_RAI": 5.2558097899799998, "RAI": 5.0, "NGAN": 1.0, "WA_SQ": 2.0, "OBJECTID": 255.0, "Area": 8409.2956639700005, "MUBAN": "ห้วยคอม", "TAMBOL": null, "HOME_BAN_E": null, "TAM_CODE": null, "TAM_NAM_T": "น้ำไผ่", "AMPHOE_T": "น้ำปาด", "AMPHOE_E": null, "PROV_CODE": null, "PROV_NAM_T": "อุตรดิตถ์", "PROV_NAM_E": null, "NAME_EN": null, "TAM_NAM_E": null, "Plot_No1": 1010220001.0000001, "Shape_Le_1": 417.80359824200002, "TARGET_F_1": 252.0, "Shape_Leng": 416.58945360600001, "Shape_Area": 8409.2967331199998, "Cal_Rai": 5.2558, "layer": "AP1103HKM04", "path": "/Users/ponteerasingto/project11/อุทยานแห่งชาติต้นสักใหญ่/ส่งกรม/Shapefile/1.SHAPEFILE/บ้านห้วยคอม/AP1103HKM04.shp" }, "geometry": { "type": "MultiPolygon", "coordinates": [ [ [ [ 100.699430008334033, 17.569922505470434 ], [ 100.699150457511877, 17.569678280168155 ], [ 100.698430495996291, 17.569539585124168 ], [ 100.69814975415197, 17.569437186667521 ], [ 100.698064983879888, 17.569502127921584 ], [ 100.699130957312192, 17.570617146989665 ], [ 100.699450313015205, 17.570179800583688 ], [ 100.699430008334033, 17.569922505470434 ] ] ] ] } },
{ "type": "Feature", "properties": { "OBJECTID_1": 255, "TARGET_FID": "0", "NAME_DNP": "ต้นสักใหญ่", "CODE_DNP": 1103, "APAR_CODE": "11031010320002HKM4", "APAR_NO": "10103", "NUM_APAR": "20002", "SPAR_CODE": "11030001200012HKM4", "SPAR_NO": "00012", "NUM_SPAR": "00012", "PAR_BAN": "ห้วยคอม", "BAN_E": "HKM", "PAR_MOO": "4", "PAR_TAM": "น้ำไผ่", "PAR_AMP": "น้ำปาด", "PAR_PROV": "อุตรดิตถ์", "NAME_TITLE": "นาง", "SURNAME": "มีเคน", "IDCARD": "3530400255472", "HOME_NO": "7/1", "HOME_BAN": "ห้วยคอม", "HOME_MOO": "4", "HOME_TAM": "น้ำไผ่", "HOME_AMP": "น้ำปาด", "HOME_PROV": "อุตรดิตถ์", "REMARK": null, "BAN_TYPE": 0, "YEAR": "2563", "NAME_DNP_T": "อุทยานแห่งชาติ", "E": 680150.0, "N": 1943101.0, "NAME": "หวา", "PERIMETER": 932.69291706700005, "AREA_RAI": 19.148025480899999, "RAI": 19.0, "NGAN": 0.0, "WA_SQ": 56.0, "OBJECTID": 256.0, "Area": 30636.840769400002, "MUBAN": "ห้วยคอม", "TAMBOL": null, "HOME_BAN_E": null, "TAM_CODE": null, "TAM_NAM_T": "น้ำไผ่", "AMPHOE_T": "น้ำปาด", "AMPHOE_E": null, "PROV_CODE": null, "PROV_NAM_T": "อุตรดิตถ์", "PROV_NAM_E": null, "NAME_EN": null, "TAM_NAM_E": null, "Plot_No1": 1010320002.0, "Shape_Le_1": 929.79647612400004, "TARGET_F_1": 255.0, "Shape_Leng": 932.69303230699995, "Shape_Area": 30636.839865999998, "Cal_Rai": 19.148, "layer": "AP1103HKM04", "path": "/Users/ponteerasingto/project11/อุทยานแห่งชาติต้นสักใหญ่/ส่งกรม/Shapefile/1.SHAPEFILE/บ้านห้วยคอม/AP1103HKM04.shp" }, "geometry": { "type": "MultiPolygon", "coordinates": [ [ [ [ 100.697848466965581, 17.56781882600739 ], [ 100.69791441337486, 17.567940617035759 ], [ 100.698079868245784, 17.567827819372784 ], [ 100.698662335676175, 17.567960812494167 ], [ 100.698862088987184, 17.567594909798061 ], [ 100.698696143517765, 17.567427529377671 ], [ 100.698505484069784, 17.566967901129441 ], [ 100.698093309633848, 17.566933919931085 ], [ 100.697710690557898, 17.56661497971578 ], [ 100.697604511380206, 17.566296664144986 ], [ 100.697419564147935, 17.566222917855647 ], [ 100.696581476348527, 17.566458334451767 ], [ 100.696320780107541, 17.566965677839125 ], [ 100.696755100082726, 17.56715396381955 ], [ 100.696653659315544, 17.567297714678766 ], [ 100.696783652206207, 17.567422362497503 ], [ 100.696405005773201, 17.567865083513627 ], [ 100.696800089405059, 17.568067814101433 ], [ 100.696951604479452, 17.567870660520452 ], [ 100.696994963579115, 17.567340700060353 ], [ 100.697380354062716, 17.567708077595736 ], [ 100.697848466965581, 17.56781882600739 ] ] ] ] } },
{ "type": "Feature", "properties": { "OBJECTID_1": 256, "TARGET_FID": "0", "NAME_DNP": "ต้นสักใหญ่", "CODE_DNP": 1103, "APAR_CODE": "11031010020002HKM4", "APAR_NO": "10100", "NUM_APAR": "20002", "SPAR_CODE": "11030001200005HKM4", "SPAR_NO": "00012", "NUM_SPAR": "00005", "PAR_BAN": "ห้วยคอม", "BAN_E": "HKM", "PAR_MOO": "4", "PAR_TAM": "น้ำไผ่", "PAR_AMP": "น้ำปาด", "PAR_PROV": "อุตรดิตถ์", "NAME_TITLE": "นาย", "SURNAME": "มีทา", "IDCARD": "1530400064476", "HOME_NO": "88/2", "HOME_BAN": "ห้วยคอม", "HOME_MOO": "4", "HOME_TAM": "น้ำไผ่", "HOME_AMP": "น้ำปาด", "HOME_PROV": "อุตรดิตถ์", "REMARK": null, "BAN_TYPE": 0, "YEAR": "2563", "NAME_DNP_T": "อุทยานแห่งชาติ", "E": 680477.0, "N": 1943931.0, "NAME": "สิทธิพร", "PERIMETER": 285.919196699, "AREA_RAI": 1.7641753607699999, "RAI": 1.0, "NGAN": 3.0, "WA_SQ": 4.0, "OBJECTID": 257.0, "Area": 2822.6805772399998, "MUBAN": "ห้วยคอม", "TAMBOL": null, "HOME_BAN_E": null, "TAM_CODE": null, "TAM_NAM_T": "น้ำไผ่", "AMPHOE_T": "น้ำปาด", "AMPHOE_E": null, "PROV_CODE": null, "PROV_NAM_T": "อุตรดิตถ์", "PROV_NAM_E": null, "NAME_EN": null, "TAM_NAM_E": null, "Plot_No1": 1010020002.0, "Shape_Le_1": 285.919196699, "TARGET_F_1": 248.0, "Shape_Leng": 285.919196699, "Shape_Area": 2822.6805772399998, "Cal_Rai": 1.7642, "layer": "AP1103HKM04", "path": "/Users/ponteerasingto/project11/อุทยานแห่งชาติต้นสักใหญ่/ส่งกรม/Shapefile/1.SHAPEFILE/บ้านห้วยคอม/AP1103HKM04.shp" }, "geometry": { "type": "MultiPolygon", "coordinates": [ [ [ [ 100.701156989985776, 17.574510657693516 ], [ 100.701070081678679, 17.574313259281947 ], [ 100.701011183004425, 17.574388104808648 ], [ 100.700821486644728, 17.57438973623864 ], [ 100.700096316634685, 17.574650705428798 ], [ 100.700084581279739, 17.574900811235281 ], [ 100.701156989985776, 17.574510657693516 ] ] ] ] } },
{ "type": "Feature", "properties": { "OBJECTID_1": 257, "TARGET_FID": "0", "NAME_DNP": "ต้นสักใหญ่", "CODE_DNP": 1103, "APAR_CODE": "11031010320003HKM4", "APAR_NO": "10103", "NUM_APAR": "20003", "SPAR_CODE": "11030001200011HKM4", "SPAR_NO": "00012", "NUM_SPAR": "00011", "PAR_BAN": "ห้วยคอม", "BAN_E": "HKM", "PAR_MOO": "4", "PAR_TAM": "น้ำไผ่", "PAR_AMP": "น้ำปาด", "PAR_PROV": "อุตรดิตถ์", "NAME_TITLE": "นาย", "SURNAME": "ลือแก้ว", "IDCARD": "3530400262185", "HOME_NO": "95/3", "HOME_BAN": "ห้วยคอม", "HOME_MOO": "4", "HOME_TAM": "น้ำไผ่", "HOME_AMP": "น้ำปาด", "HOME_PROV": "อุตรดิตถ์", "REMARK": null, "BAN_TYPE": 0, "YEAR": "2563", "NAME_DNP_T": "อุทยานแห่งชาติ", "E": 680169.0, "N": 1943184.0, "NAME": "สมเด็จ", "PERIMETER": 349.91582753199998, "AREA_RAI": 3.7701650547500001, "RAI": 3.0, "NGAN": 3.0, "WA_SQ": 8.0, "OBJECTID": 258.0, "Area": 6032.2640875899997, "MUBAN": "ห้วยคอม", "TAMBOL": null, "HOME_BAN_E": null, "TAM_CODE": null, "TAM_NAM_T": "น้ำไผ่", "AMPHOE_T": "น้ำปาด", "AMPHOE_E": null, "PROV_CODE": null, "PROV_NAM_T": "อุตรดิตถ์", "PROV_NAM_E": null, "NAME_EN": null, "TAM_NAM_E": null, "Plot_No1": 1010320003.0, "Shape_Le_1": 349.72724471599997, "TARGET_F_1": 254.0, "Shape_Leng": 349.91580305100001, "Shape_Area": 6032.2644158599996, "Cal_Rai": 3.7702, "layer": "AP1103HKM04", "path": "/Users/ponteerasingto/project11/อุทยานแห่งชาติต้นสักใหญ่/ส่งกรม/Shapefile/1.SHAPEFILE/บ้านห้วยคอม/AP1103HKM04.shp" }, "geometry": { "type": "MultiPolygon", "coordinates": [ [ [ [ 100.696800089405059, 17.568067814101433 ], [ 100.697329419175247, 17.568339429288876 ], [ 100.69791441337486, 17.567940617035759 ], [ 100.697848466965581, 17.56781882600739 ], [ 100.697380354062716, 17.567708077595736 ], [ 100.696994963579115, 17.567340700060353 ], [ 100.696951604479452, 17.567870660520452 ], [ 100.696800089405059, 17.568067814101433 ] ] ] ] } },
{ "type": "Feature", "properties": { "OBJECTID_1": 265, "TARGET_FID": "0", "NAME_DNP": "ต้นสักใหญ่", "CODE_DNP": 1103, "APAR_CODE": "11031011210013HNM5", "APAR_NO": "10112", "NUM_APAR": "10013", "SPAR_CODE": "11030001400047HNM5", "SPAR_NO": "00014", "NUM_SPAR": "00047", "PAR_BAN": "ห้วยเนียม", "BAN_E": "HNM", "PAR_MOO": "5", "PAR_TAM": "น้ำไผ่", "PAR_AMP": "น้ำปาด", "PAR_PROV": "อุตรดิตถ์", "NAME_TITLE": "นาง", "SURNAME": "โคทอง", "IDCARD": "3530400269104", "HOME_NO": "99", "HOME_BAN": "ห้วยเนียม", "HOME_MOO": "5", "HOME_TAM": "น้ำไผ่", "HOME_AMP": "น้ำปาด", "HOME_PROV": "อุตรดิตถ์", "REMARK": null, "BAN_TYPE": 0, "YEAR": "2563", "NAME_DNP_T": "อุทยานแห่งชาติ", "E": 674628.0, "N": 1940878.0, "NAME": "ภัทราพร", "PERIMETER": 368.58303412200002, "AREA_RAI": 5.3483982152099996, "RAI": 5.0, "NGAN": 1.0, "WA_SQ": 36.0, "OBJECTID": 266.0, "Area": 8557.4371443300006, "MUBAN": "ห้วยเนียม", "TAMBOL": null, "HOME_BAN_E": null, "TAM_CODE": null, "TAM_NAM_T": "น้ำไผ่", "AMPHOE_T": "น้ำปาด", "AMPHOE_E": null, "PROV_CODE": null, "PROV_NAM_T": "อุตรดิตถ์", "PROV_NAM_E": null, "NAME_EN": null, "TAM_NAM_E": null, "Plot_No1": 1011210013.0, "Shape_Le_1": 368.10880280100002, "TARGET_F_1": 313.0, "Shape_Leng": 368.58300332800002, "Shape_Area": 8557.43589445, "Cal_Rai": null, "layer": "AP1103HNM05", "path": "/Users/ponteerasingto/project11/อุทยานแห่งชาติต้นสักใหญ่/ส่งกรม/Shapefile/1.SHAPEFILE/บ้านห้วยเนียม/AP1103HNM05.shp" }, "geometry": { "type": "MultiPolygon", "coordinates": [ [ [ [ 100.644835661758648, 17.547814037102999 ], [ 100.645780998407957, 17.547904432470485 ], [ 100.645768412593654, 17.547305200945285 ], [ 100.644839052935723, 17.546989961089448 ], [ 100.644756315025134, 17.547072392308557 ], [ 100.644718032795296, 17.547425444538579 ], [ 100.644835661758648, 17.547814037102999 ] ] ] ] } },
{ "type": "Feature", "properties": { "OBJECTID_1": 266, "TARGET_FID": "0", "NAME_DNP": "ต้นสักใหญ่", "CODE_DNP": 1103, "APAR_CODE": "11031010710006HNM5", "APAR_NO": "10107", "NUM_APAR": "10006", "SPAR_CODE": "11030001400013HNM5", "SPAR_NO": "00014", "NUM_SPAR": "00013", "PAR_BAN": "ห้วยเนียม", "BAN_E": "HNM", "PAR_MOO": "5", "PAR_TAM": "น้ำไผ่", "PAR_AMP": "น้ำปาด", "PAR_PROV": "อุตรดิตถ์", "NAME_TITLE": "นางสาว", "SURNAME": "วงไชบุตร", "IDCARD": "3530400267306", "HOME_NO": "87", "HOME_BAN": "ห้วยเนียม", "HOME_MOO": "5", "HOME_TAM": "น้ำไผ่", "HOME_AMP": "น้ำปาด", "HOME_PROV": "อุตรดิตถ์", "REMARK": null, "BAN_TYPE": 0, "YEAR": "2563", "NAME_DNP_T": "อุทยานแห่งชาติ", "E": 677950.0, "N": 1939918.0, "NAME": "มลธิญา", "PERIMETER": 275.56871003600003, "AREA_RAI": 3.1972945472499998, "RAI": 3.0, "NGAN": 0.0, "WA_SQ": 76.0, "OBJECTID": 267.0, "Area": 5115.6712756099996, "MUBAN": "ห้วยเนียม", "TAMBOL": null, "HOME_BAN_E": null, "TAM_CODE": null, "TAM_NAM_T": "น้ำไผ่", "AMPHOE_T": "น้ำปาด", "AMPHOE_E": null, "PROV_CODE": null, "PROV_NAM_T": "อุตรดิตถ์", "PROV_NAM_E": null, "NAME_EN": null, "TAM_NAM_E": null, "Plot_No1": 1010710006.0, "Shape_Le_1": 275.230638312, "TARGET_F_1": 279.0, "Shape_Leng": 275.568710033, "Shape_Area": 5115.6712755500002, "Cal_Rai": null, "layer": "AP1103HNM05", "path": "/Users/ponteerasingto/project11/อุทยานแห่งชาติต้นสักใหญ่/ส่งกรม/Shapefile/1.SHAPEFILE/บ้านห้วยเนียม/AP1103HNM05.shp" }, "geometry": { "type": "MultiPolygon", "coordinates": [ [ [ [ 100.676434808048114, 17.539023029405655 ], [ 100.676780706528035, 17.538850887436599 ], [ 100.676679697339637, 17.538172426893357 ], [ 100.676498879897238, 17.538112608773307 ], [ 100.676153628937755, 17.538241958907914 ], [ 100.676122613698496, 17.538668382232959 ], [ 100.676434808048114, 17.539023029405655 ] ] ] ] } },
{ "type": "Feature", "properties": { "OBJECTID_1": 267, "TARGET_FID": "0", "NAME_DNP": "ต้นสักใหญ่", "CODE_DNP": 1103, "APAR_CODE": "11031010620006HNM5", "APAR_NO": "10106", "NUM_APAR": "20006", "SPAR_CODE": "11030001400006HNM5", "SPAR_NO": "00014", "NUM_SPAR": "00006", "PAR_BAN": "ห้วยเนียม", "BAN_E": "HNM", "PAR_MOO": "5", "PAR_TAM": "น้ำไผ่", "PAR_AMP": "น้ำปาด", "PAR_PROV": "อุตรดิตถ์", "NAME_TITLE": "นาง", "SURNAME": "พระวงษ์วัน", "IDCARD": "3530400302195", "HOME_NO": "75", "HOME_BAN": "ห้วยเนียม", "HOME_MOO": "5", "HOME_TAM": "น้ำไผ่", "HOME_AMP": "น้ำปาด", "HOME_PROV": "อุตรดิตถ์", "REMARK": null, "BAN_TYPE": 0, "YEAR": "2563", "NAME_DNP_T": "อุทยานแห่งชาติ", "E": 678559.0, "N": 1940497.0, "NAME": "เหรียญ", "PERIMETER": 370.692507702, "AREA_RAI": 2.6797950776200001, "RAI": 2.0, "NGAN": 2.0, "WA_SQ": 68.0, "OBJECTID": 268.0, "Area": 4287.6721242000003, "MUBAN": "ห้วยเนียม", "TAMBOL": null, "HOME_BAN_E": null, "TAM_CODE": null, "TAM_NAM_T": "น้ำไผ่", "AMPHOE_T": "น้ำปาด", "AMPHOE_E": null, "PROV_CODE": null, "PROV_NAM_T": "อุตรดิตถ์", "PROV_NAM_E": null, "NAME_EN": null, "TAM_NAM_E": null, "Plot_No1": 1010620006.0, "Shape_Le_1": 371.01322863799999, "TARGET_F_1": 271.0, "Shape_Leng": 370.69252569700001, "Shape_Area": 4287.6742610700003, "Cal_Rai": null, "layer": "AP1103HNM05", "path": "/Users/ponteerasingto/project11/อุทยานแห่งชาติต้นสักใหญ่/ส่งกรม/Shapefile/1.SHAPEFILE/บ้านห้วยเนียม/AP1103HNM05.shp" }, "geometry": { "type": "MultiPolygon", "coordinates": [ [ [ [ 100.681625225621289, 17.544200145774088 ], [ 100.682685697045898, 17.543697133504985 ], [ 100.682735452697955, 17.543164717972086 ], [ 100.682641104352385, 17.543147447746701 ], [ 100.682343725665973, 17.543583694470495 ], [ 100.681586100766438, 17.543950557084582 ], [ 100.681625225621289, 17.544200145774088 ] ] ] ] } },
{ "type": "Feature", "properties": { "OBJECTID_1": 268, "TARGET_FID": "0", "NAME_DNP": "ต้นสักใหญ่", "CODE_DNP": 1103, "APAR_CODE": "11031010720003HNM5", "APAR_NO": "10107", "NUM_APAR": "20003", "SPAR_CODE": "11030001400010HNM5", "SPAR_NO": "00014", "NUM_SPAR": "00010", "PAR_BAN": "ห้วยเนียม", "BAN_E": "HNM", "PAR_MOO": "5", "PAR_TAM": "น้ำไผ่", "PAR_AMP": "น้ำปาด", "PAR_PROV": "อุตรดิตถ์", "NAME_TITLE": "นาง", "SURNAME": "ปิดเพ็ง", "IDCARD": "3530400265451", "HOME_NO": "6/1", "HOME_BAN": "ห้วยเนียม", "HOME_MOO": "5", "HOME_TAM": "น้ำไผ่", "HOME_AMP": "น้ำปาด", "HOME_PROV": "อุตรดิตถ์", "REMARK": null, "BAN_TYPE": 0, "YEAR": "2563", "NAME_DNP_T": "อุทยานแห่งชาติ", "E": 678219.0, "N": 1940072.0, "NAME": "บัวเผียน", "PERIMETER": 593.80134062100001, "AREA_RAI": 14.133517084599999, "RAI": 14.0, "NGAN": 0.0, "WA_SQ": 52.0, "OBJECTID": 269.0, "Area": 22613.6273353, "MUBAN": "ห้วยเนียม", "TAMBOL": null, "HOME_BAN_E": null, "TAM_CODE": null, "TAM_NAM_T": "น้ำไผ่", "AMPHOE_T": "น้ำปาด", "AMPHOE_E": null, "PROV_CODE": null, "PROV_NAM_T": "อุตรดิตถ์", "PROV_NAM_E": null, "NAME_EN": null, "TAM_NAM_E": null, "Plot_No1": 1010720003.0, "Shape_Le_1": 593.80134062100001, "TARGET_F_1": 275.0, "Shape_Leng": 593.80134062100001, "Shape_Area": 22613.6273353, "Cal_Rai": null, "layer": "AP1103HNM05", "path": "/Users/ponteerasingto/project11/อุทยานแห่งชาติต้นสักใหญ่/ส่งกรม/Shapefile/1.SHAPEFILE/บ้านห้วยเนียม/AP1103HNM05.shp" }, "geometry": { "type": "MultiPolygon", "coordinates": [ [ [ [ 100.679956473262493, 17.540020692783418 ], [ 100.679768234276253, 17.539224571236936 ], [ 100.67821310770168, 17.539424387868536 ], [ 100.678199209577983, 17.540560926098905 ], [ 100.678749606724779, 17.540723746285348 ], [ 100.679956473262493, 17.540020692783418 ] ] ] ] } },
{ "type": "Feature", "properties": { "OBJECTID_1": 269, "TARGET_FID": "0", "NAME_DNP": "ต้นสักใหญ่", "CODE_DNP": 1103, "APAR_CODE": "11031010620007HNM5", "APAR_NO": "10106", "NUM_APAR": "20007", "SPAR_CODE": "11030001400007HNM5", "SPAR_NO": "00014", "NUM_SPAR": "00007", "PAR_BAN": "ห้วยเนียม", "BAN_E": "HNM", "PAR_MOO": "5", "PAR_TAM": "น้ำไผ่", "PAR_AMP": "น้ำปาด", "PAR_PROV": "อุตรดิตถ์", "NAME_TITLE": "นาง", "SURNAME": "ขิงหอม", "IDCARD": "3530400264897", "HOME_NO": "83", "HOME_BAN": "ห้วยเนียม", "HOME_MOO": "5", "HOME_TAM": "น้ำไผ่", "HOME_AMP": "น้ำปาด", "HOME_PROV": "อุตรดิตถ์", "REMARK": "สปก", "BAN_TYPE": 0, "YEAR": "2563", "NAME_DNP_T": "อุทยานแห่งชาติ", "E": 678502.0, "N": 1940490.0, "NAME": "ชยุดา", "PERIMETER": 616.48156661300004, "AREA_RAI": 8.3415194426799992, "RAI": 8.0, "NGAN": 1.0, "WA_SQ": 36.0, "OBJECTID": 270.0, "Area": 13346.431108299999, "MUBAN": "ห้วยเนียม", "TAMBOL": null, "HOME_BAN_E": null, "TAM_CODE": null, "TAM_NAM_T": "น้ำไผ่", "AMPHOE_T": "น้ำปาด", "AMPHOE_E": null, "PROV_CODE": null, "PROV_NAM_T": "อุตรดิตถ์", "PROV_NAM_E": null, "NAME_EN": null, "TAM_NAM_E": null, "Plot_No1": 1010620006.9999999, "Shape_Le_1": 616.23486766500002, "TARGET_F_1": 272.0, "Shape_Leng": 616.481548202, "Shape_Area": 13346.4309292, "Cal_Rai": null, "layer": "AP1103HNM05", "path": "/Users/ponteerasingto/project11/อุทยานแห่งชาติต้นสักใหญ่/ส่งกรม/Shapefile/1.SHAPEFILE/บ้านห้วยเนียม/AP1103HNM05.shp" }, "geometry": { "type": "MultiPolygon", "coordinates": [ [ [ [ 100.680846030633305, 17.544569736179234 ], [ 100.681625225621289, 17.544200145774088 ], [ 100.681586100766438, 17.543950557084582 ], [ 100.682343725665973, 17.543583694470495 ], [ 100.682641104352385, 17.543147447746701 ], [ 100.682382197715853, 17.542871870370899 ], [ 100.681193942967624, 17.543505854846181 ], [ 100.681309000259574, 17.543912055556742 ], [ 100.680675266026, 17.544256466363194 ], [ 100.680846030633305, 17.544569736179234 ] ] ] ] } },
{ "type": "Feature", "properties": { "OBJECTID_1": 270, "TARGET_FID": "0", "NAME_DNP": "ต้นสักใหญ่", "CODE_DNP": 1103, "APAR_CODE": "11031011120005HNM5", "APAR_NO": "10111", "NUM_APAR": "20005", "SPAR_CODE": "11030001400030HNM5", "SPAR_NO": "00014", "NUM_SPAR": "00030", "PAR_BAN": "ห้วยเนียม", "BAN_E": "HNM", "PAR_MOO": "5", "PAR_TAM": "น้ำไผ่", "PAR_AMP": "น้ำปาด", "PAR_PROV": "อุตรดิตถ์", "NAME_TITLE": "นาย", "SURNAME": "อุปวรรณ์", "IDCARD": "1530400035921", "HOME_NO": "68/1", "HOME_BAN": "ห้วยเนียม", "HOME_MOO": "5", "HOME_TAM": "น้ำไผ่", "HOME_AMP": "น้ำปาด", "HOME_PROV": "อุตรดิตถ์", "REMARK": null, "BAN_TYPE": 0, "YEAR": "2563", "NAME_DNP_T": "อุทยานแห่งชาติ", "E": 676805.0, "N": 1940296.0, "NAME": "วิทยา", "PERIMETER": 509.55118792500002, "AREA_RAI": 8.6366870198800001, "RAI": 8.0, "NGAN": 2.0, "WA_SQ": 52.0, "OBJECTID": 271.0, "Area": 13818.699231799999, "MUBAN": "ห้วยเนียม", "TAMBOL": null, "HOME_BAN_E": null, "TAM_CODE": null, "TAM_NAM_T": "น้ำไผ่", "AMPHOE_T": "น้ำปาด", "AMPHOE_E": null, "PROV_CODE": null, "PROV_NAM_T": "อุตรดิตถ์", "PROV_NAM_E": null, "NAME_EN": null, "TAM_NAM_E": null, "Plot_No1": 1011120005.0, "Shape_Le_1": 509.54342775600003, "TARGET_F_1": 296.0, "Shape_Leng": 509.55118871799999, "Shape_Area": 13818.7000876, "Cal_Rai": null, "layer": "AP1103HNM05", "path": "/Users/ponteerasingto/project11/อุทยานแห่งชาติต้นสักใหญ่/ส่งกรม/Shapefile/1.SHAPEFILE/บ้านห้วยเนียม/AP1103HNM05.shp" }, "geometry": { "type": "MultiPolygon", "coordinates": [ [ [ [ 100.666543691379218, 17.54226817301771 ], [ 100.666468327538553, 17.542064320729516 ], [ 100.666043601283505, 17.541968498211197 ], [ 100.665567079682845, 17.541358063033119 ], [ 100.665274846063596, 17.541381262653307 ], [ 100.664949964593717, 17.541416731420853 ], [ 100.665000038955299, 17.541812144314495 ], [ 100.665846115763713, 17.542856179196534 ], [ 100.666543691379218, 17.54226817301771 ] ] ] ] } },
{ "type": "Feature", "properties": { "OBJECTID_1": 271, "TARGET_FID": "0", "NAME_DNP": "ต้นสักใหญ่", "CODE_DNP": 1103, "APAR_CODE": "11031010620001HNM5", "APAR_NO": "10106", "NUM_APAR": "20001", "SPAR_CODE": "11030001400001HNM5", "SPAR_NO": "00014", "NUM_SPAR": "00001", "PAR_BAN": "ห้วยเนียม", "BAN_E": "HNM", "PAR_MOO": "5", "PAR_TAM": "น้ำไผ่", "PAR_AMP": "น้ำปาด", "PAR_PROV": "อุตรดิตถ์", "NAME_TITLE": "นาง", "SURNAME": "มาซิว", "IDCARD": "3530400264765", "HOME_NO": "76", "HOME_BAN": "ห้วยเนียม", "HOME_MOO": "5", "HOME_TAM": "น้ำไผ่", "HOME_AMP": "น้ำปาด", "HOME_PROV": "อุตรดิตถ์", "REMARK": null, "BAN_TYPE": 0, "YEAR": "2563", "NAME_DNP_T": "อุทยานแห่งชาติ", "E": 678492.0, "N": 1940839.0, "NAME": "แต๋ว", "PERIMETER": 290.43543034300001, "AREA_RAI": 2.9630780585999998, "RAI": 2.0, "NGAN": 3.0, "WA_SQ": 84.0, "OBJECTID": 272.0, "Area": 4740.9248937599996, "MUBAN": "ห้วยเนียม", "TAMBOL": null, "HOME_BAN_E": null, "TAM_CODE": null, "TAM_NAM_T": "น้ำไผ่", "AMPHOE_T": "น้ำปาด", "AMPHOE_E": null, "PROV_CODE": null, "PROV_NAM_T": "อุตรดิตถ์", "PROV_NAM_E": null, "NAME_EN": null, "TAM_NAM_E": null, "Plot_No1": 1010620001.0000001, "Shape_Le_1": 290.43543034300001, "TARGET_F_1": 266.0, "Shape_Leng": 290.43543034300001, "Shape_Area": 4740.9248937599996, "Cal_Rai": null, "layer": "AP1103HNM05", "path": "/Users/ponteerasingto/project11/อุทยานแห่งชาติต้นสักใหญ่/ส่งกรม/Shapefile/1.SHAPEFILE/บ้านห้วยเนียม/AP1103HNM05.shp" }, "geometry": { "type": "MultiPolygon", "coordinates": [ [ [ [ 100.681438495961018, 17.546537068774676 ], [ 100.681232416507854, 17.546504749493618 ], [ 100.681127434753336, 17.546894679278569 ], [ 100.681206787935608, 17.546945649180213 ], [ 100.68165070118836, 17.547077418080821 ], [ 100.682168210714224, 17.547018808013036 ], [ 100.682175460909079, 17.546783814371508 ], [ 100.681438495961018, 17.546537068774676 ] ] ] ] } },
{ "type": "Feature", "properties": { "OBJECTID_1": 272, "TARGET_FID": "0", "NAME_DNP": "ต้นสักใหญ่", "CODE_DNP": 1103, "APAR_CODE": "11031011120004HNM5", "APAR_NO": "10111", "NUM_APAR": "20004", "SPAR_CODE": "11030001400031HNM5", "SPAR_NO": "00014", "NUM_SPAR": "00031", "PAR_BAN": "ห้วยเนียม", "BAN_E": "HNM", "PAR_MOO": "5", "PAR_TAM": "น้ำไผ่", "PAR_AMP": "น้ำปาด", "PAR_PROV": "อุตรดิตถ์", "NAME_TITLE": "นาง", "SURNAME": "คำยะอุ่น", "IDCARD": "3530400267501", "HOME_NO": "42", "HOME_BAN": "ห้วยเนียม", "HOME_MOO": "5", "HOME_TAM": "น้ำไผ่", "HOME_AMP": "น้ำปาด", "HOME_PROV": "อุตรดิตถ์", "REMARK": null, "BAN_TYPE": 0, "YEAR": "2563", "NAME_DNP_T": "อุทยานแห่งชาติ", "E": 676654.0, "N": 1940264.0, "NAME": "มาลากุล", "PERIMETER": 584.71371359, "AREA_RAI": 11.850987676200001, "RAI": 11.0, "NGAN": 3.0, "WA_SQ": 40.0, "OBJECTID": 273.0, "Area": 18961.580281899998, "MUBAN": "ห้วยเนียม", "TAMBOL": null, "HOME_BAN_E": null, "TAM_CODE": null, "TAM_NAM_T": "น้ำไผ่", "AMPHOE_T": "น้ำปาด", "AMPHOE_E": null, "PROV_CODE": null, "PROV_NAM_T": "อุตรดิตถ์", "PROV_NAM_E": null, "NAME_EN": null, "TAM_NAM_E": null, "Plot_No1": 1011120003.9999999, "Shape_Le_1": 584.71371359, "TARGET_F_1": 297.0, "Shape_Leng": 584.71371359, "Shape_Area": 18961.580281899998, "Cal_Rai": null, "layer": "AP1103HNM05", "path": "/Users/ponteerasingto/project11/อุทยานแห่งชาติต้นสักใหญ่/ส่งกรม/Shapefile/1.SHAPEFILE/บ้านห้วยเนียม/AP1103HNM05.shp" }, "geometry": { "type": "MultiPolygon", "coordinates": [ [ [ [ 100.664949964593717, 17.541416731420853 ], [ 100.664536000085064, 17.541472000436006 ], [ 100.66432800037407, 17.541082000201964 ], [ 100.663940000124512, 17.540991000371822 ], [ 100.663480999615729, 17.541082999629218 ], [ 100.663523000015843, 17.541547000365647 ], [ 100.66399300038772, 17.542267000241885 ], [ 100.664695388644688, 17.542805197644441 ], [ 100.665000038955299, 17.541812144314495 ], [ 100.664949964593717, 17.541416731420853 ] ] ] ] } },
{ "type": "Feature", "properties": { "OBJECTID_1": 273, "TARGET_FID": "0", "NAME_DNP": "ต้นสักใหญ่", "CODE_DNP": 1103, "APAR_CODE": "11031011120003HNM5", "APAR_NO": "10111", "NUM_APAR": "20003", "SPAR_CODE": "11030001400032HNM5", "SPAR_NO": "00014", "NUM_SPAR": "00032", "PAR_BAN": "ห้วยเนียม", "BAN_E": "HNM", "PAR_MOO": "5", "PAR_TAM": "น้ำไผ่", "PAR_AMP": "น้ำปาด", "PAR_PROV": "อุตรดิตถ์", "NAME_TITLE": "นาย", "SURNAME": "อุปวรรณ์", "IDCARD": "3530400266261", "HOME_NO": "67", "HOME_BAN": "ห้วยเนียม", "HOME_MOO": "5", "HOME_TAM": "น้ำไผ่", "HOME_AMP": "น้ำปาด", "HOME_PROV": "อุตรดิตถ์", "REMARK": null, "BAN_TYPE": 0, "YEAR": "2563", "NAME_DNP_T": "อุทยานแห่งชาติ", "E": 676616.0, "N": 1940419.0, "NAME": "มงคล", "PERIMETER": 622.11921653700006, "AREA_RAI": 13.7806888887, "RAI": 13.0, "NGAN": 3.0, "WA_SQ": 12.0, "OBJECTID": 274.0, "Area": 22049.102221900001, "MUBAN": "ห้วยเนียม", "TAMBOL": null, "HOME_BAN_E": null, "TAM_CODE": null, "TAM_NAM_T": "น้ำไผ่", "AMPHOE_T": "น้ำปาด", "AMPHOE_E": null, "PROV_CODE": null, "PROV_NAM_T": "อุตรดิตถ์", "PROV_NAM_E": null, "NAME_EN": null, "TAM_NAM_E": null, "Plot_No1": 1011120003.0, "Shape_Le_1": 622.11921653700006, "TARGET_F_1": 298.0, "Shape_Leng": 622.11921653700006, "Shape_Area": 22049.102221900001, "Cal_Rai": null, "layer": "AP1103HNM05", "path": "/Users/ponteerasingto/project11/อุทยานแห่งชาติต้นสักใหญ่/ส่งกรม/Shapefile/1.SHAPEFILE/บ้านห้วยเนียม/AP1103HNM05.shp" }, "geometry": { "type": "MultiPolygon", "coordinates": [ [ [ [ 100.663535680055872, 17.543994315990126 ], [ 100.664176811343623, 17.544120900047677 ], [ 100.664239027486488, 17.544292755536375 ], [ 100.664695388644688, 17.542805197644441 ], [ 100.663507955911783, 17.542168716906566 ], [ 100.663265625217335, 17.542457709192838 ], [ 100.663386409077646, 17.542938784095508 ], [ 100.663334351324394, 17.543427161073073 ], [ 100.663535680055872, 17.543994315990126 ] ] ] ] } },
{ "type": "Feature", "properties": { "OBJECTID_1": 274, "TARGET_FID": "0", "NAME_DNP": "ต้นสักใหญ่", "CODE_DNP": 1103, "APAR_CODE": "11031011120002HNM5", "APAR_NO": "10111", "NUM_APAR": "20002", "SPAR_CODE": "11030001400033HNM5", "SPAR_NO": "00014", "NUM_SPAR": "00033", "PAR_BAN": "ห้วยเนียม", "BAN_E": "HNM", "PAR_MOO": "5", "PAR_TAM": "น้ำไผ่", "PAR_AMP": "น้ำปาด", "PAR_PROV": "อุตรดิตถ์", "NAME_TITLE": "นาย", "SURNAME": "อุปวัน", "IDCARD": "3530400266351", "HOME_NO": "82", "HOME_BAN": "ห้วยเนียม", "HOME_MOO": "5", "HOME_TAM": "น้ำไผ่", "HOME_AMP": "น้ำปาด", "HOME_PROV": "อุตรดิตถ์", "REMARK": null, "BAN_TYPE": 0, "YEAR": "2563", "NAME_DNP_T": "อุทยานแห่งชาติ", "E": 676594.0, "N": 1940577.0, "NAME": "ที่รัก", "PERIMETER": 419.38194988499998, "AREA_RAI": 6.6585488508099999, "RAI": 6.0, "NGAN": 2.0, "WA_SQ": 60.0, "OBJECTID": 275.0, "Area": 10653.6781613, "MUBAN": "ห้วยเนียม", "TAMBOL": null, "HOME_BAN_E": null, "TAM_CODE": null, "TAM_NAM_T": "น้ำไผ่", "AMPHOE_T": "น้ำปาด", "AMPHOE_E": null, "PROV_CODE": null, "PROV_NAM_T": "อุตรดิตถ์", "PROV_NAM_E": null, "NAME_EN": null, "TAM_NAM_E": null, "Plot_No1": 1011120002.0, "Shape_Le_1": 419.38194988499998, "TARGET_F_1": 299.0, "Shape_Leng": 419.38194988499998, "Shape_Area": 10653.6781613, "Cal_Rai": null, "layer": "AP1103HNM05", "path": "/Users/ponteerasingto/project11/อุทยานแห่งชาติต้นสักใหญ่/ส่งกรม/Shapefile/1.SHAPEFILE/บ้านห้วยเนียม/AP1103HNM05.shp" }, "geometry": { "type": "MultiPolygon", "coordinates": [ [ [ [ 100.664176811343623, 17.544120900047677 ], [ 100.663535680055872, 17.543994315990126 ], [ 100.663135806718657, 17.544727151173731 ], [ 100.663898619267073, 17.545402336620761 ], [ 100.664239027486488, 17.544292755536375 ], [ 100.664176811343623, 17.544120900047677 ] ] ] ] } },
{ "type": "Feature", "properties": { "OBJECTID_1": 275, "TARGET_FID": "0", "NAME_DNP": "ต้นสักใหญ่", "CODE_DNP": 1103, "APAR_CODE": "11031011120001HNM5", "APAR_NO": "10111", "NUM_APAR": "20001", "SPAR_CODE": "11030001400034HNM5", "SPAR_NO": "00014", "NUM_SPAR": "00034", "PAR_BAN": "ห้วยเนียม", "BAN_E": "HNM", "PAR_MOO": "5", "PAR_TAM": "น้ำไผ่", "PAR_AMP": "น้ำปาด", "PAR_PROV": "อุตรดิตถ์", "NAME_TITLE": "นาย", "SURNAME": "มิยา", "IDCARD": "3530400252058", "HOME_NO": "32", "HOME_BAN": "ห้วยเนียม", "HOME_MOO": "5", "HOME_TAM": "น้ำไผ่", "HOME_AMP": "น้ำปาด", "HOME_PROV": "อุตรดิตถ์", "REMARK": null, "BAN_TYPE": 0, "YEAR": "2563", "NAME_DNP_T": "อุทยานแห่งชาติ", "E": 676563.0, "N": 1940740.0, "NAME": "สุรรณา", "PERIMETER": 370.72915451400002, "AREA_RAI": 4.2509800112200002, "RAI": 4.0, "NGAN": 1.0, "WA_SQ": 0.0, "OBJECTID": 276.0, "Area": 6801.5680179499996, "MUBAN": "ห้วยเนียม", "TAMBOL": null, "HOME_BAN_E": null, "TAM_CODE": null, "TAM_NAM_T": "น้ำไผ่", "AMPHOE_T": "น้ำปาด", "AMPHOE_E": null, "PROV_CODE": null, "PROV_NAM_T": "อุตรดิตถ์", "PROV_NAM_E": null, "NAME_EN": null, "TAM_NAM_E": null, "Plot_No1": 1011120001.0000001, "Shape_Le_1": 370.72915451400002, "TARGET_F_1": 300.0, "Shape_Leng": 370.72915451400002, "Shape_Area": 6801.5680179499996, "Cal_Rai": null, "layer": "AP1103HNM05", "path": "/Users/ponteerasingto/project11/อุทยานแห่งชาติต้นสักใหญ่/ส่งกรม/Shapefile/1.SHAPEFILE/บ้านห้วยเนียม/AP1103HNM05.shp" }, "geometry": { "type": "MultiPolygon", "coordinates": [ [ [ [ 100.663878852785857, 17.545466768842516 ], [ 100.663395075715528, 17.545545163652676 ], [ 100.66320617312509, 17.545841644561456 ], [ 100.663119079329007, 17.546619465146645 ], [ 100.663451108543043, 17.5467910373957 ], [ 100.66351589062198, 17.54664985279808 ], [ 100.663878852785857, 17.545466768842516 ] ] ] ] } },
{ "type": "Feature", "properties": { "OBJECTID_1": 276, "TARGET_FID": "0", "NAME_DNP": "ต้นสักใหญ่", "CODE_DNP": 1103, "APAR_CODE": "11031011220004HNM5", "APAR_NO": "10112", "NUM_APAR": "20004", "SPAR_CODE": "11030001400038HNM5", "SPAR_NO": "00014", "NUM_SPAR": "00038", "PAR_BAN": "ห้วยเนียม", "BAN_E": "HNM", "PAR_MOO": "5", "PAR_TAM": "น้ำไผ่", "PAR_AMP": "น้ำปาด", "PAR_PROV": "อุตรดิตถ์", "NAME_TITLE": "นางสาว", "SURNAME": "บรรจง", "IDCARD": "3530400267608", "HOME_NO": "30", "HOME_BAN": "ห้วยเนียม", "HOME_MOO": "5", "HOME_TAM": "น้ำไผ่", "HOME_AMP": "น้ำปาด", "HOME_PROV": "อุตรดิตถ์", "REMARK": null, "BAN_TYPE": 0, "YEAR": "2563", "NAME_DNP_T": "อุทยานแห่งชาติ", "E": 675663.0, "N": 1941130.0, "NAME": "แจ่ม", "PERIMETER": 543.06613192899999, "AREA_RAI": 9.9050796289700003, "RAI": 9.0, "NGAN": 3.0, "WA_SQ": 60.0, "OBJECTID": 277.0, "Area": 15848.127406400001, "MUBAN": "ห้วยเนียม", "TAMBOL": null, "HOME_BAN_E": null, "TAM_CODE": null, "TAM_NAM_T": "น้ำไผ่", "AMPHOE_T": "น้ำปาด", "AMPHOE_E": null, "PROV_CODE": null, "PROV_NAM_T": "อุตรดิตถ์", "PROV_NAM_E": null, "NAME_EN": null, "TAM_NAM_E": null, "Plot_No1": 1011220003.9999999, "Shape_Le_1": 545.962855977, "TARGET_F_1": 304.0, "Shape_Leng": 543.06614852099995, "Shape_Area": 15848.1287696, "Cal_Rai": null, "layer": "AP1103HNM05", "path": "/Users/ponteerasingto/project11/อุทยานแห่งชาติต้นสักใหญ่/ส่งกรม/Shapefile/1.SHAPEFILE/บ้านห้วยเนียม/AP1103HNM05.shp" }, "geometry": { "type": "MultiPolygon", "coordinates": [ [ [ [ 100.655573000202949, 17.549358000209811 ], [ 100.65460026312401, 17.548742305447121 ], [ 100.654599022640994, 17.549258539693444 ], [ 100.654268007335247, 17.549922651036603 ], [ 100.655522997604507, 17.550540462851504 ], [ 100.655573000202949, 17.549358000209811 ] ] ] ] } },
{ "type": "Feature", "properties": { "OBJECTID_1": 277, "TARGET_FID": "0", "NAME_DNP": "ต้นสักใหญ่", "CODE_DNP": 1103, "APAR_CODE": "11031011220007HNM5", "APAR_NO": "10112", "NUM_APAR": "20007", "SPAR_CODE": "11030001400041HNM5", "SPAR_NO": "00014", "NUM_SPAR": "00041", "PAR_BAN": "ห้วยเนียม", "BAN_E": "HNM", "PAR_MOO": "5", "PAR_TAM": "น้ำไผ่", "PAR_AMP": "น้ำปาด", "PAR_PROV": "อุตรดิตถ์", "NAME_TITLE": "นาย", "SURNAME": "บรรจง", "IDCARD": "3530400267594", "HOME_NO": "30/1", "HOME_BAN": "ห้วยเนียม", "HOME_MOO": "5", "HOME_TAM": "น้ำไผ่", "HOME_AMP": "น้ำปาด", "HOME_PROV": "อุตรดิตถ์", "REMARK": null, "BAN_TYPE": 0, "YEAR": "2563", "NAME_DNP_T": "อุทยานแห่งชาติ", "E": 675350.0, "N": 1940846.0, "NAME": "ฟื้น", "PERIMETER": 274.92855728199999, "AREA_RAI": 3.3801961465399999, "RAI": 3.0, "NGAN": 1.0, "WA_SQ": 52.0, "OBJECTID": 278.0, "Area": 5408.3138344700001, "MUBAN": "ห้วยเนียม", "TAMBOL": null, "HOME_BAN_E": null, "TAM_CODE": null, "TAM_NAM_T": "น้ำไผ่", "AMPHOE_T": "น้ำปาด", "AMPHOE_E": null, "PROV_CODE": null, "PROV_NAM_T": "อุตรดิตถ์", "PROV_NAM_E": null, "NAME_EN": null, "TAM_NAM_E": null, "Plot_No1": 1011220006.9999999, "Shape_Le_1": 274.97393489500001, "TARGET_F_1": 307.0, "Shape_Leng": 274.92853132200003, "Shape_Area": 5408.31205649, "Cal_Rai": null, "layer": "AP1103HNM05", "path": "/Users/ponteerasingto/project11/อุทยานแห่งชาติต้นสักใหญ่/ส่งกรม/Shapefile/1.SHAPEFILE/บ้านห้วยเนียม/AP1103HNM05.shp" }, "geometry": { "type": "MultiPolygon", "coordinates": [ [ [ [ 100.652142000100312, 17.547511000269157 ], [ 100.652418749600429, 17.547345921158421 ], [ 100.652461874394845, 17.546976677280295 ], [ 100.652155918914332, 17.546791748103388 ], [ 100.651657000314501, 17.546868000238391 ], [ 100.651595368383724, 17.547226069115204 ], [ 100.651854000012676, 17.547419000339609 ], [ 100.652142000100312, 17.547511000269157 ] ] ] ] } },
{ "type": "Feature", "properties": { "OBJECTID_1": 278, "TARGET_FID": "0", "NAME_DNP": "ต้นสักใหญ่", "CODE_DNP": 1103, "APAR_CODE": "11031011220006HNM5", "APAR_NO": "10112", "NUM_APAR": "20006", "SPAR_CODE": "11030001400040HNM5", "SPAR_NO": "00014", "NUM_SPAR": "00040", "PAR_BAN": "ห้วยเนียม", "BAN_E": "HNM", "PAR_MOO": "5", "PAR_TAM": "น้ำไผ่", "PAR_AMP": "น้ำปาด", "PAR_PROV": "อุตรดิตถ์", "NAME_TITLE": "นาง", "SURNAME": "วงษ์ไชบุตร", "IDCARD": "3530400260611", "HOME_NO": "25/2", "HOME_BAN": "ห้วยเนียม", "HOME_MOO": "5", "HOME_TAM": "น้ำไผ่", "HOME_AMP": "น้ำปาด", "HOME_PROV": "อุตรดิตถ์", "REMARK": null, "BAN_TYPE": 0, "YEAR": "2563", "NAME_DNP_T": "อุทยานแห่งชาติ", "E": 675351.0, "N": 1940955.0, "NAME": "ไล้", "PERIMETER": 517.88873977900005, "AREA_RAI": 9.7088298587599997, "RAI": 9.0, "NGAN": 2.0, "WA_SQ": 80.0, "OBJECTID": 279.0, "Area": 15534.127774, "MUBAN": "ห้วยเนียม", "TAMBOL": null, "HOME_BAN_E": null, "TAM_CODE": null, "TAM_NAM_T": "น้ำไผ่", "AMPHOE_T": "น้ำปาด", "AMPHOE_E": null, "PROV_CODE": null, "PROV_NAM_T": "อุตรดิตถ์", "PROV_NAM_E": null, "NAME_EN": null, "TAM_NAM_E": null, "Plot_No1": 1011220006.0, "Shape_Le_1": 518.26142696099998, "TARGET_F_1": 306.0, "Shape_Leng": 517.88875042400002, "Shape_Area": 15534.129924299999, "Cal_Rai": null, "layer": "AP1103HNM05", "path": "/Users/ponteerasingto/project11/อุทยานแห่งชาติต้นสักใหญ่/ส่งกรม/Shapefile/1.SHAPEFILE/บ้านห้วยเนียม/AP1103HNM05.shp" }, "geometry": { "type": "MultiPolygon", "coordinates": [ [ [ [ 100.652740901837177, 17.547557452064744 ], [ 100.652418749600429, 17.547345921158421 ], [ 100.652142000100312, 17.547511000269157 ], [ 100.651854000012676, 17.547419000339609 ], [ 100.651320232931738, 17.548569311340888 ], [ 100.652240248353763, 17.548955780693575 ], [ 100.652740901837177, 17.547557452064744 ] ] ] ] } },
{ "type": "Feature", "properties": { "OBJECTID_1": 279, "TARGET_FID": "0", "NAME_DNP": "ต้นสักใหญ่", "CODE_DNP": 1103, "APAR_CODE": "11031011220009HNM5", "APAR_NO": "10112", "NUM_APAR": "20009", "SPAR_CODE": "11030001400043HNM5", "SPAR_NO": "00014", "NUM_SPAR": "00043", "PAR_BAN": "ห้วยเนียม", "BAN_E": "HNM", "PAR_MOO": "5", "PAR_TAM": "น้ำไผ่", "PAR_AMP": "น้ำปาด", "PAR_PROV": "อุตรดิตถ์", "NAME_TITLE": "นาย", "SURNAME": "มะลิวงษ์", "IDCARD": "3530400266059", "HOME_NO": "86", "HOME_BAN": "ห้วยเนียม", "HOME_MOO": "5", "HOME_TAM": "น้ำไผ่", "HOME_AMP": "น้ำปาด", "HOME_PROV": "อุตรดิตถ์", "REMARK": null, "BAN_TYPE": 0, "YEAR": "2563", "NAME_DNP_T": "อุทยานแห่งชาติ", "E": 675136.0, "N": 1940861.0, "NAME": "วิทูร", "PERIMETER": 619.79679516700003, "AREA_RAI": 15.395539852400001, "RAI": 15.0, "NGAN": 1.0, "WA_SQ": 56.0, "OBJECTID": 280.0, "Area": 24632.8637638, "MUBAN": "ห้วยเนียม", "TAMBOL": null, "HOME_BAN_E": null, "TAM_CODE": null, "TAM_NAM_T": "น้ำไผ่", "AMPHOE_T": "น้ำปาด", "AMPHOE_E": null, "PROV_CODE": null, "PROV_NAM_T": "อุตรดิตถ์", "PROV_NAM_E": null, "NAME_EN": null, "TAM_NAM_E": null, "Plot_No1": 1011220009.0000001, "Shape_Le_1": 620.15986976600004, "TARGET_F_1": 309.0, "Shape_Leng": 619.79683501700003, "Shape_Area": 24632.867820200001, "Cal_Rai": null, "layer": "AP1103HNM05", "path": "/Users/ponteerasingto/project11/อุทยานแห่งชาติต้นสักใหญ่/ส่งกรม/Shapefile/1.SHAPEFILE/บ้านห้วยเนียม/AP1103HNM05.shp" }, "geometry": { "type": "MultiPolygon", "coordinates": [ [ [ [ 100.650885317648132, 17.546812179180179 ], [ 100.649855592582242, 17.546434759580823 ], [ 100.648858280931321, 17.547535092322612 ], [ 100.65036462775295, 17.548167884896742 ], [ 100.650898835200422, 17.547375590032924 ], [ 100.650885317648132, 17.546812179180179 ] ] ] ] } },
{ "type": "Feature", "properties": { "OBJECTID_1": 280, "TARGET_FID": "0", "NAME_DNP": "ต้นสักใหญ่", "CODE_DNP": 1103, "APAR_CODE": "11031011220010HNM5", "APAR_NO": "10112", "NUM_APAR": "20010", "SPAR_CODE": "11030001400044HNM5", "SPAR_NO": "00014", "NUM_SPAR": "00044", "PAR_BAN": "ห้วยเนียม", "BAN_E": "HNM", "PAR_MOO": "5", "PAR_TAM": "น้ำไผ่", "PAR_AMP": "น้ำปาด", "PAR_PROV": "อุตรดิตถ์", "NAME_TITLE": "นาย", "SURNAME": "วงษ์ไชบุตร", "IDCARD": "3530400267284", "HOME_NO": "25/1", "HOME_BAN": "ห้วยเนียม", "HOME_MOO": "5", "HOME_TAM": "น้ำไผ่", "HOME_AMP": "น้ำปาด", "HOME_PROV": "อุตรดิตถ์", "REMARK": null, "BAN_TYPE": 0, "YEAR": "2563", "NAME_DNP_T": "อุทยานแห่งชาติ", "E": 675024.0, "N": 1940806.0, "NAME": "บุญทัน", "PERIMETER": 505.90830523099999, "AREA_RAI": 8.7634934826199995, "RAI": 8.0, "NGAN": 3.0, "WA_SQ": 4.0, "OBJECTID": 281.0, "Area": 14021.5895722, "MUBAN": "ห้วยเนียม", "TAMBOL": null, "HOME_BAN_E": null, "TAM_CODE": null, "TAM_NAM_T": "น้ำไผ่", "AMPHOE_T": "น้ำปาด", "AMPHOE_E": null, "PROV_CODE": null, "PROV_NAM_T": "อุตรดิตถ์", "PROV_NAM_E": null, "NAME_EN": null, "TAM_NAM_E": null, "Plot_No1": 1011220010.0, "Shape_Le_1": 506.18239818000001, "TARGET_F_1": 310.0, "Shape_Leng": 505.908291152, "Shape_Area": 14021.5881443, "Cal_Rai": null, "layer": "AP1103HNM05", "path": "/Users/ponteerasingto/project11/อุทยานแห่งชาติต้นสักใหญ่/ส่งกรม/Shapefile/1.SHAPEFILE/บ้านห้วยเนียม/AP1103HNM05.shp" }, "geometry": { "type": "MultiPolygon", "coordinates": [ [ [ [ 100.649855592582242, 17.546434759580823 ], [ 100.648771521462422, 17.546131855501738 ], [ 100.648443549270198, 17.546724340189289 ], [ 100.648284034739049, 17.54747432826905 ], [ 100.648524146150791, 17.5473947251472 ], [ 100.648858280931321, 17.547535092322612 ], [ 100.649855592582242, 17.546434759580823 ] ] ] ] } },
{ "type": "Feature", "properties": { "OBJECTID_1": 281, "TARGET_FID": "0", "NAME_DNP": "ต้นสักใหญ่", "CODE_DNP": 1103, "APAR_CODE": "11031011220011HNM5", "APAR_NO": "10112", "NUM_APAR": "20011", "SPAR_CODE": "11030001400045HNM5", "SPAR_NO": "00014", "NUM_SPAR": "00045", "PAR_BAN": "ห้วยเนียม", "BAN_E": "HNM", "PAR_MOO": "5", "PAR_TAM": "น้ำไผ่", "PAR_AMP": "น้ำปาด", "PAR_PROV": "อุตรดิตถ์", "NAME_TITLE": "นาง", "SURNAME": "คำปาน", "IDCARD": "3530400265559", "HOME_NO": "96", "HOME_BAN": "ห้วยเนียม", "HOME_MOO": "5", "HOME_TAM": "น้ำไผ่", "HOME_AMP": "น้ำปาด", "HOME_PROV": "อุตรดิตถ์", "REMARK": null, "BAN_TYPE": 0, "YEAR": "2563", "NAME_DNP_T": "อุทยานแห่งชาติ", "E": 674874.0, "N": 1940814.0, "NAME": "จันทร์แรม", "PERIMETER": 776.503780796, "AREA_RAI": 19.609484821199999, "RAI": 19.0, "NGAN": 2.0, "WA_SQ": 40.0, "OBJECTID": 282.0, "Area": 31375.175714000001, "MUBAN": "ห้วยเนียม", "TAMBOL": null, "HOME_BAN_E": null, "TAM_CODE": null, "TAM_NAM_T": "น้ำไผ่", "AMPHOE_T": "น้ำปาด", "AMPHOE_E": null, "PROV_CODE": null, "PROV_NAM_T": "อุตรดิตถ์", "PROV_NAM_E": null, "NAME_EN": null, "TAM_NAM_E": null, "Plot_No1": 1011220011.0, "Shape_Le_1": 776.503780796, "TARGET_F_1": 311.0, "Shape_Leng": 776.503780796, "Shape_Area": 31375.175714000001, "Cal_Rai": null, "layer": "AP1103HNM05", "path": "/Users/ponteerasingto/project11/อุทยานแห่งชาติต้นสักใหญ่/ส่งกรม/Shapefile/1.SHAPEFILE/บ้านห้วยเนียม/AP1103HNM05.shp" }, "geometry": { "type": "MultiPolygon", "coordinates": [ [ [ [ 100.648284034739049, 17.54747432826905 ], [ 100.648305999648102, 17.546519999676697 ], [ 100.648470945287528, 17.546052942442618 ], [ 100.648614171066356, 17.545647384944395 ], [ 100.64728205870189, 17.546245807397256 ], [ 100.646666533568208, 17.546498467583042 ], [ 100.646716772404019, 17.547993908805513 ], [ 100.648284034739049, 17.54747432826905 ] ] ] ] } },
{ "type": "Feature", "properties": { "OBJECTID_1": 282, "TARGET_FID": "0", "NAME_DNP": "ต้นสักใหญ่", "CODE_DNP": 1103, "APAR_CODE": "11031010620002HNM5", "APAR_NO": "10106", "NUM_APAR": "20002", "SPAR_CODE": "11030001400002HNM5", "SPAR_NO": "00014", "NUM_SPAR": "00002", "PAR_BAN": "ห้วยเนียม", "BAN_E": "HNM", "PAR_MOO": "5", "PAR_TAM": "น้ำไผ่", "PAR_AMP": "น้ำปาด", "PAR_PROV": "อุตรดิตถ์", "NAME_TITLE": "นาย", "SURNAME": "คำไวย์", "IDCARD": "3530400250331", "HOME_NO": "66", "HOME_BAN": "ห้วยเนียม", "HOME_MOO": "5", "HOME_TAM": "น้ำไผ่", "HOME_AMP": "น้ำปาด", "HOME_PROV": "อุตรดิตถ์", "REMARK": null, "BAN_TYPE": 0, "YEAR": "2563", "NAME_DNP_T": "อุทยานแห่งชาติ", "E": 678546.0, "N": 1940729.0, "NAME": "ไข่", "PERIMETER": 568.28583597299996, "AREA_RAI": 9.7179321807499992, "RAI": 9.0, "NGAN": 2.0, "WA_SQ": 84.0, "OBJECTID": 283.0, "Area": 15548.6914892, "MUBAN": "ห้วยเนียม", "TAMBOL": null, "HOME_BAN_E": null, "TAM_CODE": null, "TAM_NAM_T": "น้ำไผ่", "AMPHOE_T": "น้ำปาด", "AMPHOE_E": null, "PROV_CODE": null, "PROV_NAM_T": "อุตรดิตถ์", "PROV_NAM_E": null, "NAME_EN": null, "TAM_NAM_E": null, "Plot_No1": 1010620002.0, "Shape_Le_1": 568.28583597299996, "TARGET_F_1": 267.0, "Shape_Leng": 568.28583597299996, "Shape_Area": 15548.6914892, "Cal_Rai": null, "layer": "AP1103HNM05", "path": "/Users/ponteerasingto/project11/อุทยานแห่งชาติต้นสักใหญ่/ส่งกรม/Shapefile/1.SHAPEFILE/บ้านห้วยเนียม/AP1103HNM05.shp" }, "geometry": { "type": "MultiPolygon", "coordinates": [ [ [ [ 100.683356958954548, 17.546209299048407 ], [ 100.681910589618198, 17.545094270866407 ], [ 100.681543353114975, 17.545349813662288 ], [ 100.681297514528765, 17.54626295317231 ], [ 100.683356958954548, 17.546209299048407 ] ] ] ] } },
{ "type": "Feature", "properties": { "OBJECTID_1": 283, "TARGET_FID": "0", "NAME_DNP": "ต้นสักใหญ่", "CODE_DNP": 1103, "APAR_CODE": "11031010620003HNM5", "APAR_NO": "10106", "NUM_APAR": "20003", "SPAR_CODE": "11030001400003HNM5", "SPAR_NO": "00014", "NUM_SPAR": "00003", "PAR_BAN": "ห้วยเนียม", "BAN_E": "HNM", "PAR_MOO": "5", "PAR_TAM": "น้ำไผ่", "PAR_AMP": "น้ำปาด", "PAR_PROV": "อุตรดิตถ์", "NAME_TITLE": "นาง", "SURNAME": "พากันหา", "IDCARD": "3530400264862", "HOME_NO": "83", "HOME_BAN": "ห้วยเนียม", "HOME_MOO": "5", "HOME_TAM": "น้ำไผ่", "HOME_AMP": "น้ำปาด", "HOME_PROV": "อุตรดิตถ์", "REMARK": null, "BAN_TYPE": 0, "YEAR": "2563", "NAME_DNP_T": "อุทยานแห่งชาติ", "E": 678664.0, "N": 1940660.0, "NAME": "สุดใจ", "PERIMETER": 712.61623185799999, "AREA_RAI": 16.3216806149, "RAI": 16.0, "NGAN": 1.0, "WA_SQ": 28.0, "OBJECTID": 284.0, "Area": 26114.6889839, "MUBAN": "ห้วยเนียม", "TAMBOL": null, "HOME_BAN_E": null, "TAM_CODE": null, "TAM_NAM_T": "น้ำไผ่", "AMPHOE_T": "น้ำปาด", "AMPHOE_E": null, "PROV_CODE": null, "PROV_NAM_T": "อุตรดิตถ์", "PROV_NAM_E": null, "NAME_EN": null, "TAM_NAM_E": null, "Plot_No1": 1010620003.0, "Shape_Le_1": 712.61623185799999, "TARGET_F_1": 268.0, "Shape_Leng": 712.61623185799999, "Shape_Area": 26114.6889839, "Cal_Rai": null, "layer": "AP1103HNM05", "path": "/Users/ponteerasingto/project11/อุทยานแห่งชาติต้นสักใหญ่/ส่งกรม/Shapefile/1.SHAPEFILE/บ้านห้วยเนียม/AP1103HNM05.shp" }, "geometry": { "type": "MultiPolygon", "coordinates": [ [ [ [ 100.682935842265081, 17.544320837504209 ], [ 100.682850371124474, 17.544780585670885 ], [ 100.681910589618198, 17.545094270866407 ], [ 100.683356914794999, 17.546204517654822 ], [ 100.684415768499804, 17.544782898692251 ], [ 100.68364975618411, 17.544543736893893 ], [ 100.682935842265081, 17.544320837504209 ] ] ] ] } },
{ "type": "Feature", "properties": { "OBJECTID_1": 284, "TARGET_FID": "0", "NAME_DNP": "ต้นสักใหญ่", "CODE_DNP": 1103, "APAR_CODE": "11031010620004HNM5", "APAR_NO": "10106", "NUM_APAR": "20004", "SPAR_CODE": "11030001400004HNM5", "SPAR_NO": "00014", "NUM_SPAR": "00004", "PAR_BAN": "ห้วยเนียม", "BAN_E": "HNM", "PAR_MOO": "5", "PAR_TAM": "น้ำไผ่", "PAR_AMP": "น้ำปาด", "PAR_PROV": "อุตรดิตถ์", "NAME_TITLE": "นาย", "SURNAME": "คำทุม", "IDCARD": "3530400249146", "HOME_NO": "3/3", "HOME_BAN": "ห้วยเนียม", "HOME_MOO": "5", "HOME_TAM": "น้ำไผ่", "HOME_AMP": "น้ำปาด", "HOME_PROV": "อุตรดิตถ์", "REMARK": null, "BAN_TYPE": 0, "YEAR": "2563", "NAME_DNP_T": "อุทยานแห่งชาติ", "E": 678689.0, "N": 1940474.0, "NAME": "เสวย", "PERIMETER": 700.43707984000002, "AREA_RAI": 16.228837560900001, "RAI": 16.0, "NGAN": 0.0, "WA_SQ": 88.0, "OBJECTID": 285.0, "Area": 25966.140097399999, "MUBAN": "ห้วยเนียม", "TAMBOL": null, "HOME_BAN_E": null, "TAM_CODE": null, "TAM_NAM_T": "น้ำไผ่", "AMPHOE_T": "น้ำปาด", "AMPHOE_E": null, "PROV_CODE": null, "PROV_NAM_T": "อุตรดิตถ์", "PROV_NAM_E": null, "NAME_EN": null, "TAM_NAM_E": null, "Plot_No1": 1010620003.9999999, "Shape_Le_1": 700.64384458799998, "TARGET_F_1": 269.0, "Shape_Leng": 700.43705719900004, "Shape_Area": 25966.139491099999, "Cal_Rai": null, "layer": "AP1103HNM05", "path": "/Users/ponteerasingto/project11/อุทยานแห่งชาติต้นสักใหญ่/ส่งกรม/Shapefile/1.SHAPEFILE/บ้านห้วยเนียม/AP1103HNM05.shp" }, "geometry": { "type": "MultiPolygon", "coordinates": [ [ [ [ 100.682935842265081, 17.544320837504209 ], [ 100.68364975618411, 17.544543736893893 ], [ 100.684098755809714, 17.544286580924453 ], [ 100.683806062958212, 17.543544639499093 ], [ 100.684286991518945, 17.543163676528923 ], [ 100.684375140899348, 17.542763849926505 ], [ 100.683588630111899, 17.542715151900232 ], [ 100.682959430892083, 17.542497015840233 ], [ 100.682815240504397, 17.543163532337591 ], [ 100.682797136007039, 17.54364427313201 ], [ 100.682766744928912, 17.544166381399258 ], [ 100.682935842265081, 17.544320837504209 ] ] ] ] } },
{ "type": "Feature", "properties": { "OBJECTID_1": 285, "TARGET_FID": "0", "NAME_DNP": "ต้นสักใหญ่", "CODE_DNP": 1103, "APAR_CODE": "11031010720004HNM5", "APAR_NO": "10107", "NUM_APAR": "20004", "SPAR_CODE": "11030001400012HNM5", "SPAR_NO": "00014", "NUM_SPAR": "00012", "PAR_BAN": "ห้วยเนียม", "BAN_E": "HNM", "PAR_MOO": "5", "PAR_TAM": "น้ำไผ่", "PAR_AMP": "น้ำปาด", "PAR_PROV": "อุตรดิตถ์", "NAME_TITLE": "นาย", "SURNAME": "จันทร์ทาบ", "IDCARD": "3530400257971", "HOME_NO": "89/5", "HOME_BAN": "ห้วยเนียม", "HOME_MOO": "5", "HOME_TAM": "น้ำไผ่", "HOME_AMP": "น้ำปาด", "HOME_PROV": "อุตรดิตถ์", "REMARK": null, "BAN_TYPE": 0, "YEAR": "2563", "NAME_DNP_T": "อุทยานแห่งชาติ", "E": 678158.0, "N": 1939896.0, "NAME": "สุเมฆ", "PERIMETER": 503.32549369499998, "AREA_RAI": 8.2484723140899998, "RAI": 8.0, "NGAN": 0.0, "WA_SQ": 96.0, "OBJECTID": 286.0, "Area": 13197.5557025, "MUBAN": "ห้วยเนียม", "TAMBOL": null, "HOME_BAN_E": null, "TAM_CODE": null, "TAM_NAM_T": "น้ำไผ่", "AMPHOE_T": "น้ำปาด", "AMPHOE_E": null, "PROV_CODE": null, "PROV_NAM_T": "อุตรดิตถ์", "PROV_NAM_E": null, "NAME_EN": null, "TAM_NAM_E": null, "Plot_No1": 1010720003.9999999, "Shape_Le_1": 503.21280864699997, "TARGET_F_1": 278.0, "Shape_Leng": 503.32546190099998, "Shape_Area": 13197.552567500001, "Cal_Rai": null, "layer": "AP1103HNM05", "path": "/Users/ponteerasingto/project11/อุทยานแห่งชาติต้นสักใหญ่/ส่งกรม/Shapefile/1.SHAPEFILE/บ้านห้วยเนียม/AP1103HNM05.shp" }, "geometry": { "type": "MultiPolygon", "coordinates": [ [ [ [ 100.67821310770168, 17.539424387868536 ], [ 100.679061865428054, 17.538027376235817 ], [ 100.678454628556594, 17.537544584259084 ], [ 100.677864295259369, 17.538048075158169 ], [ 100.67821310770168, 17.539424387868536 ] ] ] ] } },
{ "type": "Feature", "properties": { "OBJECTID_1": 286, "TARGET_FID": "0", "NAME_DNP": "ต้นสักใหญ่", "CODE_DNP": 1103, "APAR_CODE": "11031010720008HNM5", "APAR_NO": "10107", "NUM_APAR": "20008", "SPAR_CODE": "11030001400015HNM5", "SPAR_NO": "00014", "NUM_SPAR": "00015", "PAR_BAN": "ห้วยเนียม", "BAN_E": "HNM", "PAR_MOO": "5", "PAR_TAM": "น้ำไผ่", "PAR_AMP": "น้ำปาด", "PAR_PROV": "อุตรดิตถ์", "NAME_TITLE": "นางสาว", "SURNAME": "พากันหา", "IDCARD": "1530400058743", "HOME_NO": "73", "HOME_BAN": "ห้วยเนียม", "HOME_MOO": "5", "HOME_TAM": "น้ำไผ่", "HOME_AMP": "น้ำปาด", "HOME_PROV": "อุตรดิตถ์", "REMARK": null, "BAN_TYPE": 0, "YEAR": "2563", "NAME_DNP_T": "อุทยานแห่งชาติ", "E": 677815.0, "N": 1939675.0, "NAME": "จิราภรณ์", "PERIMETER": 738.98380740899995, "AREA_RAI": 15.680122988600001, "RAI": 15.0, "NGAN": 2.0, "WA_SQ": 72.0, "OBJECTID": 287.0, "Area": 25088.196781800001, "MUBAN": "ห้วยเนียม", "TAMBOL": null, "HOME_BAN_E": null, "TAM_CODE": null, "TAM_NAM_T": "น้ำไผ่", "AMPHOE_T": "น้ำปาด", "AMPHOE_E": null, "PROV_CODE": null, "PROV_NAM_T": "อุตรดิตถ์", "PROV_NAM_E": null, "NAME_EN": null, "TAM_NAM_E": null, "Plot_No1": 1010720008.0, "Shape_Le_1": 738.77437169300003, "TARGET_F_1": 281.0, "Shape_Leng": 738.98372560099995, "Shape_Area": 25088.193982500001, "Cal_Rai": null, "layer": "AP1103HNM05", "path": "/Users/ponteerasingto/project11/อุทยานแห่งชาติต้นสักใหญ่/ส่งกรม/Shapefile/1.SHAPEFILE/บ้านห้วยเนียม/AP1103HNM05.shp" }, "geometry": { "type": "MultiPolygon", "coordinates": [ [ [ [ 100.675902990558669, 17.53696032902053 ], [ 100.675827945587912, 17.535743306429165 ], [ 100.67553475110914, 17.535938289843102 ], [ 100.675341483758302, 17.53573336365357 ], [ 100.675509065053461, 17.53531086916507 ], [ 100.675314999927878, 17.535047000423685 ], [ 100.674392999857901, 17.536170999833661 ], [ 100.674444063614558, 17.537003265032784 ], [ 100.674848248467072, 17.536926698103926 ], [ 100.674912627790562, 17.537299716349168 ], [ 100.675043026904092, 17.537320450145479 ], [ 100.675902990558669, 17.53696032902053 ] ] ] ] } },
{ "type": "Feature", "properties": { "OBJECTID_1": 287, "TARGET_FID": "0", "NAME_DNP": "ต้นสักใหญ่", "CODE_DNP": 1103, "APAR_CODE": "11031010720013HNM5", "APAR_NO": "10107", "NUM_APAR": "20013", "SPAR_CODE": "11030001400020HNM5", "SPAR_NO": "00014", "NUM_SPAR": "00020", "PAR_BAN": "ห้วยเนียม", "BAN_E": "HNM", "PAR_MOO": "5", "PAR_TAM": "น้ำไผ่", "PAR_AMP": "น้ำปาด", "PAR_PROV": "อุตรดิตถ์", "NAME_TITLE": "นาย", "SURNAME": "เพชรดำ", "IDCARD": "3530400252309", "HOME_NO": "71", "HOME_BAN": "ห้วยเนียม", "HOME_MOO": "5", "HOME_TAM": "น้ำไผ่", "HOME_AMP": "น้ำปาด", "HOME_PROV": "อุตรดิตถ์", "REMARK": null, "BAN_TYPE": 0, "YEAR": "2563", "NAME_DNP_T": "อุทยานแห่งชาติ", "E": 678004.0, "N": 1939137.0, "NAME": "ไว", "PERIMETER": 670.82048511200003, "AREA_RAI": 19.0216091042, "RAI": 19.0, "NGAN": 0.0, "WA_SQ": 8.0, "OBJECTID": 288.0, "Area": 30434.574566700001, "MUBAN": "ห้วยเนียม", "TAMBOL": null, "HOME_BAN_E": null, "TAM_CODE": null, "TAM_NAM_T": "น้ำไผ่", "AMPHOE_T": "น้ำปาด", "AMPHOE_E": null, "PROV_CODE": null, "PROV_NAM_T": "อุตรดิตถ์", "PROV_NAM_E": null, "NAME_EN": null, "TAM_NAM_E": null, "Plot_No1": 1010720013.0, "Shape_Le_1": 670.76487091299998, "TARGET_F_1": 286.0, "Shape_Leng": 670.82047128299996, "Shape_Area": 30434.574430199998, "Cal_Rai": null, "layer": "AP1103HNM05", "path": "/Users/ponteerasingto/project11/อุทยานแห่งชาติต้นสักใหญ่/ส่งกรม/Shapefile/1.SHAPEFILE/บ้านห้วยเนียม/AP1103HNM05.shp" }, "geometry": { "type": "MultiPolygon", "coordinates": [ [ [ [ 100.675977267689689, 17.531794663852523 ], [ 100.676291329767196, 17.53212862521686 ], [ 100.676647999651038, 17.532468000365849 ], [ 100.677657999896624, 17.532002999661273 ], [ 100.677843000105312, 17.531536000062193 ], [ 100.677711346090305, 17.530752005115996 ], [ 100.67718347918084, 17.530494342529149 ], [ 100.676778748918906, 17.530783291677967 ], [ 100.675826937181625, 17.531260007615725 ], [ 100.675772520343173, 17.531728497674205 ], [ 100.675977267689689, 17.531794663852523 ] ] ] ] } },
{ "type": "Feature", "properties": { "OBJECTID_1": 288, "TARGET_FID": "0", "NAME_DNP": "ต้นสักใหญ่", "CODE_DNP": 1103, "APAR_CODE": "11031010720012HNM5", "APAR_NO": "10107", "NUM_APAR": "20012", "SPAR_CODE": "11030001400019HNM5", "SPAR_NO": "00014", "NUM_SPAR": "00019", "PAR_BAN": "ห้วยเนียม", "BAN_E": "HNM", "PAR_MOO": "5", "PAR_TAM": "น้ำไผ่", "PAR_AMP": "น้ำปาด", "PAR_PROV": "อุตรดิตถ์", "NAME_TITLE": "นาย", "SURNAME": "อินยา", "IDCARD": "3530400266091", "HOME_NO": "14", "HOME_BAN": "ห้วยเนียม", "HOME_MOO": "5", "HOME_TAM": "น้ำไผ่", "HOME_AMP": "น้ำปาด", "HOME_PROV": "อุตรดิตถ์", "REMARK": null, "BAN_TYPE": 0, "YEAR": "2563", "NAME_DNP_T": "อุทยานแห่งชาติ", "E": 677800.0, "N": 1939223.0, "NAME": "บาน", "PERIMETER": 773.210723035, "AREA_RAI": 16.342396201700002, "RAI": 16.0, "NGAN": 1.0, "WA_SQ": 36.0, "OBJECTID": 289.0, "Area": 26147.8339227, "MUBAN": "ห้วยเนียม", "TAMBOL": null, "HOME_BAN_E": null, "TAM_CODE": null, "TAM_NAM_T": "น้ำไผ่", "AMPHOE_T": "น้ำปาด", "AMPHOE_E": null, "PROV_CODE": null, "PROV_NAM_T": "อุตรดิตถ์", "PROV_NAM_E": null, "NAME_EN": null, "TAM_NAM_E": null, "Plot_No1": 1010720012.0000001, "Shape_Le_1": 773.210723035, "TARGET_F_1": 285.0, "Shape_Leng": 773.210723035, "Shape_Area": 26147.8339227, "Cal_Rai": null, "layer": "AP1103HNM05", "path": "/Users/ponteerasingto/project11/อุทยานแห่งชาติต้นสักใหญ่/ส่งกรม/Shapefile/1.SHAPEFILE/บ้านห้วยเนียม/AP1103HNM05.shp" }, "geometry": { "type": "MultiPolygon", "coordinates": [ [ [ [ 100.676291329767196, 17.53212862521686 ], [ 100.675977267689689, 17.531794663852523 ], [ 100.675772520343173, 17.531728497674205 ], [ 100.675500697164622, 17.53183814120867 ], [ 100.675053033353407, 17.531878980427461 ], [ 100.674379530616335, 17.531479200274461 ], [ 100.673960581299482, 17.531880560528602 ], [ 100.674076423196198, 17.532338606287393 ], [ 100.674018812420485, 17.533012328253456 ], [ 100.674132435029449, 17.533245478458372 ], [ 100.674394346026546, 17.533093309794602 ], [ 100.67450274725384, 17.532740475844001 ], [ 100.674931707907248, 17.532560891580996 ], [ 100.675205480374956, 17.532849292883562 ], [ 100.675842597280592, 17.532759752592078 ], [ 100.676291329767196, 17.53212862521686 ] ] ] ] } },
{ "type": "Feature", "properties": { "OBJECTID_1": 289, "TARGET_FID": "0", "NAME_DNP": "ต้นสักใหญ่", "CODE_DNP": 1103, "APAR_CODE": "11031010920001HNM5", "APAR_NO": "10109", "NUM_APAR": "20001", "SPAR_CODE": "11030001400022HNM5", "SPAR_NO": "00014", "NUM_SPAR": "00022", "PAR_BAN": "ห้วยเนียม", "BAN_E": "HNM", "PAR_MOO": "5", "PAR_TAM": "น้ำไผ่", "PAR_AMP": "น้ำปาด", "PAR_PROV": "อุตรดิตถ์", "NAME_TITLE": "นาย", "SURNAME": "ขิงหอม", "IDCARD": "3530400260522", "HOME_NO": "49/2", "HOME_BAN": "ห้วยเนียม", "HOME_MOO": "5", "HOME_TAM": "น้ำไผ่", "HOME_AMP": "น้ำปาด", "HOME_PROV": "อุตรดิตถ์", "REMARK": null, "BAN_TYPE": 0, "YEAR": "2563", "NAME_DNP_T": "อุทยานแห่งชาติ", "E": 677400.0, "N": 1939062.0, "NAME": "ชายแดน", "PERIMETER": 418.45594876000001, "AREA_RAI": 7.1979449785599998, "RAI": 7.0, "NGAN": 0.0, "WA_SQ": 76.0, "OBJECTID": 290.0, "Area": 11516.7119657, "MUBAN": "ห้วยเนียม", "TAMBOL": null, "HOME_BAN_E": null, "TAM_CODE": null, "TAM_NAM_T": "น้ำไผ่", "AMPHOE_T": "น้ำปาด", "AMPHOE_E": null, "PROV_CODE": null, "PROV_NAM_T": "อุตรดิตถ์", "PROV_NAM_E": null, "NAME_EN": null, "TAM_NAM_E": null, "Plot_No1": 1010920001.0000001, "Shape_Le_1": 428.48020034199999, "TARGET_F_1": 288.0, "Shape_Leng": 418.456000614, "Shape_Area": 11516.712571800001, "Cal_Rai": null, "layer": "AP1103HNM05", "path": "/Users/ponteerasingto/project11/อุทยานแห่งชาติต้นสักใหญ่/ส่งกรม/Shapefile/1.SHAPEFILE/บ้านห้วยเนียม/AP1103HNM05.shp" }, "geometry": { "type": "MultiPolygon", "coordinates": [ [ [ [ 100.671558308005373, 17.530419197098855 ], [ 100.67127413575885, 17.530202655260094 ], [ 100.670781353252025, 17.530457012087432 ], [ 100.670675063067321, 17.531119441123934 ], [ 100.670849767549981, 17.531661822361375 ], [ 100.671494420923736, 17.531395759704665 ], [ 100.671581805224918, 17.530944008351952 ], [ 100.671558308005373, 17.530419197098855 ] ] ] ] } },
{ "type": "Feature", "properties": { "OBJECTID_1": 290, "TARGET_FID": "0", "NAME_DNP": "ต้นสักใหญ่", "CODE_DNP": 1103, "APAR_CODE": "11031010920003HNM5", "APAR_NO": "10109", "NUM_APAR": "20003", "SPAR_CODE": "11030001400024HNM5", "SPAR_NO": "00014", "NUM_SPAR": "00024", "PAR_BAN": "ห้วยเนียม", "BAN_E": "HNM", "PAR_MOO": "5", "PAR_TAM": "น้ำไผ่", "PAR_AMP": "น้ำปาด", "PAR_PROV": "อุตรดิตถ์", "NAME_TITLE": "นาย", "SURNAME": "อุปวรรณ์", "IDCARD": "1530400007138", "HOME_NO": "67", "HOME_BAN": "ห้วยเนียม", "HOME_MOO": "5", "HOME_TAM": "น้ำไผ่", "HOME_AMP": "น้ำปาด", "HOME_PROV": "อุตรดิตถ์", "REMARK": null, "BAN_TYPE": 0, "YEAR": "2563", "NAME_DNP_T": "อุทยานแห่งชาติ", "E": 677160.0, "N": 1939172.0, "NAME": "ชวลิต", "PERIMETER": 688.25565783900004, "AREA_RAI": 15.843220696, "RAI": 15.0, "NGAN": 3.0, "WA_SQ": 36.0, "OBJECTID": 291.0, "Area": 25349.153113600001, "MUBAN": "ห้วยเนียม", "TAMBOL": null, "HOME_BAN_E": null, "TAM_CODE": null, "TAM_NAM_T": "น้ำไผ่", "AMPHOE_T": "น้ำปาด", "AMPHOE_E": null, "PROV_CODE": null, "PROV_NAM_T": "อุตรดิตถ์", "PROV_NAM_E": null, "NAME_EN": null, "TAM_NAM_E": null, "Plot_No1": 1010920003.0, "Shape_Le_1": 688.25565783900004, "TARGET_F_1": 290.0, "Shape_Leng": 688.25565783900004, "Shape_Area": 25349.153113600001, "Cal_Rai": null, "layer": "AP1103HNM05", "path": "/Users/ponteerasingto/project11/อุทยานแห่งชาติต้นสักใหญ่/ส่งกรม/Shapefile/1.SHAPEFILE/บ้านห้วยเนียม/AP1103HNM05.shp" }, "geometry": { "type": "MultiPolygon", "coordinates": [ [ [ [ 100.669050432518759, 17.53293252817614 ], [ 100.668931803372061, 17.532509383361241 ], [ 100.669895165443648, 17.531741276545436 ], [ 100.669839072441206, 17.531644646567567 ], [ 100.669607922691938, 17.531086367529188 ], [ 100.669095817997245, 17.530702136498288 ], [ 100.668063519473193, 17.532138501325438 ], [ 100.668227420449483, 17.532552773831906 ], [ 100.668693680395961, 17.533072931467533 ], [ 100.669050432518759, 17.53293252817614 ] ] ] ] } },
{ "type": "Feature", "properties": { "OBJECTID_1": 291, "TARGET_FID": "0", "NAME_DNP": "ต้นสักใหญ่", "CODE_DNP": 1103, "APAR_CODE": "11031011010001HNM5", "APAR_NO": "10110", "NUM_APAR": "10001", "SPAR_CODE": "11030001400026HNM5", "SPAR_NO": "00014", "NUM_SPAR": "00026", "PAR_BAN": "ห้วยเนียม", "BAN_E": "HNM", "PAR_MOO": "5", "PAR_TAM": "น้ำไผ่", "PAR_AMP": "น้ำปาด", "PAR_PROV": "อุตรดิตถ์", "NAME_TITLE": "นาย", "SURNAME": "จันทาบ", "IDCARD": "3530400265711", "HOME_NO": "10", "HOME_BAN": "ห้วยเนียม", "HOME_MOO": "5", "HOME_TAM": "น้ำไผ่", "HOME_AMP": "น้ำปาด", "HOME_PROV": "อุตรดิตถ์", "REMARK": null, "BAN_TYPE": 0, "YEAR": "2563", "NAME_DNP_T": "อุทยานแห่งชาติ", "E": 676964.0, "N": 1939914.0, "NAME": "สันติ", "PERIMETER": 453.131066374, "AREA_RAI": 7.0062176892999997, "RAI": 7.0, "NGAN": 0.0, "WA_SQ": 0.0, "OBJECTID": 292.0, "Area": 11209.9483029, "MUBAN": "ห้วยเนียม", "TAMBOL": null, "HOME_BAN_E": null, "TAM_CODE": null, "TAM_NAM_T": "น้ำไผ่", "AMPHOE_T": "น้ำปาด", "AMPHOE_E": null, "PROV_CODE": null, "PROV_NAM_T": "อุตรดิตถ์", "PROV_NAM_E": null, "NAME_EN": null, "TAM_NAM_E": null, "Plot_No1": 1011010001.0000001, "Shape_Le_1": 454.642180661, "TARGET_F_1": 292.0, "Shape_Leng": 453.13109179200001, "Shape_Area": 11209.9497388, "Cal_Rai": null, "layer": "AP1103HNM05", "path": "/Users/ponteerasingto/project11/อุทยานแห่งชาติต้นสักใหญ่/ส่งกรม/Shapefile/1.SHAPEFILE/บ้านห้วยเนียม/AP1103HNM05.shp" }, "geometry": { "type": "MultiPolygon", "coordinates": [ [ [ [ 100.666395418752515, 17.538243417427879 ], [ 100.666873519150485, 17.539161016490525 ], [ 100.667796394052004, 17.538833502523381 ], [ 100.667732863044151, 17.538384097770543 ], [ 100.667868879171508, 17.538164818739954 ], [ 100.666395418752515, 17.538243417427879 ] ] ] ] } },
{ "type": "Feature", "properties": { "OBJECTID_1": 292, "TARGET_FID": "0", "NAME_DNP": "ต้นสักใหญ่", "CODE_DNP": 1103, "APAR_CODE": "11031011120006HNM5", "APAR_NO": "10111", "NUM_APAR": "20006", "SPAR_CODE": "11030001400029HNM5", "SPAR_NO": "00014", "NUM_SPAR": "00029", "PAR_BAN": "ห้วยเนียม", "BAN_E": "HNM", "PAR_MOO": "5", "PAR_TAM": "น้ำไผ่", "PAR_AMP": "น้ำปาด", "PAR_PROV": "อุตรดิตถ์", "NAME_TITLE": "นาง", "SURNAME": "จันทร์ทาบ", "IDCARD": "3530400265508", "HOME_NO": "69", "HOME_BAN": "ห้วยเนียม", "HOME_MOO": "5", "HOME_TAM": "น้ำไผ่", "HOME_AMP": "น้ำปาด", "HOME_PROV": "อุตรดิตถ์", "REMARK": null, "BAN_TYPE": 0, "YEAR": "2563", "NAME_DNP_T": "อุทยานแห่งชาติ", "E": 676867.0, "N": 1940186.0, "NAME": "อำเพ็ญ", "PERIMETER": 731.87732262400004, "AREA_RAI": 21.911323195600001, "RAI": 21.0, "NGAN": 3.0, "WA_SQ": 64.0, "OBJECTID": 293.0, "Area": 35058.117112899999, "MUBAN": "ห้วยเนียม", "TAMBOL": null, "HOME_BAN_E": null, "TAM_CODE": null, "TAM_NAM_T": "น้ำไผ่", "AMPHOE_T": "น้ำปาด", "AMPHOE_E": null, "PROV_CODE": null, "PROV_NAM_T": "อุตรดิตถ์", "PROV_NAM_E": null, "NAME_EN": null, "TAM_NAM_E": null, "Plot_No1": 1011120006.0, "Shape_Le_1": 748.60104650899996, "TARGET_F_1": 295.0, "Shape_Leng": 731.87727323399997, "Shape_Area": 35058.114150499998, "Cal_Rai": null, "layer": "AP1103HNM05", "path": "/Users/ponteerasingto/project11/อุทยานแห่งชาติต้นสักใหญ่/ส่งกรม/Shapefile/1.SHAPEFILE/บ้านห้วยเนียม/AP1103HNM05.shp" }, "geometry": { "type": "MultiPolygon", "coordinates": [ [ [ [ 100.667362083741608, 17.540848567044751 ], [ 100.666166461208007, 17.539952456028498 ], [ 100.665137457195797, 17.540611737741514 ], [ 100.665567079682845, 17.541358063033119 ], [ 100.666043601283505, 17.541968498211197 ], [ 100.666468327538553, 17.542064320729516 ], [ 100.666543691379218, 17.54226817301771 ], [ 100.667206581964905, 17.541709398621961 ], [ 100.667362083741608, 17.540848567044751 ] ] ] ] } },
{ "type": "Feature", "properties": { "OBJECTID_1": 293, "TARGET_FID": "0", "NAME_DNP": "ต้นสักใหญ่", "CODE_DNP": 1103, "APAR_CODE": "11031011220003HNM5", "APAR_NO": "10112", "NUM_APAR": "20003", "SPAR_CODE": "11030001400037HNM5", "SPAR_NO": "00014", "NUM_SPAR": "00037", "PAR_BAN": "ห้วยเนียม", "BAN_E": "HNM", "PAR_MOO": "5", "PAR_TAM": "น้ำไผ่", "PAR_AMP": "น้ำปาด", "PAR_PROV": "อุตรดิตถ์", "NAME_TITLE": "นาย", "SURNAME": "พระวงษ์วัน", "IDCARD": "1530400031977", "HOME_NO": "23", "HOME_BAN": "ห้วยเนียม", "HOME_MOO": "5", "HOME_TAM": "น้ำไผ่", "HOME_AMP": "น้ำปาด", "HOME_PROV": "อุตรดิตถ์", "REMARK": null, "BAN_TYPE": 0, "YEAR": "2563", "NAME_DNP_T": "อุทยานแห่งชาติ", "E": 675853.0, "N": 1941175.0, "NAME": "สิปปวิชญ์", "PERIMETER": 803.60543936, "AREA_RAI": 24.644086163000001, "RAI": 24.0, "NGAN": 2.0, "WA_SQ": 56.0, "OBJECTID": 294.0, "Area": 39430.53786080001, "MUBAN": "ห้วยเนียม", "TAMBOL": null, "HOME_BAN_E": null, "TAM_CODE": null, "TAM_NAM_T": "น้ำไผ่", "AMPHOE_T": "น้ำปาด", "AMPHOE_E": null, "PROV_CODE": null, "PROV_NAM_T": "อุตรดิตถ์", "PROV_NAM_E": null, "NAME_EN": null, "TAM_NAM_E": null, "Plot_No1": 1011220003.0, "Shape_Le_1": 816.68655932199999, "TARGET_F_1": 303.0, "Shape_Leng": 803.60552078299997, "Shape_Area": 39430.547636399999, "Cal_Rai": null, "layer": "AP1103HNM05", "path": "/Users/ponteerasingto/project11/อุทยานแห่งชาติต้นสักใหญ่/ส่งกรม/Shapefile/1.SHAPEFILE/บ้านห้วยเนียม/AP1103HNM05.shp" }, "geometry": { "type": "MultiPolygon", "coordinates": [ [ [ [ 100.655573000202949, 17.549358000209811 ], [ 100.655522997604507, 17.550540462851504 ], [ 100.656160527411615, 17.550853306196917 ], [ 100.656676520645775, 17.550920199286164 ], [ 100.657960244518691, 17.550518906078477 ], [ 100.658341111419006, 17.549717510140884 ], [ 100.658025900945091, 17.549529803100906 ], [ 100.655573000202949, 17.549358000209811 ] ] ] ] } },
{ "type": "Feature", "properties": { "OBJECTID_1": 294, "TARGET_FID": "0", "NAME_DNP": "ต้นสักใหญ่", "CODE_DNP": 1103, "APAR_CODE": "11031011220014HNM5", "APAR_NO": "10112", "NUM_APAR": "20014", "SPAR_CODE": "11030001400048HNM5", "SPAR_NO": "00014", "NUM_SPAR": "00048", "PAR_BAN": "ห้วยเนียม", "BAN_E": "HNM", "PAR_MOO": "5", "PAR_TAM": "น้ำไผ่", "PAR_AMP": "น้ำปาด", "PAR_PROV": "อุตรดิตถ์", "NAME_TITLE": "นาง", "SURNAME": "มะลิวงษ์", "IDCARD": "3530400269171", "HOME_NO": "56/1", "HOME_BAN": "ห้วยเนียม", "HOME_MOO": "5", "HOME_TAM": "น้ำไผ่", "HOME_AMP": "น้ำปาด", "HOME_PROV": "อุตรดิตถ์", "REMARK": null, "BAN_TYPE": 0, "YEAR": "2563", "NAME_DNP_T": "อุทยานแห่งชาติ", "E": 674478.0, "N": 1940876.0, "NAME": "คำมวน", "PERIMETER": 441.81147430099998, "AREA_RAI": 5.0157169510699999, "RAI": 5.0, "NGAN": 0.0, "WA_SQ": 4.0, "OBJECTID": 295.0, "Area": 8025.1471217099997, "MUBAN": "ห้วยเนียม", "TAMBOL": null, "HOME_BAN_E": null, "TAM_CODE": null, "TAM_NAM_T": "น้ำไผ่", "AMPHOE_T": "น้ำปาด", "AMPHOE_E": null, "PROV_CODE": null, "PROV_NAM_T": "อุตรดิตถ์", "PROV_NAM_E": null, "NAME_EN": null, "TAM_NAM_E": null, "Plot_No1": 1011220014.0, "Shape_Le_1": 466.55737281299997, "TARGET_F_1": 314.0, "Shape_Leng": 441.81146604899999, "Shape_Area": 8025.1462618799997, "Cal_Rai": null, "layer": "AP1103HNM05", "path": "/Users/ponteerasingto/project11/อุทยานแห่งชาติต้นสักใหญ่/ส่งกรม/Shapefile/1.SHAPEFILE/บ้านห้วยเนียม/AP1103HNM05.shp" }, "geometry": { "type": "MultiPolygon", "coordinates": [ [ [ [ 100.642925951412536, 17.547631412549418 ], [ 100.643584769979597, 17.547694417149525 ], [ 100.644683630486938, 17.547799499418051 ], [ 100.644078507659344, 17.547088548973619 ], [ 100.643556883425077, 17.547180120131042 ], [ 100.642855797451659, 17.547617504399057 ], [ 100.642925951412536, 17.547631412549418 ] ] ] ] } },
{ "type": "Feature", "properties": { "OBJECTID_1": 295, "TARGET_FID": "0", "NAME_DNP": "ต้นสักใหญ่", "CODE_DNP": 1103, "APAR_CODE": "11031010920002HNM5", "APAR_NO": "10109", "NUM_APAR": "20002", "SPAR_CODE": "11030001400023HNM5", "SPAR_NO": "00014", "NUM_SPAR": "00023", "PAR_BAN": "ห้วยเนียม", "BAN_E": "HNM", "PAR_MOO": "5", "PAR_TAM": "น้ำไผ่", "PAR_AMP": "น้ำปาด", "PAR_PROV": "อุตรดิตถ์", "NAME_TITLE": "นาย", "SURNAME": "พากันหา", "IDCARD": "3530400270862", "HOME_NO": "83", "HOME_BAN": "ห้วยเนียม", "HOME_MOO": "5", "HOME_TAM": "น้ำไผ่", "HOME_AMP": "น้ำปาด", "HOME_PROV": "อุตรดิตถ์", "REMARK": null, "BAN_TYPE": 0, "YEAR": "2563", "NAME_DNP_T": "อุทยานแห่งชาติ", "E": 677274.0, "N": 1939045.0, "NAME": "ทองคด", "PERIMETER": 599.96302819100003, "AREA_RAI": 12.438019046899999, "RAI": 12.0, "NGAN": 1.0, "WA_SQ": 72.0, "OBJECTID": 296.0, "Area": 19900.830475, "MUBAN": "ห้วยเนียม", "TAMBOL": null, "HOME_BAN_E": null, "TAM_CODE": null, "TAM_NAM_T": "น้ำไผ่", "AMPHOE_T": "น้ำปาด", "AMPHOE_E": null, "PROV_CODE": null, "PROV_NAM_T": "อุตรดิตถ์", "PROV_NAM_E": null, "NAME_EN": null, "TAM_NAM_E": null, "Plot_No1": 1010920002.0, "Shape_Le_1": 599.96302819100003, "TARGET_F_1": 289.0, "Shape_Leng": 599.96302819100003, "Shape_Area": 19900.830475, "Cal_Rai": null, "layer": "AP1103HNM05", "path": "/Users/ponteerasingto/project11/อุทยานแห่งชาติต้นสักใหญ่/ส่งกรม/Shapefile/1.SHAPEFILE/บ้านห้วยเนียม/AP1103HNM05.shp" }, "geometry": { "type": "MultiPolygon", "coordinates": [ [ [ [ 100.669095817997245, 17.530702136498288 ], [ 100.669607922691938, 17.531086367529188 ], [ 100.669839072441206, 17.531644646567567 ], [ 100.669895165443648, 17.531741276545436 ], [ 100.670496284415648, 17.53126198763773 ], [ 100.670745533290528, 17.529838862291349 ], [ 100.670388659944734, 17.529950300921545 ], [ 100.669496722476438, 17.530256000483639 ], [ 100.669299615208416, 17.530329947871635 ], [ 100.669132661679626, 17.530611467120004 ], [ 100.669095817997245, 17.530702136498288 ] ] ] ] } },
{ "type": "Feature", "properties": { "OBJECTID_1": 296, "TARGET_FID": "0", "NAME_DNP": "ต้นสักใหญ่", "CODE_DNP": 1103, "APAR_CODE": "11031011120007HNM5", "APAR_NO": "10111", "NUM_APAR": "20007", "SPAR_CODE": "11030001400027HNM5", "SPAR_NO": "00014", "NUM_SPAR": "00027", "PAR_BAN": "ห้วยเนียม", "BAN_E": "HNM", "PAR_MOO": "5", "PAR_TAM": "น้ำไผ่", "PAR_AMP": "น้ำปาด", "PAR_PROV": "อุตรดิตถ์", "NAME_TITLE": "นาย", "SURNAME": "มีต่อม", "IDCARD": "3530400265583", "HOME_NO": "8/1", "HOME_BAN": "ห้วยเนียม", "HOME_MOO": "5", "HOME_TAM": "น้ำไผ่", "HOME_AMP": "น้ำปาด", "HOME_PROV": "อุตรดิตถ์", "REMARK": null, "BAN_TYPE": 0, "YEAR": "2563", "NAME_DNP_T": "อุทยานแห่งชาติ", "E": 676999.0, "N": 1940096.0, "NAME": "นวนจันทร์", "PERIMETER": 425.77702214200002, "AREA_RAI": 7.5860073611000001, "RAI": 7.0, "NGAN": 2.0, "WA_SQ": 32.0, "OBJECTID": 297.0, "Area": 12137.611777800001, "MUBAN": "ห้วยเนียม", "TAMBOL": null, "HOME_BAN_E": null, "TAM_CODE": null, "TAM_NAM_T": "น้ำไผ่", "AMPHOE_T": "น้ำปาด", "AMPHOE_E": null, "PROV_CODE": null, "PROV_NAM_T": "อุตรดิตถ์", "PROV_NAM_E": null, "NAME_EN": null, "TAM_NAM_E": null, "Plot_No1": 1011120006.9999999, "Shape_Le_1": 442.54557036199998, "TARGET_F_1": 293.0, "Shape_Leng": 425.77701706300002, "Shape_Area": 12137.611219300001, "Cal_Rai": null, "layer": "AP1103HNM05", "path": "/Users/ponteerasingto/project11/อุทยานแห่งชาติต้นสักใหญ่/ส่งกรม/Shapefile/1.SHAPEFILE/บ้านห้วยเนียม/AP1103HNM05.shp" }, "geometry": { "type": "MultiPolygon", "coordinates": [ [ [ [ 100.667362083741608, 17.540848567044751 ], [ 100.668065297628914, 17.54073562955827 ], [ 100.667935394722676, 17.539816750386503 ], [ 100.667152214426324, 17.539620589168109 ], [ 100.666857448354492, 17.539953804552358 ], [ 100.667025600919985, 17.540356080820935 ], [ 100.667362083741608, 17.540848567044751 ] ] ] ] } },
{ "type": "Feature", "properties": { "OBJECTID_1": 297, "TARGET_FID": "0", "NAME_DNP": "ต้นสักใหญ่", "CODE_DNP": 1103, "APAR_CODE": "11031011220005HNM5", "APAR_NO": "10112", "NUM_APAR": "20005", "SPAR_CODE": "11030001400039HNM5", "SPAR_NO": "00014", "NUM_SPAR": "00039", "PAR_BAN": "ห้วยเนียม", "BAN_E": "HNM", "PAR_MOO": "5", "PAR_TAM": "น้ำไผ่", "PAR_AMP": "น้ำปาด", "PAR_PROV": "อุตรดิตถ์", "NAME_TITLE": "นาย", "SURNAME": "สีเทศ", "IDCARD": "3530400303922", "HOME_NO": "16/2", "HOME_BAN": "กกหม่อนแก้ว", "HOME_MOO": "7", "HOME_TAM": "น้ำไผ่", "HOME_AMP": "น้ำปาด", "HOME_PROV": "อุตรดิตถ์", "REMARK": null, "BAN_TYPE": 0, "YEAR": "2563", "NAME_DNP_T": "อุทยานแห่งชาติ", "E": 675499.0, "N": 1941030.0, "NAME": "สุวัฒน์", "PERIMETER": 779.737915284, "AREA_RAI": 22.088974863099999, "RAI": 22.0, "NGAN": 0.0, "WA_SQ": 32.0, "OBJECTID": 298.0, "Area": 35342.359781, "MUBAN": "กกหม่อนแก้ว", "TAMBOL": null, "HOME_BAN_E": null, "TAM_CODE": null, "TAM_NAM_T": "น้ำไผ่", "AMPHOE_T": "น้ำปาด", "AMPHOE_E": null, "PROV_CODE": null, "PROV_NAM_T": "อุตรดิตถ์", "PROV_NAM_E": null, "NAME_EN": null, "TAM_NAM_E": null, "Plot_No1": 1011220005.0, "Shape_Le_1": 779.34860373599997, "TARGET_F_1": 305.0, "Shape_Leng": 779.73789447499996, "Shape_Area": 35342.360794799999, "Cal_Rai": null, "layer": "AP1103HNM05", "path": "/Users/ponteerasingto/project11/อุทยานแห่งชาติต้นสักใหญ่/ส่งกรม/Shapefile/1.SHAPEFILE/บ้านห้วยเนียม/AP1103HNM05.shp" }, "geometry": { "type": "MultiPolygon", "coordinates": [ [ [ [ 100.65460026312401, 17.548742305447121 ], [ 100.652740901837177, 17.547557452064744 ], [ 100.652240248353763, 17.548955780693575 ], [ 100.652776360455903, 17.549180701907495 ], [ 100.654268007335247, 17.549922651036603 ], [ 100.654599022640994, 17.549258539693444 ], [ 100.65460026312401, 17.548742305447121 ] ] ] ] } },
{ "type": "Feature", "properties": { "OBJECTID_1": 298, "TARGET_FID": "0", "NAME_DNP": "ต้นสักใหญ่", "CODE_DNP": 1103, "APAR_CODE": "11031011220008HNM5", "APAR_NO": "10112", "NUM_APAR": "20008", "SPAR_CODE": "11030001400042HNM5", "SPAR_NO": "00014", "NUM_SPAR": "00042", "PAR_BAN": "ห้วยเนียม", "BAN_E": "HNM", "PAR_MOO": "5", "PAR_TAM": "น้ำไผ่", "PAR_AMP": "น้ำปาด", "PAR_PROV": "อุตรดิตถ์", "NAME_TITLE": "นางสาว", "SURNAME": "วงษ์ไชบุตร", "IDCARD": "3530400260662", "HOME_NO": "25/2", "HOME_BAN": "ห้วยเนียม", "HOME_MOO": "5", "HOME_TAM": "น้ำไผ่", "HOME_AMP": "น้ำปาด", "HOME_PROV": "อุตรดิตถ์", "REMARK": null, "BAN_TYPE": 0, "YEAR": "2563", "NAME_DNP_T": "อุทยานแห่งชาติ", "E": 675258.0, "N": 1940903.0, "NAME": "ดวงใจ", "PERIMETER": 577.68038726999998, "AREA_RAI": 11.0749322107, "RAI": 11.0, "NGAN": 0.0, "WA_SQ": 28.0, "OBJECTID": 299.0, "Area": 17719.8915371, "MUBAN": "ห้วยเนียม", "TAMBOL": null, "HOME_BAN_E": null, "TAM_CODE": null, "TAM_NAM_T": "น้ำไผ่", "AMPHOE_T": "น้ำปาด", "AMPHOE_E": null, "PROV_CODE": null, "PROV_NAM_T": "อุตรดิตถ์", "PROV_NAM_E": null, "NAME_EN": null, "TAM_NAM_E": null, "Plot_No1": 1011220008.0, "Shape_Le_1": 577.68038726999998, "TARGET_F_1": 308.0, "Shape_Leng": 577.68038726999998, "Shape_Area": 17719.8915371, "Cal_Rai": null, "layer": "AP1103HNM05", "path": "/Users/ponteerasingto/project11/อุทยานแห่งชาติต้นสักใหญ่/ส่งกรม/Shapefile/1.SHAPEFILE/บ้านห้วยเนียม/AP1103HNM05.shp" }, "geometry": { "type": "MultiPolygon", "coordinates": [ [ [ [ 100.651320232931738, 17.548569311340888 ], [ 100.651854000012676, 17.547419000339609 ], [ 100.651595368383724, 17.547226069115204 ], [ 100.651657000314501, 17.546868000238391 ], [ 100.651477851319001, 17.546757354258649 ], [ 100.650885317648132, 17.546812179180179 ], [ 100.650898835200422, 17.547375590032924 ], [ 100.65036462775295, 17.548167884896742 ], [ 100.651320232931738, 17.548569311340888 ] ] ] ] } },
{ "type": "Feature", "properties": { "OBJECTID_1": 299, "TARGET_FID": "0", "NAME_DNP": "ต้นสักใหญ่", "CODE_DNP": 1103, "APAR_CODE": "11031011220002HNM5", "APAR_NO": "10112", "NUM_APAR": "20002", "SPAR_CODE": "11030001400036HNM5", "SPAR_NO": "00014", "NUM_SPAR": "00036", "PAR_BAN": "ห้วยเนียม", "BAN_E": "HNM", "PAR_MOO": "5", "PAR_TAM": "น้ำไผ่", "PAR_AMP": "น้ำปาด", "PAR_PROV": "อุตรดิตถ์", "NAME_TITLE": "นาง", "SURNAME": "พากันหา", "IDCARD": "3530400267519", "HOME_NO": "28", "HOME_BAN": "ห้วยเนียม", "HOME_MOO": "5", "HOME_TAM": "น้ำไผ่", "HOME_AMP": "น้ำปาด", "HOME_PROV": "อุตรดิตถ์", "REMARK": null, "BAN_TYPE": 0, "YEAR": "2563", "NAME_DNP_T": "อุทยานแห่งชาติ", "E": 676071.0, "N": 1941250.0, "NAME": "พรเพชร", "PERIMETER": 953.87317310699996, "AREA_RAI": 21.1795152919, "RAI": 21.0, "NGAN": 0.0, "WA_SQ": 68.0, "OBJECTID": 300.0, "Area": 33887.224467100001, "MUBAN": "ห้วยเนียม", "TAMBOL": null, "HOME_BAN_E": null, "TAM_CODE": null, "TAM_NAM_T": "น้ำไผ่", "AMPHOE_T": "น้ำปาด", "AMPHOE_E": null, "PROV_CODE": null, "PROV_NAM_T": "อุตรดิตถ์", "PROV_NAM_E": null, "NAME_EN": null, "TAM_NAM_E": null, "Plot_No1": 1011220002.0, "Shape_Le_1": 959.47407292100002, "TARGET_F_1": 302.0, "Shape_Leng": 953.87309956800004, "Shape_Area": 33887.224206799998, "Cal_Rai": null, "layer": "AP1103HNM05", "path": "/Users/ponteerasingto/project11/อุทยานแห่งชาติต้นสักใหญ่/ส่งกรม/Shapefile/1.SHAPEFILE/บ้านห้วยเนียม/AP1103HNM05.shp" }, "geometry": { "type": "MultiPolygon", "coordinates": [ [ [ [ 100.656676520645775, 17.550920199286164 ], [ 100.66009095109456, 17.551362803535209 ], [ 100.660472364516991, 17.551285278533072 ], [ 100.660377435004406, 17.550728643695923 ], [ 100.658341111419006, 17.549717510140884 ], [ 100.657960244518691, 17.550518906078477 ], [ 100.656676520645775, 17.550920199286164 ] ] ] ] } },
{ "type": "Feature", "properties": { "OBJECTID_1": 300, "TARGET_FID": "0", "NAME_DNP": "ต้นสักใหญ่", "CODE_DNP": 1103, "APAR_CODE": "11031011220012HNM5", "APAR_NO": "10112", "NUM_APAR": "20012", "SPAR_CODE": "11030001400046HNM5", "SPAR_NO": "00014", "NUM_SPAR": "00046", "PAR_BAN": "ห้วยเนียม", "BAN_E": "HNM", "PAR_MOO": "5", "PAR_TAM": "น้ำไผ่", "PAR_AMP": "น้ำปาด", "PAR_PROV": "อุตรดิตถ์", "NAME_TITLE": "นาง", "SURNAME": "พระวงษ์วัน", "IDCARD": "3530400268485", "HOME_NO": "48/2", "HOME_BAN": "ห้วยเนียม", "HOME_MOO": "5", "HOME_TAM": "น้ำไผ่", "HOME_AMP": "น้ำปาด", "HOME_PROV": "อุตรดิตถ์", "REMARK": null, "BAN_TYPE": 0, "YEAR": "2563", "NAME_DNP_T": "อุทยานแห่งชาติ", "E": 674741.0, "N": 1940880.0, "NAME": "ดวงจันทร์", "PERIMETER": 479.01819063699998, "AREA_RAI": 5.7711451972300001, "RAI": 5.0, "NGAN": 3.0, "WA_SQ": 8.0, "OBJECTID": 301.0, "Area": 9233.83231557, "MUBAN": "ห้วยเนียม", "TAMBOL": null, "HOME_BAN_E": null, "TAM_CODE": null, "TAM_NAM_T": "น้ำไผ่", "AMPHOE_T": "น้ำปาด", "AMPHOE_E": null, "PROV_CODE": null, "PROV_NAM_T": "อุตรดิตถ์", "PROV_NAM_E": null, "NAME_EN": null, "TAM_NAM_E": null, "Plot_No1": 1011220012.0000001, "Shape_Le_1": 479.01819063699998, "TARGET_F_1": 312.0, "Shape_Leng": 479.01819063699998, "Shape_Area": 9233.83231557, "Cal_Rai": null, "layer": "AP1103HNM05", "path": "/Users/ponteerasingto/project11/อุทยานแห่งชาติต้นสักใหญ่/ส่งกรม/Shapefile/1.SHAPEFILE/บ้านห้วยเนียม/AP1103HNM05.shp" }, "geometry": { "type": "MultiPolygon", "coordinates": [ [ [ [ 100.646716772404019, 17.547993908805513 ], [ 100.646666533568208, 17.546498467583042 ], [ 100.64634070684933, 17.547204812894073 ], [ 100.645768412593654, 17.547305200945285 ], [ 100.645780998407957, 17.547904432470485 ], [ 100.646716772404019, 17.547993908805513 ] ] ] ] } },
{ "type": "Feature", "properties": { "OBJECTID_1": 301, "TARGET_FID": "0", "NAME_DNP": "ต้นสักใหญ่", "CODE_DNP": 1103, "APAR_CODE": "11031011310001HNM5", "APAR_NO": "10113", "NUM_APAR": "10001", "SPAR_CODE": "11030001400049HNM5", "SPAR_NO": "00014", "NUM_SPAR": "00049", "PAR_BAN": "ห้วยเนียม", "BAN_E": "HNM", "PAR_MOO": "5", "PAR_TAM": "น้ำไผ่", "PAR_AMP": "น้ำปาด", "PAR_PROV": "อุตรดิตถ์", "NAME_TITLE": "นาย", "SURNAME": "อินยา", "IDCARD": "3530400268434", "HOME_NO": "48", "HOME_BAN": "ห้วยเนียม", "HOME_MOO": "5", "HOME_TAM": "น้ำไผ่", "HOME_AMP": "น้ำปาด", "HOME_PROV": "อุตรดิตถ์", "REMARK": null, "BAN_TYPE": 0, "YEAR": "2563", "NAME_DNP_T": "อุทยานแห่งชาติ", "E": 674136.0, "N": 1940710.0, "NAME": "ขอด", "PERIMETER": 606.46300260600003, "AREA_RAI": 10.380756141499999, "RAI": 10.0, "NGAN": 1.0, "WA_SQ": 52.0, "OBJECTID": 302.0, "Area": 16609.209826400001, "MUBAN": "ห้วยเนียม", "TAMBOL": null, "HOME_BAN_E": null, "TAM_CODE": null, "TAM_NAM_T": "น้ำไผ่", "AMPHOE_T": "น้ำปาด", "AMPHOE_E": null, "PROV_CODE": null, "PROV_NAM_T": "อุตรดิตถ์", "PROV_NAM_E": null, "NAME_EN": null, "TAM_NAM_E": null, "Plot_No1": 1011310001.0000001, "Shape_Le_1": 606.46300260600003, "TARGET_F_1": 315.0, "Shape_Leng": 606.46300260600003, "Shape_Area": 16609.209826400001, "Cal_Rai": null, "layer": "AP1103HNM05", "path": "/Users/ponteerasingto/project11/อุทยานแห่งชาติต้นสักใหญ่/ส่งกรม/Shapefile/1.SHAPEFILE/บ้านห้วยเนียม/AP1103HNM05.shp" }, "geometry": { "type": "MultiPolygon", "coordinates": [ [ [ [ 100.640221277405288, 17.546823372931858 ], [ 100.640493622850258, 17.546530361152705 ], [ 100.64084401306576, 17.546473904841413 ], [ 100.641530044842341, 17.545602496872998 ], [ 100.640608349831936, 17.545093725019139 ], [ 100.640445522311722, 17.545831434128715 ], [ 100.639503282966075, 17.546323808333444 ], [ 100.640221277405288, 17.546823372931858 ] ] ] ] } },
{ "type": "Feature", "properties": { "OBJECTID_1": 302, "TARGET_FID": "0", "NAME_DNP": "ต้นสักใหญ่", "CODE_DNP": 1103, "APAR_CODE": "11031011320002HNM5", "APAR_NO": "10113", "NUM_APAR": "20002", "SPAR_CODE": "11030001400050HNM5", "SPAR_NO": "00014", "NUM_SPAR": "00050", "PAR_BAN": "ห้วยเนียม", "BAN_E": "HNM", "PAR_MOO": "5", "PAR_TAM": "น้ำไผ่", "PAR_AMP": "น้ำปาด", "PAR_PROV": "อุตรดิตถ์", "NAME_TITLE": "นาย", "SURNAME": "อินยา", "IDCARD": "3530400268469", "HOME_NO": "48", "HOME_BAN": "ห้วยเนียม", "HOME_MOO": "5", "HOME_TAM": "น้ำไผ่", "HOME_AMP": "น้ำปาด", "HOME_PROV": "อุตรดิตถ์", "REMARK": null, "BAN_TYPE": 0, "YEAR": "2563", "NAME_DNP_T": "อุทยานแห่งชาติ", "E": 674060.0, "N": 1940670.0, "NAME": "รัดดาวรรณ์", "PERIMETER": 481.56511065199999, "AREA_RAI": 8.5834599085600001, "RAI": 8.0, "NGAN": 2.0, "WA_SQ": 32.0, "OBJECTID": 303.0, "Area": 13733.535853699999, "MUBAN": "ห้วยเนียม", "TAMBOL": null, "HOME_BAN_E": null, "TAM_CODE": null, "TAM_NAM_T": "น้ำไผ่", "AMPHOE_T": "น้ำปาด", "AMPHOE_E": null, "PROV_CODE": null, "PROV_NAM_T": "อุตรดิตถ์", "PROV_NAM_E": null, "NAME_EN": null, "TAM_NAM_E": null, "Plot_No1": 1011320002.0, "Shape_Le_1": 481.56511065199999, "TARGET_F_1": 316.0, "Shape_Leng": 481.56511065199999, "Shape_Area": 13733.535853699999, "Cal_Rai": null, "layer": "AP1103HNM05", "path": "/Users/ponteerasingto/project11/อุทยานแห่งชาติต้นสักใหญ่/ส่งกรม/Shapefile/1.SHAPEFILE/บ้านห้วยเนียม/AP1103HNM05.shp" }, "geometry": { "type": "MultiPolygon", "coordinates": [ [ [ [ 100.639503282966075, 17.546323808333444 ], [ 100.640445522311722, 17.545831434128715 ], [ 100.640608349831936, 17.545093725019139 ], [ 100.640189956561073, 17.545125879487337 ], [ 100.640090563406915, 17.544945371530151 ], [ 100.639280479429075, 17.545538189536202 ], [ 100.639135325240375, 17.546067789700473 ], [ 100.639503282966075, 17.546323808333444 ] ] ] ] } },
{ "type": "Feature", "properties": { "OBJECTID_1": 303, "TARGET_FID": "0", "NAME_DNP": "ต้นสักใหญ่", "CODE_DNP": 1103, "APAR_CODE": "11031011220001HNM5", "APAR_NO": "10112", "NUM_APAR": "20001", "SPAR_CODE": "11030001400035HNM5", "SPAR_NO": "00014", "NUM_SPAR": "00035", "PAR_BAN": "ห้วยเนียม", "BAN_E": "HNM", "PAR_MOO": "5", "PAR_TAM": "น้ำไผ่", "PAR_AMP": "น้ำปาด", "PAR_PROV": "อุตรดิตถ์", "NAME_TITLE": "นาย", "SURNAME": "อุปวรรณ์", "IDCARD": "3530400266270", "HOME_NO": "51", "HOME_BAN": "ห้วยเนียม", "HOME_MOO": "5", "HOME_TAM": "น้ำไผ่", "HOME_AMP": "น้ำปาด", "HOME_PROV": "อุตรดิตถ์", "REMARK": null, "BAN_TYPE": 0, "YEAR": "2563", "NAME_DNP_T": "อุทยานแห่งชาติ", "E": 676291.0, "N": 1941266.0, "NAME": "วิลาส", "PERIMETER": 453.39077461599999, "AREA_RAI": 8.1088665146000007, "RAI": 8.0, "NGAN": 0.0, "WA_SQ": 40.0, "OBJECTID": 304.0, "Area": 12974.1864234, "MUBAN": "ห้วยเนียม", "TAMBOL": null, "HOME_BAN_E": null, "TAM_CODE": null, "TAM_NAM_T": "น้ำไผ่", "AMPHOE_T": "น้ำปาด", "AMPHOE_E": null, "PROV_CODE": null, "PROV_NAM_T": "อุตรดิตถ์", "PROV_NAM_E": null, "NAME_EN": null, "TAM_NAM_E": null, "Plot_No1": 1011220001.0000001, "Shape_Le_1": 358.50580053499999, "TARGET_F_1": 301.0, "Shape_Leng": 453.390788929, "Shape_Area": 12974.1868517, "Cal_Rai": null, "layer": "AP1103HNM05", "path": "/Users/ponteerasingto/project11/อุทยานแห่งชาติต้นสักใหญ่/ส่งกรม/Shapefile/1.SHAPEFILE/บ้านห้วยเนียม/AP1103HNM05.shp" }, "geometry": { "type": "MultiPolygon", "coordinates": [ [ [ [ 100.660377435004406, 17.550728643695923 ], [ 100.660472364516991, 17.551285278533072 ], [ 100.661483149149603, 17.551079825421262 ], [ 100.661809278200394, 17.550369103288453 ], [ 100.661278128079914, 17.549995549496384 ], [ 100.660377435004406, 17.550728643695923 ] ] ] ] } },
{ "type": "Feature", "properties": { "OBJECTID_1": 304, "TARGET_FID": "0", "NAME_DNP": "ต้นสักใหญ่", "CODE_DNP": 1103, "APAR_CODE": "11031010720005HNM5", "APAR_NO": "10107", "NUM_APAR": "20005", "SPAR_CODE": "11030001400011HNM5", "SPAR_NO": "00014", "NUM_SPAR": "00011", "PAR_BAN": "ห้วยเนียม", "BAN_E": "HNM", "PAR_MOO": "5", "PAR_TAM": "น้ำไผ่", "PAR_AMP": "น้ำปาด", "PAR_PROV": "อุตรดิตถ์", "NAME_TITLE": "นาง", "SURNAME": "จันทาบ", "IDCARD": "3530400265681", "HOME_NO": "10", "HOME_BAN": "ห้วยเนียม", "HOME_MOO": "5", "HOME_TAM": "น้ำไผ่", "HOME_AMP": "น้ำปาด", "HOME_PROV": "อุตรดิตถ์", "REMARK": null, "BAN_TYPE": 0, "YEAR": "2563", "NAME_DNP_T": "อุทยานแห่งชาติ", "E": 678014.0, "N": 1940039.0, "NAME": "บุญ", "PERIMETER": 658.04260459900001, "AREA_RAI": 16.083183323099998, "RAI": 16.0, "NGAN": 0.0, "WA_SQ": 32.0, "OBJECTID": 305.0, "Area": 25733.093317, "MUBAN": "ห้วยเนียม", "TAMBOL": null, "HOME_BAN_E": null, "TAM_CODE": null, "TAM_NAM_T": "น้ำไผ่", "AMPHOE_T": "น้ำปาด", "AMPHOE_E": null, "PROV_CODE": null, "PROV_NAM_T": "อุตรดิตถ์", "PROV_NAM_E": null, "NAME_EN": null, "TAM_NAM_E": null, "Plot_No1": 1010720005.0, "Shape_Le_1": 657.87048966400005, "TARGET_F_1": 276.0, "Shape_Leng": 658.04258145300003, "Shape_Area": 25733.089815700001, "Cal_Rai": null, "layer": "AP1103HNM05", "path": "/Users/ponteerasingto/project11/อุทยานแห่งชาติต้นสักใหญ่/ส่งกรม/Shapefile/1.SHAPEFILE/บ้านห้วยเนียม/AP1103HNM05.shp" }, "geometry": { "type": "MultiPolygon", "coordinates": [ [ [ [ 100.67821310770168, 17.539424387868536 ], [ 100.67737422253019, 17.539090057987412 ], [ 100.676780706528035, 17.538850887436599 ], [ 100.676434808048114, 17.539023029405655 ], [ 100.675780664531672, 17.539845444782252 ], [ 100.677719877327462, 17.54041912714343 ], [ 100.67821310770168, 17.539424387868536 ] ] ] ] } },
{ "type": "Feature", "properties": { "OBJECTID_1": 305, "TARGET_FID": "0", "NAME_DNP": "ต้นสักใหญ่", "CODE_DNP": 1103, "APAR_CODE": "11031010720007HNM5", "APAR_NO": "10107", "NUM_APAR": "20007", "SPAR_CODE": "11030001400014HNM5", "SPAR_NO": "00014", "NUM_SPAR": "00014", "PAR_BAN": "ห้วยเนียม", "BAN_E": "HNM", "PAR_MOO": "5", "PAR_TAM": "น้ำไผ่", "PAR_AMP": "น้ำปาด", "PAR_PROV": "อุตรดิตถ์", "NAME_TITLE": "นาง", "SURNAME": "พาสุวรรณ์", "IDCARD": "3530400265702", "HOME_NO": "79", "HOME_BAN": "ห้วยเนียม", "HOME_MOO": "5", "HOME_TAM": "น้ำไผ่", "HOME_AMP": "น้ำปาด", "HOME_PROV": "อุตรดิตถ์", "REMARK": null, "BAN_TYPE": 0, "YEAR": "2563", "NAME_DNP_T": "อุทยานแห่งชาติ", "E": 677819.0, "N": 1939880.0, "NAME": "พรรณี", "PERIMETER": 698.25495483999998, "AREA_RAI": 14.680302162, "RAI": 14.0, "NGAN": 2.0, "WA_SQ": 72.0, "OBJECTID": 306.0, "Area": 23488.483459200001, "MUBAN": "ห้วยเนียม", "TAMBOL": null, "HOME_BAN_E": null, "TAM_CODE": null, "TAM_NAM_T": "น้ำไผ่", "AMPHOE_T": "น้ำปาด", "AMPHOE_E": null, "PROV_CODE": null, "PROV_NAM_T": "อุตรดิตถ์", "PROV_NAM_E": null, "NAME_EN": null, "TAM_NAM_E": null, "Plot_No1": 1010720006.9999999, "Shape_Le_1": 697.79145301899996, "TARGET_F_1": 280.0, "Shape_Leng": 698.25500881100004, "Shape_Area": 23488.485093399999, "Cal_Rai": null, "layer": "AP1103HNM05", "path": "/Users/ponteerasingto/project11/อุทยานแห่งชาติต้นสักใหญ่/ส่งกรม/Shapefile/1.SHAPEFILE/บ้านห้วยเนียม/AP1103HNM05.shp" }, "geometry": { "type": "MultiPolygon", "coordinates": [ [ [ [ 100.674667219520828, 17.537260695453302 ], [ 100.674453611358288, 17.537446109920641 ], [ 100.674119051977954, 17.537562027397907 ], [ 100.675311205614221, 17.539200313643008 ], [ 100.675586193781086, 17.538987652768103 ], [ 100.676434808048114, 17.539023029405655 ], [ 100.676122613698496, 17.538668382232959 ], [ 100.675472806414874, 17.537712908817998 ], [ 100.675043026904092, 17.537320450145479 ], [ 100.674912627790562, 17.537299716349168 ], [ 100.674667219520828, 17.537260695453302 ] ] ] ] } },
{ "type": "Feature", "properties": { "OBJECTID_1": 306, "TARGET_FID": "0", "NAME_DNP": "ต้นสักใหญ่", "CODE_DNP": 1103, "APAR_CODE": "11031010720002HNM5", "APAR_NO": "10107", "NUM_APAR": "20002", "SPAR_CODE": "11030001400009HNM5", "SPAR_NO": "00014", "NUM_SPAR": "00009", "PAR_BAN": "ห้วยเนียม", "BAN_E": "HNM", "PAR_MOO": "5", "PAR_TAM": "น้ำไผ่", "PAR_AMP": "น้ำปาด", "PAR_PROV": "อุตรดิตถ์", "NAME_TITLE": "นางสาว", "SURNAME": "วงไชบุตร", "IDCARD": "3530400267306", "HOME_NO": "87", "HOME_BAN": "ห้วยเนียม", "HOME_MOO": "5", "HOME_TAM": "น้ำไผ่", "HOME_AMP": "น้ำปาด", "HOME_PROV": "อุตรดิตถ์", "REMARK": null, "BAN_TYPE": 0, "YEAR": "2563", "NAME_DNP_T": "อุทยานแห่งชาติ", "E": 678254.0, "N": 1940157.0, "NAME": "มลธิญา", "PERIMETER": 383.17389461, "AREA_RAI": 4.2501806205400001, "RAI": 4.0, "NGAN": 1.0, "WA_SQ": 0.0, "OBJECTID": 307.0, "Area": 6800.2889928699997, "MUBAN": "ห้วยเนียม", "TAMBOL": null, "HOME_BAN_E": null, "TAM_CODE": null, "TAM_NAM_T": "น้ำไผ่", "AMPHOE_T": "น้ำปาด", "AMPHOE_E": null, "PROV_CODE": null, "PROV_NAM_T": "อุตรดิตถ์", "PROV_NAM_E": null, "NAME_EN": null, "TAM_NAM_E": null, "Plot_No1": 1010720002.0, "Shape_Le_1": 383.17389461, "TARGET_F_1": 274.0, "Shape_Leng": 383.17389461, "Shape_Area": 6800.2889928699997, "Cal_Rai": null, "layer": "AP1103HNM05", "path": "/Users/ponteerasingto/project11/อุทยานแห่งชาติต้นสักใหญ่/ส่งกรม/Shapefile/1.SHAPEFILE/บ้านห้วยเนียม/AP1103HNM05.shp" }, "geometry": { "type": "MultiPolygon", "coordinates": [ [ [ [ 100.678968175589191, 17.541124730088352 ], [ 100.679455461293472, 17.541106346478376 ], [ 100.679956473262493, 17.540020692783418 ], [ 100.678749606724779, 17.540723746285348 ], [ 100.678968175589191, 17.541124730088352 ] ] ] ] } },
{ "type": "Feature", "properties": { "OBJECTID_1": 307, "TARGET_FID": "0", "NAME_DNP": "ต้นสักใหญ่", "CODE_DNP": 1103, "APAR_CODE": "11031010920004HNM5", "APAR_NO": "10109", "NUM_APAR": "20004", "SPAR_CODE": "11030001400025HNM5", "SPAR_NO": "00014", "NUM_SPAR": "00025", "PAR_BAN": "ห้วยเนียม", "BAN_E": "HNM", "PAR_MOO": "5", "PAR_TAM": "น้ำไผ่", "PAR_AMP": "น้ำปาด", "PAR_PROV": "อุตรดิตถ์", "NAME_TITLE": "นาง", "SURNAME": "ขิงหอม", "IDCARD": "3530400266563", "HOME_NO": "17/5", "HOME_BAN": "ห้วยเนียม", "HOME_MOO": "5", "HOME_TAM": "น้ำไผ่", "HOME_AMP": "น้ำปาด", "HOME_PROV": "อุตรดิตถ์", "REMARK": null, "BAN_TYPE": 0, "YEAR": "2563", "NAME_DNP_T": "อุทยานแห่งชาติ", "E": 677173.0, "N": 1939382.0, "NAME": "ลำพิน", "PERIMETER": 429.66794424599999, "AREA_RAI": 4.4343669861499997, "RAI": 4.0, "NGAN": 1.0, "WA_SQ": 72.0, "OBJECTID": 308.0, "Area": 7094.9871778400002, "MUBAN": "ห้วยเนียม", "TAMBOL": null, "HOME_BAN_E": null, "TAM_CODE": null, "TAM_NAM_T": "น้ำไผ่", "AMPHOE_T": "น้ำปาด", "AMPHOE_E": null, "PROV_CODE": null, "PROV_NAM_T": "อุตรดิตถ์", "PROV_NAM_E": null, "NAME_EN": null, "TAM_NAM_E": null, "Plot_No1": 1010920003.9999999, "Shape_Le_1": 430.68058183199997, "TARGET_F_1": 291.0, "Shape_Leng": 429.66798168399998, "Shape_Area": 7094.9892523, "Cal_Rai": null, "layer": "AP1103HNM05", "path": "/Users/ponteerasingto/project11/อุทยานแห่งชาติต้นสักใหญ่/ส่งกรม/Shapefile/1.SHAPEFILE/บ้านห้วยเนียม/AP1103HNM05.shp" }, "geometry": { "type": "MultiPolygon", "coordinates": [ [ [ [ 100.6694850198338, 17.534482668875125 ], [ 100.669050432518759, 17.53293252817614 ], [ 100.668693680395961, 17.533072931467533 ], [ 100.669105678610777, 17.534556886518292 ], [ 100.6694850198338, 17.534482668875125 ] ] ] ] } },
{ "type": "Feature", "properties": { "OBJECTID_1": 308, "TARGET_FID": "0", "NAME_DNP": "ต้นสักใหญ่", "CODE_DNP": 1103, "APAR_CODE": "11031010810001HNM5", "APAR_NO": "10108", "NUM_APAR": "10001", "SPAR_CODE": "11030001400021HNM5", "SPAR_NO": "00014", "NUM_SPAR": "00021", "PAR_BAN": "ห้วยเนียม", "BAN_E": "HNM", "PAR_MOO": "5", "PAR_TAM": "น้ำไผ่", "PAR_AMP": "น้ำปาด", "PAR_PROV": "อุตรดิตถ์", "NAME_TITLE": "นาง", "SURNAME": "อินดีสี", "IDCARD": "3530400266334", "HOME_NO": "15/1", "HOME_BAN": "ห้วยเนียม", "HOME_MOO": "5", "HOME_TAM": "น้ำไผ่", "HOME_AMP": "น้ำปาด", "HOME_PROV": "อุตรดิตถ์", "REMARK": null, "BAN_TYPE": 0, "YEAR": "2563", "NAME_DNP_T": "อุทยานแห่งชาติ", "E": 677479.0, "N": 1939517.0, "NAME": "พิมลรัตน์", "PERIMETER": 817.07348482600003, "AREA_RAI": 19.540425179700001, "RAI": 19.0, "NGAN": 2.0, "WA_SQ": 16.0, "OBJECTID": 309.0, "Area": 31264.680287499999, "MUBAN": "ห้วยเนียม", "TAMBOL": null, "HOME_BAN_E": null, "TAM_CODE": null, "TAM_NAM_T": "น้ำไผ่", "AMPHOE_T": "น้ำปาด", "AMPHOE_E": null, "PROV_CODE": null, "PROV_NAM_T": "อุตรดิตถ์", "PROV_NAM_E": null, "NAME_EN": null, "TAM_NAM_E": null, "Plot_No1": 1010810001.0000001, "Shape_Le_1": 816.93845074000001, "TARGET_F_1": 287.0, "Shape_Leng": 817.07345077000002, "Shape_Area": 31264.6784362, "Cal_Rai": null, "layer": "AP1103HNM05", "path": "/Users/ponteerasingto/project11/อุทยานแห่งชาติต้นสักใหญ่/ส่งกรม/Shapefile/1.SHAPEFILE/บ้านห้วยเนียม/AP1103HNM05.shp" }, "geometry": { "type": "MultiPolygon", "coordinates": [ [ [ [ 100.673016896905779, 17.534117492361169 ], [ 100.671902594138828, 17.533739744291228 ], [ 100.671765228832271, 17.533890288209225 ], [ 100.671979355853622, 17.534454510283496 ], [ 100.671143092084336, 17.534572109367648 ], [ 100.670971657092636, 17.534759990031162 ], [ 100.6716629801914, 17.536340971591301 ], [ 100.671979205873683, 17.536253698665348 ], [ 100.672259470594881, 17.535741310660843 ], [ 100.673016896905779, 17.534117492361169 ] ] ] ] } },
{ "type": "Feature", "properties": { "OBJECTID_1": 309, "TARGET_FID": "0", "NAME_DNP": "ต้นสักใหญ่", "CODE_DNP": 1103, "APAR_CODE": "11031010720001HNM5", "APAR_NO": "10107", "NUM_APAR": "20001", "SPAR_CODE": "11030001400008HNM5", "SPAR_NO": "00014", "NUM_SPAR": "00008", "PAR_BAN": "ห้วยเนียม", "BAN_E": "HNM", "PAR_MOO": "5", "PAR_TAM": "น้ำไผ่", "PAR_AMP": "น้ำปาด", "PAR_PROV": "อุตรดิตถ์", "NAME_TITLE": "นาย", "SURNAME": "มะลิวงษ์", "IDCARD": "3530400266377", "HOME_NO": "16", "HOME_BAN": "ห้วยเนียม", "HOME_MOO": "5", "HOME_TAM": "น้ำไผ่", "HOME_AMP": "น้ำปาด", "HOME_PROV": "อุตรดิตถ์", "REMARK": "สปก", "BAN_TYPE": 0, "YEAR": "2563", "NAME_DNP_T": "อุทยานแห่งชาติ", "E": 678262.0, "N": 1940239.0, "NAME": "เล็ก", "PERIMETER": 270.79368763899998, "AREA_RAI": 2.56377753731, "RAI": 2.0, "NGAN": 2.0, "WA_SQ": 24.0, "OBJECTID": 310.0, "Area": 4102.0440596899998, "MUBAN": "ห้วยเนียม", "TAMBOL": null, "HOME_BAN_E": null, "TAM_CODE": null, "TAM_NAM_T": "น้ำไผ่", "AMPHOE_T": "น้ำปาด", "AMPHOE_E": null, "PROV_CODE": null, "PROV_NAM_T": "อุตรดิตถ์", "PROV_NAM_E": null, "NAME_EN": null, "TAM_NAM_E": null, "Plot_No1": 1010720001.0000001, "Shape_Le_1": 269.016487756, "TARGET_F_1": 273.0, "Shape_Leng": 270.79365332899999, "Shape_Area": 4102.0429554900002, "Cal_Rai": null, "layer": "AP1103HNM05", "path": "/Users/ponteerasingto/project11/อุทยานแห่งชาติต้นสักใหญ่/ส่งกรม/Shapefile/1.SHAPEFILE/บ้านห้วยเนียม/AP1103HNM05.shp" }, "geometry": { "type": "MultiPolygon", "coordinates": [ [ [ [ 100.679455461293472, 17.541106346478376 ], [ 100.678968175589191, 17.541124730088352 ], [ 100.679335082833788, 17.54179784972866 ], [ 100.67989843569589, 17.541580739492549 ], [ 100.679455461293472, 17.541106346478376 ] ] ] ] } },
{ "type": "Feature", "properties": { "OBJECTID_1": 310, "TARGET_FID": "0", "NAME_DNP": "ต้นสักใหญ่", "CODE_DNP": 1103, "APAR_CODE": "11031011120008HNM5", "APAR_NO": "10111", "NUM_APAR": "20008", "SPAR_CODE": "11030001400028HNM5", "SPAR_NO": "00014", "NUM_SPAR": "00028", "PAR_BAN": "ห้วยเนียม", "BAN_E": "HNM", "PAR_MOO": "5", "PAR_TAM": "น้ำไผ่", "PAR_AMP": "น้ำปาด", "PAR_PROV": "อุตรดิตถ์", "NAME_TITLE": "นางสาว", "SURNAME": "พื้นหัวสระ", "IDCARD": "3250401152661", "HOME_NO": "68/1", "HOME_BAN": "ห้วยเนียม", "HOME_MOO": "5", "HOME_TAM": "น้ำไผ่", "HOME_AMP": "น้ำปาด", "HOME_PROV": "อุตรดิตถ์", "REMARK": null, "BAN_TYPE": 0, "YEAR": "2563", "NAME_DNP_T": "อุทยานแห่งชาติ", "E": 677003.0, "N": 1940197.0, "NAME": "งามจิตร", "PERIMETER": 323.165086949, "AREA_RAI": 2.9754469023399999, "RAI": 2.0, "NGAN": 3.0, "WA_SQ": 88.0, "OBJECTID": 311.0, "Area": 4760.7150437399996, "MUBAN": "ห้วยเนียม", "TAMBOL": null, "HOME_BAN_E": null, "TAM_CODE": null, "TAM_NAM_T": "น้ำไผ่", "AMPHOE_T": "น้ำปาด", "AMPHOE_E": null, "PROV_CODE": null, "PROV_NAM_T": "อุตรดิตถ์", "PROV_NAM_E": null, "NAME_EN": null, "TAM_NAM_E": null, "Plot_No1": 1011120008.0, "Shape_Le_1": 310.21007265499998, "TARGET_F_1": 294.0, "Shape_Leng": 323.16510213700002, "Shape_Area": 4760.7146611300004, "Cal_Rai": null, "layer": "AP1103HNM05", "path": "/Users/ponteerasingto/project11/อุทยานแห่งชาติต้นสักใหญ่/ส่งกรม/Shapefile/1.SHAPEFILE/บ้านห้วยเนียม/AP1103HNM05.shp" }, "geometry": { "type": "MultiPolygon", "coordinates": [ [ [ [ 100.667206581964905, 17.541709398621961 ], [ 100.668096866788147, 17.540958936479964 ], [ 100.668065297628914, 17.54073562955827 ], [ 100.667362083741608, 17.540848567044751 ], [ 100.667206581964905, 17.541709398621961 ] ] ] ] } },
{ "type": "Feature", "properties": { "OBJECTID_1": 311, "TARGET_FID": "0", "NAME_DNP": "ต้นสักใหญ่", "CODE_DNP": 1103, "APAR_CODE": "11031010620005HNM5", "APAR_NO": "10106", "NUM_APAR": "20005", "SPAR_CODE": "11030001400005HNM5", "SPAR_NO": "00014", "NUM_SPAR": "00005", "PAR_BAN": "ห้วยเนียม", "BAN_E": "HNM", "PAR_MOO": "5", "PAR_TAM": "น้ำไผ่", "PAR_AMP": "น้ำปาด", "PAR_PROV": "อุตรดิตถ์", "NAME_TITLE": "นาย", "SURNAME": "ขิงหอม", "IDCARD": "3530400266555", "HOME_NO": "17/2", "HOME_BAN": "ห้วยเนียม", "HOME_MOO": "5", "HOME_TAM": "น้ำไผ่", "HOME_AMP": "น้ำปาด", "HOME_PROV": "อุตรดิตถ์", "REMARK": null, "BAN_TYPE": 0, "YEAR": "2563", "NAME_DNP_T": "อุทยานแห่งชาติ", "E": 678759.0, "N": 1940317.0, "NAME": "อัมพร", "PERIMETER": 683.96949099000005, "AREA_RAI": 14.141713731599999, "RAI": 14.0, "NGAN": 0.0, "WA_SQ": 56.0, "OBJECTID": 312.0, "Area": 22626.741970499999, "MUBAN": "ห้วยเนียม", "TAMBOL": null, "HOME_BAN_E": null, "TAM_CODE": null, "TAM_NAM_T": "น้ำไผ่", "AMPHOE_T": "น้ำปาด", "AMPHOE_E": null, "PROV_CODE": null, "PROV_NAM_T": "อุตรดิตถ์", "PROV_NAM_E": null, "NAME_EN": null, "TAM_NAM_E": null, "Plot_No1": 1010620005.0, "Shape_Le_1": 683.96949099000005, "TARGET_F_1": 270.0, "Shape_Leng": 683.96949099000005, "Shape_Area": 22626.741970499999, "Cal_Rai": null, "layer": "AP1103HNM05", "path": "/Users/ponteerasingto/project11/อุทยานแห่งชาติต้นสักใหญ่/ส่งกรม/Shapefile/1.SHAPEFILE/บ้านห้วยเนียม/AP1103HNM05.shp" }, "geometry": { "type": "MultiPolygon", "coordinates": [ [ [ [ 100.684375140899348, 17.542763849926505 ], [ 100.684721050509296, 17.542083189383096 ], [ 100.684952763018998, 17.542226362243447 ], [ 100.685249003230865, 17.541922608993708 ], [ 100.684733725059999, 17.541176300402906 ], [ 100.683840625256721, 17.54184109422274 ], [ 100.683115077807116, 17.541845122240485 ], [ 100.682959430892083, 17.542497015840233 ], [ 100.683588630111899, 17.542715151900232 ], [ 100.684375140899348, 17.542763849926505 ] ] ] ] } },
{ "type": "Feature", "properties": { "OBJECTID_1": 312, "TARGET_FID": "0", "NAME_DNP": "ต้นสักใหญ่", "CODE_DNP": 1103, "APAR_CODE": "11031010720011HNM5", "APAR_NO": "10107", "NUM_APAR": "20011", "SPAR_CODE": "11030001400018HNM5", "SPAR_NO": "00014", "NUM_SPAR": "00018", "PAR_BAN": "ห้วยเนียม", "BAN_E": "HNM", "PAR_MOO": "5", "PAR_TAM": "น้ำไผ่", "PAR_AMP": "น้ำปาด", "PAR_PROV": "อุตรดิตถ์", "NAME_TITLE": "นาง", "SURNAME": "เพชรดำ", "IDCARD": "3530400265869", "HOME_NO": "71", "HOME_BAN": "ห้วยเนียม", "HOME_MOO": "5", "HOME_TAM": "น้ำไผ่", "HOME_AMP": "น้ำปาด", "HOME_PROV": "อุตรดิตถ์", "REMARK": null, "BAN_TYPE": 0, "YEAR": "2563", "NAME_DNP_T": "อุทยานแห่งชาติ", "E": 677772.0, "N": 1939351.0, "NAME": "รัตนา", "PERIMETER": 692.05047703100001, "AREA_RAI": 15.530572553600001, "RAI": 15.0, "NGAN": 2.0, "WA_SQ": 12.0, "OBJECTID": 313.0, "Area": 24848.9160858, "MUBAN": "ห้วยเนียม", "TAMBOL": null, "HOME_BAN_E": null, "TAM_CODE": null, "TAM_NAM_T": "น้ำไผ่", "AMPHOE_T": "น้ำปาด", "AMPHOE_E": null, "PROV_CODE": null, "PROV_NAM_T": "อุตรดิตถ์", "PROV_NAM_E": null, "NAME_EN": null, "TAM_NAM_E": null, "Plot_No1": 1010720011.0, "Shape_Le_1": 691.92744791899997, "TARGET_F_1": 284.0, "Shape_Leng": 692.05048653300003, "Shape_Area": 24848.9171953, "Cal_Rai": null, "layer": "AP1103HNM05", "path": "/Users/ponteerasingto/project11/อุทยานแห่งชาติต้นสักใหญ่/ส่งกรม/Shapefile/1.SHAPEFILE/บ้านห้วยเนียม/AP1103HNM05.shp" }, "geometry": { "type": "MultiPolygon", "coordinates": [ [ [ [ 100.674555733469845, 17.534096699064424 ], [ 100.674951767609969, 17.533953342037471 ], [ 100.675778362782808, 17.533362764232226 ], [ 100.675842597280592, 17.532759752592078 ], [ 100.675205480374956, 17.532849292883562 ], [ 100.674931707907248, 17.532560891580996 ], [ 100.67450274725384, 17.532740475844001 ], [ 100.674394346026546, 17.533093309794602 ], [ 100.674132435029449, 17.533245478458372 ], [ 100.673618845141831, 17.533806376678392 ], [ 100.673615728345808, 17.534274223643589 ], [ 100.674555733469845, 17.534096699064424 ] ] ] ] } },
{ "type": "Feature", "properties": { "OBJECTID_1": 313, "TARGET_FID": "0", "NAME_DNP": "ต้นสักใหญ่", "CODE_DNP": 1103, "APAR_CODE": "11031010720010HNM5", "APAR_NO": "10107", "NUM_APAR": "20010", "SPAR_CODE": "11030001400017HNM5", "SPAR_NO": "00014", "NUM_SPAR": "00017", "PAR_BAN": "ห้วยเนียม", "BAN_E": "HNM", "PAR_MOO": "5", "PAR_TAM": "น้ำไผ่", "PAR_AMP": "น้ำปาด", "PAR_PROV": "อุตรดิตถ์", "NAME_TITLE": "นาย", "SURNAME": "พากัน", "IDCARD": "3530400270994", "HOME_NO": "79/1", "HOME_BAN": "ห้วยเนียม", "HOME_MOO": "5", "HOME_TAM": "น้ำไผ่", "HOME_AMP": "น้ำปาด", "HOME_PROV": "อุตรดิตถ์", "REMARK": null, "BAN_TYPE": 0, "YEAR": "2563", "NAME_DNP_T": "อุทยานแห่งชาติ", "E": 677906.0, "N": 1939405.0, "NAME": "ภาวัต", "PERIMETER": 1014.59367208, "AREA_RAI": 25.936887059699998, "RAI": 25.0, "NGAN": 3.0, "WA_SQ": 72.0, "OBJECTID": 314.0, "Area": 41499.019295500002, "MUBAN": "ห้วยเนียม", "TAMBOL": null, "HOME_BAN_E": null, "TAM_CODE": null, "TAM_NAM_T": "น้ำไผ่", "AMPHOE_T": null, "AMPHOE_E": null, "PROV_CODE": null, "PROV_NAM_T": null, "PROV_NAM_E": null, "NAME_EN": null, "TAM_NAM_E": null, "Plot_No1": 1010720010.0, "Shape_Le_1": 1014.52177576, "TARGET_F_1": 283.0, "Shape_Leng": 1014.59368983, "Shape_Area": 41499.020897199996, "Cal_Rai": null, "layer": "AP1103HNM05", "path": "/Users/ponteerasingto/project11/อุทยานแห่งชาติต้นสักใหญ่/ส่งกรม/Shapefile/1.SHAPEFILE/บ้านห้วยเนียม/AP1103HNM05.shp" }, "geometry": { "type": "MultiPolygon", "coordinates": [ [ [ [ 100.67553475110914, 17.535938289843102 ], [ 100.676076068783274, 17.535387601321606 ], [ 100.676157161336306, 17.534449741809389 ], [ 100.677132652421761, 17.533217426066642 ], [ 100.676647999651038, 17.532468000365849 ], [ 100.676291329767196, 17.53212862521686 ], [ 100.675842597280592, 17.532759752592078 ], [ 100.675778362782808, 17.533362764232226 ], [ 100.674951767609969, 17.533953342037471 ], [ 100.675314999927878, 17.535047000423685 ], [ 100.675509065053461, 17.53531086916507 ], [ 100.675341483758302, 17.53573336365357 ], [ 100.67553475110914, 17.535938289843102 ] ] ] ] } },
{ "type": "Feature", "properties": { "OBJECTID_1": 314, "TARGET_FID": "0", "NAME_DNP": "ต้นสักใหญ่", "CODE_DNP": 1103, "APAR_CODE": "11031010720009HNM5", "APAR_NO": "10107", "NUM_APAR": "20009", "SPAR_CODE": "11030001400016HNM5", "SPAR_NO": "00014", "NUM_SPAR": "00016", "PAR_BAN": "ห้วยเนียม", "BAN_E": "HNM", "PAR_MOO": "5", "PAR_TAM": "น้ำไผ่", "PAR_AMP": "น้ำปาด", "PAR_PROV": "อุตรดิตถ์", "NAME_TITLE": "นาง", "SURNAME": "จันทาบ", "IDCARD": "3530400265699", "HOME_NO": "73", "HOME_BAN": "ห้วยเนียม", "HOME_MOO": "5", "HOME_TAM": "น้ำไผ่", "HOME_AMP": "น้ำปาด", "HOME_PROV": "อุตรดิตถ์", "REMARK": null, "BAN_TYPE": 0, "YEAR": "2563", "NAME_DNP_T": "อุทยานแห่งชาติ", "E": 677733.0, "N": 1939593.0, "NAME": "จรีรัตน์", "PERIMETER": 1040.2654634400001, "AREA_RAI": 23.4386660298, "RAI": 23.0, "NGAN": 1.0, "WA_SQ": 72.0, "OBJECTID": 315.0, "Area": 37501.865647699997, "MUBAN": "ห้วยเนียม", "TAMBOL": null, "HOME_BAN_E": null, "TAM_CODE": null, "TAM_NAM_T": "น้ำไผ่", "AMPHOE_T": null, "AMPHOE_E": null, "PROV_CODE": null, "PROV_NAM_T": null, "PROV_NAM_E": null, "NAME_EN": null, "TAM_NAM_E": null, "Plot_No1": 1010720009.0000001, "Shape_Le_1": 1040.3487557599999, "TARGET_F_1": 282.0, "Shape_Leng": 1040.2654235299999, "Shape_Area": 37501.863675000001, "Cal_Rai": null, "layer": "AP1103HNM05", "path": "/Users/ponteerasingto/project11/อุทยานแห่งชาติต้นสักใหญ่/ส่งกรม/Shapefile/1.SHAPEFILE/บ้านห้วยเนียม/AP1103HNM05.shp" }, "geometry": { "type": "MultiPolygon", "coordinates": [ [ [ [ 100.674119051977954, 17.537562027397907 ], [ 100.674453611358288, 17.537446109920641 ], [ 100.674667219520828, 17.537260695453302 ], [ 100.674912627790562, 17.537299716349168 ], [ 100.674848248467072, 17.536926698103926 ], [ 100.674444063614558, 17.537003265032784 ], [ 100.674392999857901, 17.536170999833661 ], [ 100.675314999927878, 17.535047000423685 ], [ 100.674951767609969, 17.533953342037471 ], [ 100.674555733469845, 17.534096699064424 ], [ 100.673983978327044, 17.534589285987849 ], [ 100.673936994542956, 17.534900480433144 ], [ 100.673896295357352, 17.535217598121587 ], [ 100.673842479086005, 17.535463104229088 ], [ 100.673919701188552, 17.53573141149376 ], [ 100.67356386857837, 17.536799066274281 ], [ 100.674119051977954, 17.537562027397907 ] ] ] ] } },
{ "type": "Feature", "properties": { "OBJECTID_1": 258, "TARGET_FID": "0", "NAME_DNP": "ต้นสักใหญ่", "CODE_DNP": 1103, "APAR_CODE": "11031010520007KMK7", "APAR_NO": "10105", "NUM_APAR": "20007", "SPAR_CODE": "11030001300006KMK7", "SPAR_NO": "00013", "NUM_SPAR": "00006", "PAR_BAN": "กกหม่อนแก้ว", "BAN_E": "KMK", "PAR_MOO": "7", "PAR_TAM": "น้ำไผ่", "PAR_AMP": "น้ำปาด", "PAR_PROV": "อุตรดิตถ์", "NAME_TITLE": "นาย", "SURNAME": "บุสดี", "IDCARD": "3670700320449", "HOME_NO": "10/5", "HOME_BAN": "กกหม่อนแก้ว", "HOME_MOO": "7", "HOME_TAM": "น้ำไผ่", "HOME_AMP": "น้ำปาด", "HOME_PROV": "อุตรดิตถ์", "REMARK": null, "BAN_TYPE": 0, "YEAR": "2563", "NAME_DNP_T": "อุทยานแห่งชาติ", "E": 679224.0, "N": 1942070.0, "NAME": "จันที", "PERIMETER": 619.26121563100003, "AREA_RAI": 15.979284958399999, "RAI": 15.0, "NGAN": 3.0, "WA_SQ": 88.0, "OBJECTID": 259.0, "Area": 25566.855933499999, "MUBAN": "กกหม่อนแก้ว", "TAMBOL": null, "HOME_BAN_E": null, "TAM_CODE": null, "TAM_NAM_T": "น้ำไผ่", "AMPHOE_T": "น้ำปาด", "AMPHOE_E": null, "PROV_CODE": null, "PROV_NAM_T": "อุตรดิตถ์", "PROV_NAM_E": null, "NAME_EN": null, "TAM_NAM_E": null, "Plot_No1": 1010520006.9999999, "Shape_Le_1": 619.24290517199995, "TARGET_F_1": 264.0, "Shape_Leng": 619.26121628600004, "Shape_Area": 25566.8566, "Cal_Rai": 15.9793, "layer": "AP1103KMK07", "path": "/Users/ponteerasingto/project11/อุทยานแห่งชาติต้นสักใหญ่/ส่งกรม/Shapefile/1.SHAPEFILE/บ้านกกหม่อนแก้ว/AP1103KMK07.shp" }, "geometry": { "type": "MultiPolygon", "coordinates": [ [ [ [ 100.689268937419712, 17.557042340176789 ], [ 100.688495503501983, 17.556931473508769 ], [ 100.688194989066744, 17.557475651663076 ], [ 100.687612014995523, 17.558158843231169 ], [ 100.688068644467265, 17.558642883541747 ], [ 100.688200935615612, 17.558736307825772 ], [ 100.688334133343375, 17.558830371241246 ], [ 100.688944646531439, 17.558539160182494 ], [ 100.689318596086366, 17.558334037524602 ], [ 100.689407756790715, 17.557791127849683 ], [ 100.689268937419712, 17.557042340176789 ] ] ] ] } },
{ "type": "Feature", "properties": { "OBJECTID_1": 259, "TARGET_FID": "0", "NAME_DNP": "ต้นสักใหญ่", "CODE_DNP": 1103, "APAR_CODE": "11031010520006KMK7", "APAR_NO": "10105", "NUM_APAR": "20006", "SPAR_CODE": "11030001300007KMK7", "SPAR_NO": "00013", "NUM_SPAR": "00007", "PAR_BAN": "กกหม่อนแก้ว", "BAN_E": "KMK", "PAR_MOO": "7", "PAR_TAM": "น้ำไผ่", "PAR_AMP": "น้ำปาด", "PAR_PROV": "อุตรดิตถ์", "NAME_TITLE": "นาย", "SURNAME": "แพงผม", "IDCARD": "3530400304058", "HOME_NO": "35", "HOME_BAN": "กกหม่อนแก้ว", "HOME_MOO": "7", "HOME_TAM": "น้ำไผ่", "HOME_AMP": "น้ำปาด", "HOME_PROV": "อุตรดิตถ์", "REMARK": null, "BAN_TYPE": 0, "YEAR": "2563", "NAME_DNP_T": "อุทยานแห่งชาติ", "E": 679075.0, "N": 1942050.0, "NAME": "พีรชาติ", "PERIMETER": 482.28121327700001, "AREA_RAI": 8.1338930625000003, "RAI": 8.0, "NGAN": 0.0, "WA_SQ": 52.0, "OBJECTID": 260.0, "Area": 13014.2289, "MUBAN": "กกหม่อนแก้ว", "TAMBOL": null, "HOME_BAN_E": null, "TAM_CODE": null, "TAM_NAM_T": "น้ำไผ่", "AMPHOE_T": "น้ำปาด", "AMPHOE_E": null, "PROV_CODE": null, "PROV_NAM_T": "อุตรดิตถ์", "PROV_NAM_E": null, "NAME_EN": null, "TAM_NAM_E": null, "Plot_No1": 1010520006.0, "Shape_Le_1": 482.28121327700001, "TARGET_F_1": 265.0, "Shape_Leng": 482.28121327700001, "Shape_Area": 13014.2289, "Cal_Rai": 8.1339, "layer": "AP1103KMK07", "path": "/Users/ponteerasingto/project11/อุทยานแห่งชาติต้นสักใหญ่/ส่งกรม/Shapefile/1.SHAPEFILE/บ้านกกหม่อนแก้ว/AP1103KMK07.shp" }, "geometry": { "type": "MultiPolygon", "coordinates": [ [ [ [ 100.686364452533553, 17.557708649094376 ], [ 100.686896596374027, 17.558210120738647 ], [ 100.687612014995523, 17.558158843231169 ], [ 100.688194989066744, 17.557475651663076 ], [ 100.687397767820656, 17.557401660964942 ], [ 100.687018502543197, 17.557133819065033 ], [ 100.686364452533553, 17.557708649094376 ] ] ] ] } },
{ "type": "Feature", "properties": { "OBJECTID_1": 260, "TARGET_FID": "0", "NAME_DNP": "ต้นสักใหญ่", "CODE_DNP": 1103, "APAR_CODE": "11031010520005KMK7", "APAR_NO": "10105", "NUM_APAR": "20005", "SPAR_CODE": "11030001300003KMK7", "SPAR_NO": "00013", "NUM_SPAR": "00003", "PAR_BAN": "กกหม่อนแก้ว", "BAN_E": "KMK", "PAR_MOO": "7", "PAR_TAM": "น้ำไผ่", "PAR_AMP": "น้ำปาด", "PAR_PROV": "อุตรดิตถ์", "NAME_TITLE": "นาย", "SURNAME": "สอนปัน", "IDCARD": "1530400045310", "HOME_NO": "36/1", "HOME_BAN": "กกหม่อนแก้ว", "HOME_MOO": "7", "HOME_TAM": "น้ำไผ่", "HOME_AMP": "น้ำปาด", "HOME_PROV": "อุตรดิตถ์", "REMARK": null, "BAN_TYPE": 0, "YEAR": "2563", "NAME_DNP_T": "อุทยานแห่งชาติ", "E": 678995.0, "N": 1942178.0, "NAME": "เอกพันธ์", "PERIMETER": 814.61229189300002, "AREA_RAI": 18.320828808200002, "RAI": 18.0, "NGAN": 1.0, "WA_SQ": 28.0, "OBJECTID": 261.0, "Area": 29313.326093200001, "MUBAN": "กกหม่อนแก้ว", "TAMBOL": null, "HOME_BAN_E": null, "TAM_CODE": null, "TAM_NAM_T": "น้ำไผ่", "AMPHOE_T": "น้ำปาด", "AMPHOE_E": null, "PROV_CODE": null, "PROV_NAM_T": "อุตรดิตถ์", "PROV_NAM_E": null, "NAME_EN": null, "TAM_NAM_E": null, "Plot_No1": 1010520005.0, "Shape_Le_1": 814.61229189300002, "TARGET_F_1": 261.0, "Shape_Leng": 814.61229189300002, "Shape_Area": 29313.326093200001, "Cal_Rai": 18.3208, "layer": "AP1103KMK07", "path": "/Users/ponteerasingto/project11/อุทยานแห่งชาติต้นสักใหญ่/ส่งกรม/Shapefile/1.SHAPEFILE/บ้านกกหม่อนแก้ว/AP1103KMK07.shp" }, "geometry": { "type": "MultiPolygon", "coordinates": [ [ [ [ 100.686896596374027, 17.558210120738647 ], [ 100.686364452533553, 17.557708649094376 ], [ 100.686158575252691, 17.557854976156602 ], [ 100.685998403433018, 17.557851387991885 ], [ 100.68613927841028, 17.558153231469454 ], [ 100.685164290260374, 17.559185962481873 ], [ 100.685203586584805, 17.559378273534442 ], [ 100.686076457737798, 17.559170018472791 ], [ 100.686392522062022, 17.559389663906291 ], [ 100.686384777334538, 17.559926389033819 ], [ 100.687324002997627, 17.559607029634179 ], [ 100.687498191739394, 17.559090502951058 ], [ 100.686896596374027, 17.558210120738647 ] ] ] ] } },
{ "type": "Feature", "properties": { "OBJECTID_1": 261, "TARGET_FID": "0", "NAME_DNP": "ต้นสักใหญ่", "CODE_DNP": 1103, "APAR_CODE": "11031010520004KMK7", "APAR_NO": "10105", "NUM_APAR": "20004", "SPAR_CODE": "11030001300005KMK7", "SPAR_NO": "00013", "NUM_SPAR": "00005", "PAR_BAN": "กกหม่อนแก้ว", "BAN_E": "KMK", "PAR_MOO": "7", "PAR_TAM": "น้ำไผ่", "PAR_AMP": "น้ำปาด", "PAR_PROV": "อุตรดิตถ์", "NAME_TITLE": "นาย", "SURNAME": "แสงรอด", "IDCARD": "3530400303094", "HOME_NO": "9/1", "HOME_BAN": "กกหม่อนแก้ว", "HOME_MOO": "7", "HOME_TAM": "น้ำไผ่", "HOME_AMP": "น้ำปาด", "HOME_PROV": "อุตรดิตถ์", "REMARK": null, "BAN_TYPE": 0, "YEAR": "2563", "NAME_DNP_T": "อุทยานแห่งชาติ", "E": 679166.0, "N": 1942234.0, "NAME": "เขียน", "PERIMETER": 349.69667904599999, "AREA_RAI": 4.78710743232, "RAI": 4.0, "NGAN": 3.0, "WA_SQ": 12.0, "OBJECTID": 262.0, "Area": 7659.3718917200003, "MUBAN": "กกหม่อนแก้ว", "TAMBOL": null, "HOME_BAN_E": null, "TAM_CODE": null, "TAM_NAM_T": "น้ำไผ่", "AMPHOE_T": "น้ำปาด", "AMPHOE_E": null, "PROV_CODE": null, "PROV_NAM_T": "อุตรดิตถ์", "PROV_NAM_E": null, "NAME_EN": null, "TAM_NAM_E": null, "Plot_No1": 1010520003.9999999, "Shape_Le_1": 349.50060175900001, "TARGET_F_1": 263.0, "Shape_Leng": 349.69669375799998, "Shape_Area": 7659.3733113999997, "Cal_Rai": 4.7871, "layer": "AP1103KMK07", "path": "/Users/ponteerasingto/project11/อุทยานแห่งชาติต้นสักใหญ่/ส่งกรม/Shapefile/1.SHAPEFILE/บ้านกกหม่อนแก้ว/AP1103KMK07.shp" }, "geometry": { "type": "MultiPolygon", "coordinates": [ [ [ [ 100.688448135551965, 17.559761827023479 ], [ 100.688432466389514, 17.559039482298456 ], [ 100.688334133343375, 17.558830371241246 ], [ 100.688200935615612, 17.558736307825772 ], [ 100.687896187204089, 17.559008787740307 ], [ 100.687771147161499, 17.559278227723528 ], [ 100.687536687238889, 17.559572365725138 ], [ 100.688050505751718, 17.559884755392869 ], [ 100.688448135551965, 17.559761827023479 ] ] ] ] } },
{ "type": "Feature", "properties": { "OBJECTID_1": 262, "TARGET_FID": "0", "NAME_DNP": "ต้นสักใหญ่", "CODE_DNP": 1103, "APAR_CODE": "11031010520002KMK7", "APAR_NO": "10105", "NUM_APAR": "20002", "SPAR_CODE": "11030001300002KMK7", "SPAR_NO": "00013", "NUM_SPAR": "00002", "PAR_BAN": "กกหม่อนแก้ว", "BAN_E": "KMK", "PAR_MOO": "7", "PAR_TAM": "น้ำไผ่", "PAR_AMP": "น้ำปาด", "PAR_PROV": "อุตรดิตถ์", "NAME_TITLE": "นาย", "SURNAME": "มีกันหา", "IDCARD": "3530400304554", "HOME_NO": "40", "HOME_BAN": "กกหม่อนแก้ว", "HOME_MOO": "7", "HOME_TAM": "น้ำไผ่", "HOME_AMP": "น้ำปาด", "HOME_PROV": "อุตรดิตถ์", "REMARK": null, "BAN_TYPE": 0, "YEAR": "2563", "NAME_DNP_T": "อุทยานแห่งชาติ", "E": 679098.0, "N": 1942392.0, "NAME": "วิจัย", "PERIMETER": 204.06906322, "AREA_RAI": 1.5006459353299999, "RAI": 1.0, "NGAN": 2.0, "WA_SQ": 0.0, "OBJECTID": 263.0, "Area": 2401.0334965299999, "MUBAN": "กกหม่อนแก้ว", "TAMBOL": null, "HOME_BAN_E": null, "TAM_CODE": null, "TAM_NAM_T": "น้ำไผ่", "AMPHOE_T": "น้ำปาด", "AMPHOE_E": null, "PROV_CODE": null, "PROV_NAM_T": "อุตรดิตถ์", "PROV_NAM_E": null, "NAME_EN": null, "TAM_NAM_E": null, "Plot_No1": 1010520002.0, "Shape_Le_1": 203.86606171099999, "TARGET_F_1": 260.0, "Shape_Leng": 204.06903103900001, "Shape_Area": 2401.0326561500001, "Cal_Rai": 1.5006, "layer": "AP1103KMK07", "path": "/Users/ponteerasingto/project11/อุทยานแห่งชาติต้นสักใหญ่/ส่งกรม/Shapefile/1.SHAPEFILE/บ้านกกหม่อนแก้ว/AP1103KMK07.shp" }, "geometry": { "type": "MultiPolygon", "coordinates": [ [ [ [ 100.68784607842953, 17.560881259010067 ], [ 100.687335215924435, 17.560463435596034 ], [ 100.687183610926454, 17.560912989566535 ], [ 100.687469426636412, 17.561073940208324 ], [ 100.68784607842953, 17.560881259010067 ] ] ] ] } },
{ "type": "Feature", "properties": { "OBJECTID_1": 263, "TARGET_FID": "0", "NAME_DNP": "ต้นสักใหญ่", "CODE_DNP": 1103, "APAR_CODE": "11031010520001KMK7", "APAR_NO": "10105", "NUM_APAR": "20001", "SPAR_CODE": "11030001300001KMK7", "SPAR_NO": "00013", "NUM_SPAR": "00001", "PAR_BAN": "กกหม่อนแก้ว", "BAN_E": "KMK", "PAR_MOO": "7", "PAR_TAM": "น้ำไผ่", "PAR_AMP": "น้ำปาด", "PAR_PROV": "อุตรดิตถ์", "NAME_TITLE": "นาง", "SURNAME": "พระวงษ์วัน", "IDCARD": "3530400304384", "HOME_NO": "22", "HOME_BAN": "กกหม่อนแก้ว", "HOME_MOO": "7", "HOME_TAM": "น้ำไผ่", "HOME_AMP": "น้ำปาด", "HOME_PROV": "อุตรดิตถ์", "REMARK": null, "BAN_TYPE": 0, "YEAR": "2563", "NAME_DNP_T": "อุทยานแห่งชาติ", "E": 679028.0, "N": 1942410.0, "NAME": "สอน", "PERIMETER": 324.62360723099999, "AREA_RAI": 2.48007853436, "RAI": 2.0, "NGAN": 1.0, "WA_SQ": 92.0, "OBJECTID": 264.0, "Area": 3968.1256549700001, "MUBAN": "กกหม่อนแก้ว", "TAMBOL": null, "HOME_BAN_E": null, "TAM_CODE": null, "TAM_NAM_T": "น้ำไผ่", "AMPHOE_T": "น้ำปาด", "AMPHOE_E": null, "PROV_CODE": null, "PROV_NAM_T": "อุตรดิตถ์", "PROV_NAM_E": null, "NAME_EN": null, "TAM_NAM_E": null, "Plot_No1": 1010520001.0000001, "Shape_Le_1": 324.85469550200003, "TARGET_F_1": 259.0, "Shape_Leng": 324.623614933, "Shape_Area": 3968.12563077, "Cal_Rai": 2.4801, "layer": "AP1103KMK07", "path": "/Users/ponteerasingto/project11/อุทยานแห่งชาติต้นสักใหญ่/ส่งกรม/Shapefile/1.SHAPEFILE/บ้านกกหม่อนแก้ว/AP1103KMK07.shp" }, "geometry": { "type": "MultiPolygon", "coordinates": [ [ [ [ 100.687469426636412, 17.561073940208324 ], [ 100.687183610926454, 17.560912989566535 ], [ 100.68708149480419, 17.560943605998006 ], [ 100.686960114454848, 17.560798944424231 ], [ 100.6866097291893, 17.560843171138298 ], [ 100.686386615878206, 17.560635883218584 ], [ 100.686184712025607, 17.560700360010777 ], [ 100.686450755382126, 17.561051107312267 ], [ 100.687122125490532, 17.561251605108534 ], [ 100.687469426636412, 17.561073940208324 ] ] ] ] } },
{ "type": "Feature", "properties": { "OBJECTID_1": 264, "TARGET_FID": "0", "NAME_DNP": "ต้นสักใหญ่", "CODE_DNP": 1103, "APAR_CODE": "11031010520003KMK7", "APAR_NO": "10105", "NUM_APAR": "20003", "SPAR_CODE": "11030001300004KMK7", "SPAR_NO": "00013", "NUM_SPAR": "00004", "PAR_BAN": "กกหม่อนแก้ว", "BAN_E": "KMK", "PAR_MOO": "7", "PAR_TAM": "น้ำไผ่", "PAR_AMP": "น้ำปาด", "PAR_PROV": "อุตรดิตถ์", "NAME_TITLE": "นาง", "SURNAME": "พากันหา", "IDCARD": "3530400262312", "HOME_NO": "72/1", "HOME_BAN": "ห้วยคอม", "HOME_MOO": "4", "HOME_TAM": "น้ำไผ่", "HOME_AMP": "น้ำปาด", "HOME_PROV": "อุตรดิตถ์", "REMARK": null, "BAN_TYPE": 0, "YEAR": "2563", "NAME_DNP_T": "อุทยานแห่งชาติ", "E": 679235.0, "N": 1942316.0, "NAME": "สมคิด", "PERIMETER": 391.972990079, "AREA_RAI": 5.4203198867399998, "RAI": 5.0, "NGAN": 1.0, "WA_SQ": 68.0, "OBJECTID": 265.0, "Area": 8672.5118187900007, "MUBAN": "ห้วยคอม", "TAMBOL": null, "HOME_BAN_E": null, "TAM_CODE": null, "TAM_NAM_T": "น้ำไผ่", "AMPHOE_T": "น้ำปาด", "AMPHOE_E": null, "PROV_CODE": null, "PROV_NAM_T": "อุตรดิตถ์", "PROV_NAM_E": null, "NAME_EN": null, "TAM_NAM_E": null, "Plot_No1": 1010520003.0, "Shape_Le_1": 391.972990079, "TARGET_F_1": 262.0, "Shape_Leng": 391.972990079, "Shape_Area": 8672.5118187900007, "Cal_Rai": 5.4203, "layer": "AP1103KMK07", "path": "/Users/ponteerasingto/project11/อุทยานแห่งชาติต้นสักใหญ่/ส่งกรม/Shapefile/1.SHAPEFILE/บ้านกกหม่อนแก้ว/AP1103KMK07.shp" }, "geometry": { "type": "MultiPolygon", "coordinates": [ [ [ [ 100.688281986055244, 17.560658263433083 ], [ 100.68949880823854, 17.560035772193469 ], [ 100.689502660375936, 17.559926156626261 ], [ 100.689245001877026, 17.559689282829904 ], [ 100.688691338768052, 17.55978365997559 ], [ 100.688194633556776, 17.559973178523688 ], [ 100.688134879030116, 17.560248622746872 ], [ 100.688281986055244, 17.560658263433083 ] ] ] ] } },
{ "type": "Feature", "properties": { "OBJECTID_1": 207, "TARGET_FID": "0", "NAME_DNP": "ต้นสักใหญ่", "CODE_DNP": 1103, "APAR_CODE": "11031007810001NKM8", "APAR_NO": "10078", "NUM_APAR": "10001", "SPAR_CODE": "11030000700001NKM8", "SPAR_NO": "00007", "NUM_SPAR": "00001", "PAR_BAN": "นากล่ำ", "BAN_E": "NKM", "PAR_MOO": "8", "PAR_TAM": "น้ำไคร้", "PAR_AMP": "น้ำปาด", "PAR_PROV": "อุตรดิตถ์", "NAME_TITLE": "นาย", "SURNAME": "ปล้องแก้ว", "IDCARD": "3530400285517", "HOME_NO": "101/6", "HOME_BAN": "นากล่ำ", "HOME_MOO": "2", "HOME_TAM": "น้ำไคร้", "HOME_AMP": "น้ำปาด", "HOME_PROV": "อุตรดิตถ์", "REMARK": null, "BAN_TYPE": 0, "YEAR": "2563", "NAME_DNP_T": "อุทยานแห่งชาติ", "E": 658782.0, "N": 1942341.0, "NAME": "เพ็ชร", "PERIMETER": 235.72889693400001, "AREA_RAI": 1.2930304403499999, "RAI": 1.0, "NGAN": 1.0, "WA_SQ": 16.0, "OBJECTID": 208.0, "Area": 2068.8487045500001, "MUBAN": "นากล่ำ", "TAMBOL": null, "HOME_BAN_E": null, "TAM_CODE": null, "TAM_NAM_T": "น้ำไคร้", "AMPHOE_T": "น้ำปาด", "AMPHOE_E": null, "PROV_CODE": null, "PROV_NAM_T": "อุตรดิตถ์", "PROV_NAM_E": null, "NAME_EN": null, "TAM_NAM_E": null, "Plot_No1": 1007810001.0000001, "Shape_Le_1": 239.83483920500001, "TARGET_F_1": 208.0, "Shape_Leng": 235.72888616099999, "Shape_Area": 2068.84716295, "Cal_Rai": 1.293, "layer": "AP1103NKM08", "path": "/Users/ponteerasingto/project11/อุทยานแห่งชาติต้นสักใหญ่/ส่งกรม/Shapefile/1.SHAPEFILE/บ้านนากล่ำ/AP1103NKM08.shp" }, "geometry": { "type": "MultiPolygon", "coordinates": [ [ [ [ 100.495999534970139, 17.562446451173496 ], [ 100.496359850480573, 17.561610396922646 ], [ 100.495924420651974, 17.561643222586159 ], [ 100.495999534970139, 17.562446451173496 ] ] ] ] } },
{ "type": "Feature", "properties": { "OBJECTID_1": 204, "TARGET_FID": "0", "NAME_DNP": "ต้นสักใหญ่", "CODE_DNP": 1103, "APAR_CODE": "11031007710001NKI1", "APAR_NO": "10077", "NUM_APAR": "10001", "SPAR_CODE": "11030000600001NKI1", "SPAR_NO": "00006", "NUM_SPAR": "00001", "PAR_BAN": "น้ำไคร้", "BAN_E": "NKI", "PAR_MOO": "1", "PAR_TAM": "น้ำไคร้", "PAR_AMP": "น้ำปาด", "PAR_PROV": "อุตรดิตถ์", "NAME_TITLE": "นาย", "SURNAME": "ยาท้วม", "IDCARD": "3530400275384", "HOME_NO": "46", "HOME_BAN": "น้ำไคร้", "HOME_MOO": "1", "HOME_TAM": "น้ำไคร้", "HOME_AMP": "น้ำปาด", "HOME_PROV": "อุตรดิตถ์", "REMARK": null, "BAN_TYPE": 0, "YEAR": "2563", "NAME_DNP_T": "อุทยานแห่งชาติ", "E": 654089.0, "N": 1945794.0, "NAME": "อุเทน", "PERIMETER": 395.09710043400003, "AREA_RAI": 4.4109766765799998, "RAI": 4.0, "NGAN": 1.0, "WA_SQ": 64.0, "OBJECTID": 205.0, "Area": 7057.5626825299996, "MUBAN": "น้ำไคร้", "TAMBOL": null, "HOME_BAN_E": "NAMKHRAI", "TAM_CODE": null, "TAM_NAM_T": "น้ำไคร้", "AMPHOE_T": "น้ำปาด", "AMPHOE_E": "NAMPAT", "PROV_CODE": "53", "PROV_NAM_T": "อุตรดิตถ์", "PROV_NAM_E": "Uttaradit", "NAME_EN": "Ton Sak Yai", "TAM_NAM_E": "NAMPAT", "Plot_No1": 1007710001.0000001, "Shape_Le_1": 395.09710043400003, "TARGET_F_1": 205.0, "Shape_Leng": 395.09710043400003, "Shape_Area": 7057.5626825299996, "Cal_Rai": 4.411, "layer": "AP1103NKT01", "path": "/Users/ponteerasingto/project11/อุทยานแห่งชาติต้นสักใหญ่/ส่งกรม/Shapefile/1.SHAPEFILE/บ้านน้ำไคร้/AP1103NKT01.shp" }, "geometry": { "type": "MultiPolygon", "coordinates": [ [ [ [ 100.45211595438991, 17.594157634158432 ], [ 100.452469350164662, 17.593338962701559 ], [ 100.452697041912899, 17.592811488437455 ], [ 100.452336477944542, 17.593010059089714 ], [ 100.45181328501701, 17.593052158367477 ], [ 100.451730017055013, 17.593239263517198 ], [ 100.451894601884078, 17.593869264522546 ], [ 100.45211595438991, 17.594157634158432 ] ] ] ] } },
{ "type": "Feature", "properties": { "OBJECTID_1": 205, "TARGET_FID": "0", "NAME_DNP": "ต้นสักใหญ่", "CODE_DNP": 1103, "APAR_CODE": "11031007610001NKI1", "APAR_NO": "10076", "NUM_APAR": "10001", "SPAR_CODE": "11030000600002NKI1", "SPAR_NO": "00006", "NUM_SPAR": "00002", "PAR_BAN": "น้ำไคร้", "BAN_E": "NKI", "PAR_MOO": "1", "PAR_TAM": "น้ำไคร้", "PAR_AMP": "น้ำปาด", "PAR_PROV": "อุตรดิตถ์", "NAME_TITLE": "นาย", "SURNAME": "น้อยศรี", "IDCARD": "3530400278791", "HOME_NO": "67/6", "HOME_BAN": "น้ำไคร้", "HOME_MOO": "1", "HOME_TAM": "น้ำไคร้", "HOME_AMP": "น้ำปาด", "HOME_PROV": "อุตรดิตถ์", "REMARK": null, "BAN_TYPE": 0, "YEAR": "2563", "NAME_DNP_T": "อุทยานแห่งชาติ", "E": 653729.0, "N": 1945497.0, "NAME": "พร", "PERIMETER": 293.25468563200002, "AREA_RAI": 1.4269259277299999, "RAI": 1.0, "NGAN": 1.0, "WA_SQ": 68.0, "OBJECTID": 206.0, "Area": 2283.08148437, "MUBAN": "น้ำไคร้", "TAMBOL": null, "HOME_BAN_E": "NAMKHRAI", "TAM_CODE": null, "TAM_NAM_T": "น้ำไคร้", "AMPHOE_T": "น้ำปาด", "AMPHOE_E": "NAMPAT", "PROV_CODE": "53", "PROV_NAM_T": "อุตรดิตถ์", "PROV_NAM_E": "Uttaradit", "NAME_EN": "Ton Sak Yai", "TAM_NAM_E": "NAMPAT", "Plot_No1": 1007610001.0000001, "Shape_Le_1": 294.879922024, "TARGET_F_1": 206.0, "Shape_Leng": 293.254782315, "Shape_Area": 2283.0826821400001, "Cal_Rai": 1.4269, "layer": "AP1103NKT01", "path": "/Users/ponteerasingto/project11/อุทยานแห่งชาติต้นสักใหญ่/ส่งกรม/Shapefile/1.SHAPEFILE/บ้านน้ำไคร้/AP1103NKT01.shp" }, "geometry": { "type": "MultiPolygon", "coordinates": [ [ [ [ 100.449288058964584, 17.59090371376811 ], [ 100.448595186253939, 17.590613499703508 ], [ 100.448128987866312, 17.590414409623275 ], [ 100.448168636049601, 17.590583133225433 ], [ 100.44857618450645, 17.590733167525116 ], [ 100.448896156564999, 17.591010375834919 ], [ 100.449055585899885, 17.591056756822542 ], [ 100.449288058964584, 17.59090371376811 ] ] ] ] } },
{ "type": "Feature", "properties": { "OBJECTID_1": 206, "TARGET_FID": "0", "NAME_DNP": "ต้นสักใหญ่", "CODE_DNP": 1103, "APAR_CODE": "11031007510001NKI1", "APAR_NO": "10075", "NUM_APAR": "10001", "SPAR_CODE": "11030000600003NKI1", "SPAR_NO": "00006", "NUM_SPAR": "00003", "PAR_BAN": "น้ำไคร้", "BAN_E": "NKI", "PAR_MOO": "1", "PAR_TAM": "น้ำไคร้", "PAR_AMP": "น้ำปาด", "PAR_PROV": "อุตรดิตถ์", "NAME_TITLE": "นาย", "SURNAME": "คำมีมา", "IDCARD": "3530400280710", "HOME_NO": "91/10", "HOME_BAN": "น้ำไคร้", "HOME_MOO": "1", "HOME_TAM": "น้ำไคร้", "HOME_AMP": "น้ำปาด", "HOME_PROV": "อุตรดิตถ์", "REMARK": null, "BAN_TYPE": 0, "YEAR": "2563", "NAME_DNP_T": "อุทยานแห่งชาติ", "E": 653531.0, "N": 1945416.0, "NAME": "ไวพจน์", "PERIMETER": 361.427205093, "AREA_RAI": 3.84974266069, "RAI": 3.0, "NGAN": 3.0, "WA_SQ": 36.0, "OBJECTID": 207.0, "Area": 6159.5882571000002, "MUBAN": "น้ำไคร้", "TAMBOL": null, "HOME_BAN_E": "NAMKHRAI", "TAM_CODE": null, "TAM_NAM_T": "น้ำไคร้", "AMPHOE_T": "น้ำปาด", "AMPHOE_E": "NAMPAT", "PROV_CODE": "53", "PROV_NAM_T": "อุตรดิตถ์", "PROV_NAM_E": "Uttaradit", "NAME_EN": "Ton Sak Yai", "TAM_NAM_E": "NAMPAT", "Plot_No1": 1007510001.0000001, "Shape_Le_1": 360.70587555700001, "TARGET_F_1": 207.0, "Shape_Leng": 361.42721079299997, "Shape_Area": 6159.5887213200003, "Cal_Rai": 3.8497, "layer": "AP1103NKT01", "path": "/Users/ponteerasingto/project11/อุทยานแห่งชาติต้นสักใหญ่/ส่งกรม/Shapefile/1.SHAPEFILE/บ้านน้ำไคร้/AP1103NKT01.shp" }, "geometry": { "type": "MultiPolygon", "coordinates": [ [ [ [ 100.447591194860124, 17.59018478563943 ], [ 100.447413040108998, 17.590108716889581 ], [ 100.446504264124314, 17.589481412358047 ], [ 100.446446043066345, 17.590224687969769 ], [ 100.446663900739267, 17.590446135032739 ], [ 100.447241754417988, 17.590239197969151 ], [ 100.447499739947801, 17.590259782779448 ], [ 100.447591194860124, 17.59018478563943 ] ] ] ] } },
{ "type": "Feature", "properties": { "OBJECTID_1": 184, "TARGET_FID": "0", "NAME_DNP": "ต้นสักใหญ่", "CODE_DNP": 1103, "APAR_CODE": "11031007110008NMN5", "APAR_NO": "10071", "NUM_APAR": "10008", "SPAR_CODE": "11030000500012NMN5", "SPAR_NO": "00005", "NUM_SPAR": "00012", "PAR_BAN": "น้ำหมีน้อย", "BAN_E": "NMN", "PAR_MOO": "5", "PAR_TAM": "ผักขวง", "PAR_AMP": "ทองแสนขัน", "PAR_PROV": "อุตรดิตถ์", "NAME_TITLE": "นาย", "SURNAME": "จรจัล", "IDCARD": "3530900096748", "HOME_NO": "69", "HOME_BAN": "น้ำหมีน้อย", "HOME_MOO": "5", "HOME_TAM": "ผักขวง", "HOME_AMP": "ทองแสนขัน", "HOME_PROV": "อุตรดิตถ์", "REMARK": null, "BAN_TYPE": 0, "YEAR": "2563", "NAME_DNP_T": "อุทยานแห่งชาติ", "E": 654672.0, "N": 1938889.0, "NAME": "สำโรย", "PERIMETER": 477.05774779799998, "AREA_RAI": 6.8900689561200004, "RAI": 6.0, "NGAN": 3.0, "WA_SQ": 56.0, "OBJECTID": 184.0, "Area": 11024.1103298, "MUBAN": "น้ำหมีน้อย", "TAMBOL": null, "HOME_BAN_E": null, "TAM_CODE": null, "TAM_NAM_T": "ผักขวง", "AMPHOE_T": "ทองแสนขัน", "AMPHOE_E": null, "PROV_CODE": null, "PROV_NAM_T": "อุตรดิตถ์", "PROV_NAM_E": null, "NAME_EN": null, "TAM_NAM_E": null, "Plot_No1": 1007110008.0, "Shape_Le_1": 477.05774779799998, "TARGET_F_1": 195.0, "Shape_Leng": 477.05774779799998, "Shape_Area": 11024.1103298, "Cal_Rai": 6.8901, "layer": "AP1103NMN05", "path": "/Users/ponteerasingto/project11/อุทยานแห่งชาติต้นสักใหญ่/ส่งกรม/Shapefile/1.SHAPEFILE/บ้านน้ำหมีน้อย/AP1103NMN05.shp" }, "geometry": { "type": "MultiPolygon", "coordinates": [ [ [ [ 100.456809811442184, 17.531658267506767 ], [ 100.45699740224677, 17.531692025922709 ], [ 100.457127483756139, 17.531637824765255 ], [ 100.457099181979046, 17.531422696377344 ], [ 100.457586605345384, 17.530898484381826 ], [ 100.457790428747018, 17.530910016341757 ], [ 100.457901719265919, 17.530692317069072 ], [ 100.45767285808104, 17.530341569488709 ], [ 100.456979636575682, 17.530639425890197 ], [ 100.456346482342951, 17.531063933971961 ], [ 100.456622064226224, 17.531324838002586 ], [ 100.456809811442184, 17.531658267506767 ] ] ] ] } },
{ "type": "Feature", "properties": { "OBJECTID_1": 185, "TARGET_FID": "0", "NAME_DNP": "ต้นสักใหญ่", "CODE_DNP": 1103, "APAR_CODE": "11031007110003NMN5", "APAR_NO": "10071", "NUM_APAR": "10003", "SPAR_CODE": "11030000500011NMN5", "SPAR_NO": "00005", "NUM_SPAR": "00011", "PAR_BAN": "น้ำหมีน้อย", "BAN_E": "NMN", "PAR_MOO": "5", "PAR_TAM": "ผักขวง", "PAR_AMP": "ทองแสนขัน", "PAR_PROV": "อุตรดิตถ์", "NAME_TITLE": "นาง", "SURNAME": "แหยมไทย", "IDCARD": "3530900095873", "HOME_NO": "21", "HOME_BAN": "น้ำหมีน้อย", "HOME_MOO": "5", "HOME_TAM": "ผักขวง", "HOME_AMP": "ทองแสนขัน", "HOME_PROV": "อุตรดิตถ์", "REMARK": null, "BAN_TYPE": 0, "YEAR": "2563", "NAME_DNP_T": "อุทยานแห่งชาติ", "E": 654786.0, "N": 1938983.0, "NAME": "คง", "PERIMETER": 725.94829406099996, "AREA_RAI": 17.782962609599998, "RAI": 17.0, "NGAN": 3.0, "WA_SQ": 12.0, "OBJECTID": 185.0, "Area": 28452.740175300001, "MUBAN": "น้ำหมีน้อย", "TAMBOL": null, "HOME_BAN_E": null, "TAM_CODE": null, "TAM_NAM_T": "ผักขวง", "AMPHOE_T": "ทองแสนขัน", "AMPHOE_E": null, "PROV_CODE": null, "PROV_NAM_T": "อุตรดิตถ์", "PROV_NAM_E": null, "NAME_EN": null, "TAM_NAM_E": null, "Plot_No1": 1007110003.0, "Shape_Le_1": 725.94829406099996, "TARGET_F_1": 194.0, "Shape_Leng": 725.94829406099996, "Shape_Area": 28452.740175300001, "Cal_Rai": 17.783, "layer": "AP1103NMN05", "path": "/Users/ponteerasingto/project11/อุทยานแห่งชาติต้นสักใหญ่/ส่งกรม/Shapefile/1.SHAPEFILE/บ้านน้ำหมีน้อย/AP1103NMN05.shp" }, "geometry": { "type": "MultiPolygon", "coordinates": [ [ [ [ 100.458164294463316, 17.532904373440218 ], [ 100.458681093373272, 17.532746947479833 ], [ 100.459223698425745, 17.532464637955091 ], [ 100.458773861178329, 17.531390762600633 ], [ 100.457901719265919, 17.530692317069072 ], [ 100.457790428747018, 17.530910016341757 ], [ 100.457586605345384, 17.530898484381826 ], [ 100.457586605345384, 17.530898484381826 ], [ 100.457586605345384, 17.530898484381826 ], [ 100.457586605345384, 17.530898484381826 ], [ 100.457099181979046, 17.531422696377344 ], [ 100.457127483756139, 17.531637824765255 ], [ 100.45757001363269, 17.531616497744292 ], [ 100.45769613732763, 17.53207644173137 ], [ 100.458164294463316, 17.532904373440218 ] ] ] ] } },
{ "type": "Feature", "properties": { "OBJECTID_1": 186, "TARGET_FID": "0", "NAME_DNP": "ต้นสักใหญ่", "CODE_DNP": 1103, "APAR_CODE": "11031007110011NMN5", "APAR_NO": "10071", "NUM_APAR": "10011", "SPAR_CODE": "11030000500014NMN5", "SPAR_NO": "00005", "NUM_SPAR": "00014", "PAR_BAN": "น้ำหมีน้อย", "BAN_E": "NMN", "PAR_MOO": "5", "PAR_TAM": "ผักขวง", "PAR_AMP": "ทองแสนขัน", "PAR_PROV": "อุตรดิตถ์", "NAME_TITLE": "นาง", "SURNAME": "ทิสันเทียะ", "IDCARD": "3530900097957", "HOME_NO": "103", "HOME_BAN": "น้ำหมีน้อย", "HOME_MOO": "5", "HOME_TAM": "ผักขวง", "HOME_AMP": "ทองแสนขัน", "HOME_PROV": "อุตรดิตถ์", "REMARK": null, "BAN_TYPE": 0, "YEAR": "2563", "NAME_DNP_T": "อุทยานแห่งชาติ", "E": 654520.0, "N": 1938632.0, "NAME": "สุรีย์รัตน", "PERIMETER": 634.00402200899998, "AREA_RAI": 12.7221013423, "RAI": 12.0, "NGAN": 2.0, "WA_SQ": 88.0, "OBJECTID": 186.0, "Area": 20355.362147700002, "MUBAN": "น้ำหมีน้อย", "TAMBOL": null, "HOME_BAN_E": null, "TAM_CODE": null, "TAM_NAM_T": "ผักขวง", "AMPHOE_T": "ทองแสนขัน", "AMPHOE_E": null, "PROV_CODE": null, "PROV_NAM_T": "อุตรดิตถ์", "PROV_NAM_E": null, "NAME_EN": null, "TAM_NAM_E": null, "Plot_No1": 1007110011.0, "Shape_Le_1": 640.84429770500003, "TARGET_F_1": 197.0, "Shape_Leng": 634.00395513299998, "Shape_Area": 20355.357706899998, "Cal_Rai": 12.7221, "layer": "AP1103NMN05", "path": "/Users/ponteerasingto/project11/อุทยานแห่งชาติต้นสักใหญ่/ส่งกรม/Shapefile/1.SHAPEFILE/บ้านน้ำหมีน้อย/AP1103NMN05.shp" }, "geometry": { "type": "MultiPolygon", "coordinates": [ [ [ [ 100.454904867195822, 17.529313646623223 ], [ 100.455531032173567, 17.529205923537301 ], [ 100.455761449218031, 17.529320284100109 ], [ 100.456047847082161, 17.528983447138039 ], [ 100.456220499887991, 17.528933483042916 ], [ 100.456616683147374, 17.528604216756815 ], [ 100.456788779835406, 17.528470150224376 ], [ 100.456598776600003, 17.527947660053051 ], [ 100.455933440790005, 17.528170166668637 ], [ 100.454456507942268, 17.528603036838039 ], [ 100.454726415057777, 17.528943230021117 ], [ 100.454904867195822, 17.529313646623223 ] ] ] ] } },
{ "type": "Feature", "properties": { "OBJECTID_1": 187, "TARGET_FID": "0", "NAME_DNP": "ต้นสักใหญ่", "CODE_DNP": 1103, "APAR_CODE": "11031007110012NMN5", "APAR_NO": "10071", "NUM_APAR": "10012", "SPAR_CODE": "11030000500005NMN5", "SPAR_NO": "00005", "NUM_SPAR": "00005", "PAR_BAN": "น้ำหมีน้อย", "BAN_E": "NMN", "PAR_MOO": "5", "PAR_TAM": "ผักขวง", "PAR_AMP": "ทองแสนขัน", "PAR_PROV": "อุตรดิตถ์", "NAME_TITLE": "นาง", "SURNAME": "เขียวเทศ", "IDCARD": "3530900097892", "HOME_NO": "25/1", "HOME_BAN": "น้ำหมีน้อย", "HOME_MOO": "5", "HOME_TAM": "ผักขวง", "HOME_AMP": "ทองแสนขัน", "HOME_PROV": "อุตรดิตถ์", "REMARK": null, "BAN_TYPE": 0, "YEAR": "2563", "NAME_DNP_T": "อุทยานแห่งชาติ", "E": 654303.0, "N": 1938741.0, "NAME": "เทียน", "PERIMETER": 988.28372337899998, "AREA_RAI": 33.389094162100001, "RAI": 33.0, "NGAN": 1.0, "WA_SQ": 52.0, "OBJECTID": 187.0, "Area": 53422.550659300003, "MUBAN": "น้ำหมีน้อย", "TAMBOL": "ผักขวง", "HOME_BAN_E": null, "TAM_CODE": null, "TAM_NAM_T": "ผักขวง", "AMPHOE_T": "ทองแสนขัน", "AMPHOE_E": null, "PROV_CODE": null, "PROV_NAM_T": "อุตรดิตถ์", "PROV_NAM_E": null, "NAME_EN": null, "TAM_NAM_E": null, "Plot_No1": 1007110012.0000001, "Shape_Le_1": 979.26687457599996, "TARGET_F_1": 188.0, "Shape_Leng": 988.28378355300003, "Shape_Area": 53422.547429600003, "Cal_Rai": 33.3891, "layer": "AP1103NMN05", "path": "/Users/ponteerasingto/project11/อุทยานแห่งชาติต้นสักใหญ่/ส่งกรม/Shapefile/1.SHAPEFILE/บ้านน้ำหมีน้อย/AP1103NMN05.shp" }, "geometry": { "type": "MultiPolygon", "coordinates": [ [ [ [ 100.454244125424012, 17.530863889860349 ], [ 100.454199843787066, 17.530641886368805 ], [ 100.454296975938561, 17.530531469456591 ], [ 100.454299809760442, 17.530374727455452 ], [ 100.454237525891358, 17.530245889487645 ], [ 100.454610606825653, 17.530210438451981 ], [ 100.454898474844398, 17.52969323465376 ], [ 100.455162193524771, 17.529691298936307 ], [ 100.454904867195822, 17.529313646623223 ], [ 100.454726415057777, 17.528943230021117 ], [ 100.454456507942268, 17.528603036838039 ], [ 100.454344645371563, 17.528396832730714 ], [ 100.453591737265356, 17.528826260738441 ], [ 100.453421196536723, 17.528700996771956 ], [ 100.453126159655369, 17.528767705927002 ], [ 100.453024829320867, 17.528604498917993 ], [ 100.452862853532039, 17.528648600349928 ], [ 100.45240141570109, 17.529566957208125 ], [ 100.452220491844187, 17.529779739227081 ], [ 100.452496164380975, 17.530369486409597 ], [ 100.453600522734533, 17.530857522634893 ], [ 100.453628581413881, 17.530985569875863 ], [ 100.454029065550671, 17.530969665805813 ], [ 100.454244125424012, 17.530863889860349 ] ] ] ] } },
{ "type": "Feature", "properties": { "OBJECTID_1": 188, "TARGET_FID": "0", "NAME_DNP": "ต้นสักใหญ่", "CODE_DNP": 1103, "APAR_CODE": "11031007110001NMN5", "APAR_NO": "10071", "NUM_APAR": "10001", "SPAR_CODE": "11030000500008NMN5", "SPAR_NO": "00005", "NUM_SPAR": "00008", "PAR_BAN": "น้ำหมีน้อย", "BAN_E": "NMN", "PAR_MOO": "5", "PAR_TAM": "ผักขวง", "PAR_AMP": "ทองแสนขัน", "PAR_PROV": "อุตรดิตถ์", "NAME_TITLE": "นาง", "SURNAME": "อินต๊ะจักร์", "IDCARD": "3530900097035", "HOME_NO": "117", "HOME_BAN": "น้ำหมีน้อย", "HOME_MOO": "5", "HOME_TAM": "ผักขวง", "HOME_AMP": "ทองแสนขัน", "HOME_PROV": "อุตรดิตถ์", "REMARK": null, "BAN_TYPE": 0, "YEAR": "2563", "NAME_DNP_T": "อุทยานแห่งชาติ", "E": 654800.0, "N": 1939138.0, "NAME": "ประหยัด", "PERIMETER": 456.41353199100001, "AREA_RAI": 7.1590172640600001, "RAI": 7.0, "NGAN": 0.0, "WA_SQ": 60.0, "OBJECTID": 188.0, "Area": 11454.427622499999, "MUBAN": "น้ำหมีน้อย", "TAMBOL": "ผักขวง", "HOME_BAN_E": null, "TAM_CODE": null, "TAM_NAM_T": "ผักขวง", "AMPHOE_T": "ทองแสนขัน", "AMPHOE_E": null, "PROV_CODE": null, "PROV_NAM_T": "อุตรดิตถ์", "PROV_NAM_E": null, "NAME_EN": null, "TAM_NAM_E": null, "Plot_No1": 1007110001.0000001, "Shape_Le_1": 464.00281210499998, "TARGET_F_1": 191.0, "Shape_Leng": 456.41353073699997, "Shape_Area": 11454.428172, "Cal_Rai": 7.159, "layer": "AP1103NMN05", "path": "/Users/ponteerasingto/project11/อุทยานแห่งชาติต้นสักใหญ่/ส่งกรม/Shapefile/1.SHAPEFILE/บ้านน้ำหมีน้อย/AP1103NMN05.shp" }, "geometry": { "type": "MultiPolygon", "coordinates": [ [ [ [ 100.458432477612988, 17.533730594446546 ], [ 100.458892560405204, 17.533628377103096 ], [ 100.45909027275259, 17.533465257700822 ], [ 100.458681093373272, 17.532746947479833 ], [ 100.458164294463316, 17.532904373440218 ], [ 100.458001909685919, 17.532617198332073 ], [ 100.457539012603974, 17.533249360183898 ], [ 100.458432477612988, 17.533730594446546 ] ] ] ] } },
{ "type": "Feature", "properties": { "OBJECTID_1": 189, "TARGET_FID": "0", "NAME_DNP": "ต้นสักใหญ่", "CODE_DNP": 1103, "APAR_CODE": "11031007110002NMN5", "APAR_NO": "10071", "NUM_APAR": "10002", "SPAR_CODE": "11030000500009NMN5", "SPAR_NO": "00005", "NUM_SPAR": "00009", "PAR_BAN": "น้ำหมีน้อย", "BAN_E": "NMN", "PAR_MOO": "5", "PAR_TAM": "ผักขวง", "PAR_AMP": "ทองแสนขัน", "PAR_PROV": "อุตรดิตถ์", "NAME_TITLE": "นาง", "SURNAME": "ทิสันเทียะ", "IDCARD": "3530900097957", "HOME_NO": "103", "HOME_BAN": "น้ำหมีน้อย", "HOME_MOO": "5", "HOME_TAM": "ผักขวง", "HOME_AMP": "ทองแสนขัน", "HOME_PROV": "อุตรดิตถ์", "REMARK": null, "BAN_TYPE": 0, "YEAR": "2563", "NAME_DNP_T": "อุทยานแห่งชาติ", "E": 654710.0, "N": 1939073.0, "NAME": "สุรีย์รัตน", "PERIMETER": 354.375067505, "AREA_RAI": 5.0315429899700002, "RAI": 5.0, "NGAN": 0.0, "WA_SQ": 12.0, "OBJECTID": 189.0, "Area": 8050.4687839600001, "MUBAN": "น้ำหมีน้อย", "TAMBOL": "ผักขวง", "HOME_BAN_E": null, "TAM_CODE": null, "TAM_NAM_T": "ผักขวง", "AMPHOE_T": "ทองแสนขัน", "AMPHOE_E": null, "PROV_CODE": null, "PROV_NAM_T": "อุตรดิตถ์", "PROV_NAM_E": null, "NAME_EN": null, "TAM_NAM_E": null, "Plot_No1": 1007110002.0, "Shape_Le_1": 354.375067505, "TARGET_F_1": 192.0, "Shape_Leng": 354.375067505, "Shape_Area": 8050.4687839600001, "Cal_Rai": 5.0315, "layer": "AP1103NMN05", "path": "/Users/ponteerasingto/project11/อุทยานแห่งชาติต้นสักใหญ่/ส่งกรม/Shapefile/1.SHAPEFILE/บ้านน้ำหมีน้อย/AP1103NMN05.shp" }, "geometry": { "type": "MultiPolygon", "coordinates": [ [ [ [ 100.45729456539064, 17.533117695267737 ], [ 100.457539012603974, 17.533249360183898 ], [ 100.458001909685919, 17.532617198332073 ], [ 100.45769613732763, 17.53207644173137 ], [ 100.456945822321373, 17.532479572492104 ], [ 100.45729456539064, 17.533117695267737 ] ] ] ] } },
{ "type": "Feature", "properties": { "OBJECTID_1": 190, "TARGET_FID": "0", "NAME_DNP": "ต้นสักใหญ่", "CODE_DNP": 1103, "APAR_CODE": "11031007110004NMN5", "APAR_NO": "10071", "NUM_APAR": "10004", "SPAR_CODE": "11030000500010NMN5", "SPAR_NO": "00005", "NUM_SPAR": "00010", "PAR_BAN": "น้ำหมีน้อย", "BAN_E": "NMN", "PAR_MOO": "5", "PAR_TAM": "ผักขวง", "PAR_AMP": "ทองแสนขัน", "PAR_PROV": "อุตรดิตถ์", "NAME_TITLE": "นาย", "SURNAME": "แหยมไทย", "IDCARD": "1530900002275", "HOME_NO": "93", "HOME_BAN": "น้ำหมีน้อย", "HOME_MOO": "5", "HOME_TAM": "ผักขวง", "HOME_AMP": "ทองแสนขัน", "HOME_PROV": "อุตรดิตถ์", "REMARK": null, "BAN_TYPE": 0, "YEAR": "2563", "NAME_DNP_T": "อุทยานแห่งชาติ", "E": 654677.0, "N": 1939001.0, "NAME": "สยาม", "PERIMETER": 332.40204183999998, "AREA_RAI": 4.1030428266400003, "RAI": 4.0, "NGAN": 0.0, "WA_SQ": 40.0, "OBJECTID": 190.0, "Area": 6564.8685226300004, "MUBAN": "น้ำหมีน้อย", "TAMBOL": "ผักขวง", "HOME_BAN_E": null, "TAM_CODE": null, "TAM_NAM_T": "ผักขวง", "AMPHOE_T": "ทองแสนขัน", "AMPHOE_E": null, "PROV_CODE": null, "PROV_NAM_T": "อุตรดิตถ์", "PROV_NAM_E": null, "NAME_EN": null, "TAM_NAM_E": null, "Plot_No1": 1007110003.9999999, "Shape_Le_1": 332.40204183999998, "TARGET_F_1": 193.0, "Shape_Leng": 332.40204183999998, "Shape_Area": 6564.8685226300004, "Cal_Rai": 4.103, "layer": "AP1103NMN05", "path": "/Users/ponteerasingto/project11/อุทยานแห่งชาติต้นสักใหญ่/ส่งกรม/Shapefile/1.SHAPEFILE/บ้านน้ำหมีน้อย/AP1103NMN05.shp" }, "geometry": { "type": "MultiPolygon", "coordinates": [ [ [ [ 100.456692440584177, 17.53202255943723 ], [ 100.456945822321373, 17.532479572492104 ], [ 100.45769613732763, 17.53207644173137 ], [ 100.45757001363269, 17.531616497744292 ], [ 100.457127483756139, 17.531637824765255 ], [ 100.45699740224677, 17.531692025922709 ], [ 100.456809811442184, 17.531658267506767 ], [ 100.456876723975896, 17.531809591645775 ], [ 100.456692440584177, 17.53202255943723 ] ] ] ] } },
{ "type": "Feature", "properties": { "OBJECTID_1": 191, "TARGET_FID": "0", "NAME_DNP": "ต้นสักใหญ่", "CODE_DNP": 1103, "APAR_CODE": "11031007110007NMN5", "APAR_NO": "10071", "NUM_APAR": "10007", "SPAR_CODE": "11030000500003NMN5", "SPAR_NO": "00005", "NUM_SPAR": "00003", "PAR_BAN": "น้ำหมีน้อย", "BAN_E": "NMN", "PAR_MOO": "5", "PAR_TAM": "ผักขวง", "PAR_AMP": "ทองแสนขัน", "PAR_PROV": "อุตรดิตถ์", "NAME_TITLE": "นาง", "SURNAME": "แหยมไทย", "IDCARD": "3530900096071", "HOME_NO": "106", "HOME_BAN": "น้ำหมีน้อย", "HOME_MOO": "5", "HOME_TAM": "ผักขวง", "HOME_AMP": "ทองแสนขัน", "HOME_PROV": "อุตรดิตถ์", "REMARK": null, "BAN_TYPE": 0, "YEAR": "2563", "NAME_DNP_T": "อุทยานแห่งชาติ", "E": 654575.0, "N": 1938972.0, "NAME": "สายบัว", "PERIMETER": 699.57050466500004, "AREA_RAI": 9.4894878366800004, "RAI": 9.0, "NGAN": 1.0, "WA_SQ": 92.0, "OBJECTID": 191.0, "Area": 15183.1805387, "MUBAN": "น้ำหมีน้อย", "TAMBOL": "ผักขวง", "HOME_BAN_E": null, "TAM_CODE": null, "TAM_NAM_T": "ผักขวง", "AMPHOE_T": "ทองแสนขัน", "AMPHOE_E": null, "PROV_CODE": null, "PROV_NAM_T": "อุตรดิตถ์", "PROV_NAM_E": null, "NAME_EN": null, "TAM_NAM_E": null, "Plot_No1": 1007110006.9999999, "Shape_Le_1": 698.50683913700004, "TARGET_F_1": 186.0, "Shape_Leng": 699.57051463200003, "Shape_Area": 15183.181335499999, "Cal_Rai": 9.4895, "layer": "AP1103NMN05", "path": "/Users/ponteerasingto/project11/อุทยานแห่งชาติต้นสักใหญ่/ส่งกรม/Shapefile/1.SHAPEFILE/บ้านน้ำหมีน้อย/AP1103NMN05.shp" }, "geometry": { "type": "MultiPolygon", "coordinates": [ [ [ [ 100.456622064226224, 17.531324838002586 ], [ 100.456346482342951, 17.531063933971961 ], [ 100.456160503844814, 17.531111129763644 ], [ 100.455896341014665, 17.530986827969418 ], [ 100.455717009119979, 17.530999621636099 ], [ 100.455510076089837, 17.530926543551921 ], [ 100.45532110489637, 17.530720315401886 ], [ 100.455913852615112, 17.531818439575279 ], [ 100.455940998618871, 17.532388627308855 ], [ 100.456883417148532, 17.532896240903053 ], [ 100.456672028683471, 17.532601225800128 ], [ 100.456433407401761, 17.532270005423936 ], [ 100.456453167142342, 17.532121724899806 ], [ 100.456692440584177, 17.53202255943723 ], [ 100.456876723975896, 17.531809591645775 ], [ 100.456809811442184, 17.531658267506767 ], [ 100.456622064226224, 17.531324838002586 ] ] ] ] } },
{ "type": "Feature", "properties": { "OBJECTID_1": 192, "TARGET_FID": "0", "NAME_DNP": "ต้นสักใหญ่", "CODE_DNP": 1103, "APAR_CODE": "11031007110006NMN5", "APAR_NO": "10071", "NUM_APAR": "10006", "SPAR_CODE": "11030000500002NMN5", "SPAR_NO": "00005", "NUM_SPAR": "00002", "PAR_BAN": "น้ำหมีน้อย", "BAN_E": "NMN", "PAR_MOO": "5", "PAR_TAM": "ผักขวง", "PAR_AMP": "ทองแสนขัน", "PAR_PROV": "อุตรดิตถ์", "NAME_TITLE": "นาง", "SURNAME": "อินต๊ะจักร์", "IDCARD": "3530900097035", "HOME_NO": "117", "HOME_BAN": "น้ำหมีน้อย", "HOME_MOO": "5", "HOME_TAM": "ผักขวง", "HOME_AMP": "ทองแสนขัน", "HOME_PROV": "อุตรดิตถ์", "REMARK": null, "BAN_TYPE": 0, "YEAR": "2563", "NAME_DNP_T": "อุทยานแห่งชาติ", "E": 654622.0, "N": 1939036.0, "NAME": "ประหยัด", "PERIMETER": 178.09151781200001, "AREA_RAI": 1.22746896337, "RAI": 1.0, "NGAN": 0.0, "WA_SQ": 88.0, "OBJECTID": 192.0, "Area": 1963.9503414000001, "MUBAN": "น้ำหมีน้อย", "TAMBOL": "ผักขวง", "HOME_BAN_E": null, "TAM_CODE": null, "TAM_NAM_T": "ผักขวง", "AMPHOE_T": "ทองแสนขัน", "AMPHOE_E": null, "PROV_CODE": null, "PROV_NAM_T": "อุตรดิตถ์", "PROV_NAM_E": null, "NAME_EN": null, "TAM_NAM_E": null, "Plot_No1": 1007110006.0, "Shape_Le_1": 177.55951522500001, "TARGET_F_1": 185.0, "Shape_Leng": 178.09151361900001, "Shape_Area": 1963.95043622, "Cal_Rai": 1.2275, "layer": "AP1103NMN05", "path": "/Users/ponteerasingto/project11/อุทยานแห่งชาติต้นสักใหญ่/ส่งกรม/Shapefile/1.SHAPEFILE/บ้านน้ำหมีน้อย/AP1103NMN05.shp" }, "geometry": { "type": "MultiPolygon", "coordinates": [ [ [ [ 100.456672028683471, 17.532601225800128 ], [ 100.456945822321373, 17.532479572492104 ], [ 100.456692440584177, 17.53202255943723 ], [ 100.456453167142342, 17.532121724899806 ], [ 100.456433407401761, 17.532270005423936 ], [ 100.456672028683471, 17.532601225800128 ] ] ] ] } },
{ "type": "Feature", "properties": { "OBJECTID_1": 193, "TARGET_FID": "0", "NAME_DNP": "ต้นสักใหญ่", "CODE_DNP": 1103, "APAR_CODE": "11031007110010NMN5", "APAR_NO": "10071", "NUM_APAR": "10010", "SPAR_CODE": "11030000500004NMN5", "SPAR_NO": "00005", "NUM_SPAR": "00004", "PAR_BAN": "น้ำหมีน้อย", "BAN_E": "NMN", "PAR_MOO": "5", "PAR_TAM": "ผักขวง", "PAR_AMP": "ทองแสนขัน", "PAR_PROV": "อุตรดิตถ์", "NAME_TITLE": "นาง", "SURNAME": "แหยมไทย", "IDCARD": "3530900096071", "HOME_NO": "8/1", "HOME_BAN": "น้ำหมีน้อย", "HOME_MOO": "5", "HOME_TAM": "ผักขวง", "HOME_AMP": "ทองแสนขัน", "HOME_PROV": "อุตรดิตถ์", "REMARK": null, "BAN_TYPE": 0, "YEAR": "2563", "NAME_DNP_T": "อุทยานแห่งชาติ", "E": 654447.0, "N": 1938793.0, "NAME": "สายบัว", "PERIMETER": 303.31140967900001, "AREA_RAI": 2.81187700637, "RAI": 2.0, "NGAN": 3.0, "WA_SQ": 24.0, "OBJECTID": 193.0, "Area": 4499.0032101999996, "MUBAN": "น้ำหมีน้อย", "TAMBOL": "ผักขวง", "HOME_BAN_E": null, "TAM_CODE": null, "TAM_NAM_T": "ผักขวง", "AMPHOE_T": "ทองแสนขัน", "AMPHOE_E": null, "PROV_CODE": null, "PROV_NAM_T": "อุตรดิตถ์", "PROV_NAM_E": null, "NAME_EN": null, "TAM_NAM_E": null, "Plot_No1": 1007110010.0, "Shape_Le_1": 303.31140967900001, "TARGET_F_1": 187.0, "Shape_Leng": 303.31140967900001, "Shape_Area": 4499.0032101999996, "Cal_Rai": 2.8119, "layer": "AP1103NMN05", "path": "/Users/ponteerasingto/project11/อุทยานแห่งชาติต้นสักใหญ่/ส่งกรม/Shapefile/1.SHAPEFILE/บ้านน้ำหมีน้อย/AP1103NMN05.shp" }, "geometry": { "type": "MultiPolygon", "coordinates": [ [ [ [ 100.45532110489637, 17.530720315401886 ], [ 100.455244867100532, 17.530545936943845 ], [ 100.455230780637109, 17.530029593768223 ], [ 100.455162193524771, 17.529691298936307 ], [ 100.454898474844398, 17.52969323465376 ], [ 100.454610606825653, 17.530210438451981 ], [ 100.45532110489637, 17.530720315401886 ] ] ] ] } },
{ "type": "Feature", "properties": { "OBJECTID_1": 194, "TARGET_FID": "0", "NAME_DNP": "ต้นสักใหญ่", "CODE_DNP": 1103, "APAR_CODE": "11031007110015NMN5", "APAR_NO": "10071", "NUM_APAR": "10015", "SPAR_CODE": "11030000500015NMN5", "SPAR_NO": "00005", "NUM_SPAR": "00015", "PAR_BAN": "น้ำหมีน้อย", "BAN_E": "NMN", "PAR_MOO": "5", "PAR_TAM": "ผักขวง", "PAR_AMP": "ทองแสนขัน", "PAR_PROV": "อุตรดิตถ์", "NAME_TITLE": "นาง", "SURNAME": "หาดขุนทด", "IDCARD": "3530900096683", "HOME_NO": "15", "HOME_BAN": "น้ำหมีน้อย", "HOME_MOO": "5", "HOME_TAM": "ผักขวง", "HOME_AMP": "ทองแสนขัน", "HOME_PROV": "อุตรดิตถ์", "REMARK": null, "BAN_TYPE": 0, "YEAR": "2563", "NAME_DNP_T": "อุทยานแห่งชาติ", "E": 654444.0, "N": 1938594.0, "NAME": "พรทิวา", "PERIMETER": 385.52214844899999, "AREA_RAI": 2.3526085348099999, "RAI": 2.0, "NGAN": 1.0, "WA_SQ": 40.0, "OBJECTID": 195.0, "Area": 3764.17365569, "MUBAN": "น้ำหมีน้อย", "TAMBOL": null, "HOME_BAN_E": null, "TAM_CODE": null, "TAM_NAM_T": "ผักขวง", "AMPHOE_T": "ทองแสนขัน", "AMPHOE_E": null, "PROV_CODE": null, "PROV_NAM_T": "อุตรดิตถ์", "PROV_NAM_E": null, "NAME_EN": null, "TAM_NAM_E": null, "Plot_No1": 1007110014.9999999, "Shape_Le_1": 385.52214844899999, "TARGET_F_1": 198.0, "Shape_Leng": 385.52214844899999, "Shape_Area": 3764.17365569, "Cal_Rai": 2.3526, "layer": "AP1103NMN05", "path": "/Users/ponteerasingto/project11/อุทยานแห่งชาติต้นสักใหญ่/ส่งกรม/Shapefile/1.SHAPEFILE/บ้านน้ำหมีน้อย/AP1103NMN05.shp" }, "geometry": { "type": "MultiPolygon", "coordinates": [ [ [ [ 100.454456507942268, 17.528603036838039 ], [ 100.455941236569828, 17.528167414680791 ], [ 100.455917268004924, 17.52811250226657 ], [ 100.454284113247652, 17.528285250041513 ], [ 100.454344645371563, 17.528396832730714 ], [ 100.454456507942268, 17.528603036838039 ] ] ] ] } },
{ "type": "Feature", "properties": { "OBJECTID_1": 195, "TARGET_FID": "0", "NAME_DNP": "ต้นสักใหญ่", "CODE_DNP": 1103, "APAR_CODE": "11031007110005NMN5", "APAR_NO": "10071", "NUM_APAR": "10005", "SPAR_CODE": "11030000500001NMN5", "SPAR_NO": "00005", "NUM_SPAR": "00001", "PAR_BAN": "น้ำหมีน้อย", "BAN_E": "NMN", "PAR_MOO": "5", "PAR_TAM": "ผักขวง", "PAR_AMP": "ทองแสนขัน", "PAR_PROV": "อุตรดิตถ์", "NAME_TITLE": "นาง", "SURNAME": "ทวกเขียว", "IDCARD": "3530900097469", "HOME_NO": "22/4", "HOME_BAN": "น้ำหมีน้อย", "HOME_MOO": "5", "HOME_TAM": "ผักขวง", "HOME_AMP": "ทองแสนขัน", "HOME_PROV": "อุตรดิตถ์", "REMARK": null, "BAN_TYPE": 0, "YEAR": "2563", "NAME_DNP_T": "อุทยานแห่งชาติ", "E": 654653.0, "N": 1939087.0, "NAME": "อำพร", "PERIMETER": 201.447262446, "AREA_RAI": 1.0707136202800001, "RAI": 1.0, "NGAN": 0.0, "WA_SQ": 28.0, "OBJECTID": 196.0, "Area": 1713.1417924499999, "MUBAN": "น้ำหมีน้อย", "TAMBOL": null, "HOME_BAN_E": null, "TAM_CODE": null, "TAM_NAM_T": "ผักขวง", "AMPHOE_T": "ทองแสนขัน", "AMPHOE_E": null, "PROV_CODE": null, "PROV_NAM_T": "อุตรดิตถ์", "PROV_NAM_E": null, "NAME_EN": null, "TAM_NAM_E": null, "Plot_No1": 1007110005.0, "Shape_Le_1": 201.447262446, "TARGET_F_1": 184.0, "Shape_Leng": 201.447262446, "Shape_Area": 1713.1417924499999, "Cal_Rai": 1.0707, "layer": "AP1103NMN05", "path": "/Users/ponteerasingto/project11/อุทยานแห่งชาติต้นสักใหญ่/ส่งกรม/Shapefile/1.SHAPEFILE/บ้านน้ำหมีน้อย/AP1103NMN05.shp" }, "geometry": { "type": "MultiPolygon", "coordinates": [ [ [ [ 100.456883417148532, 17.532896240903053 ], [ 100.45729456539064, 17.533117695267737 ], [ 100.456945822321373, 17.532479572492104 ], [ 100.456672028683471, 17.532601225800128 ], [ 100.456883417148532, 17.532896240903053 ] ] ] ] } },
{ "type": "Feature", "properties": { "OBJECTID_1": 196, "TARGET_FID": "0", "NAME_DNP": "ต้นสักใหญ่", "CODE_DNP": 1103, "APAR_CODE": "11031007110009NMN5", "APAR_NO": "10071", "NUM_APAR": "10009", "SPAR_CODE": "11030000500013NMN5", "SPAR_NO": "00005", "NUM_SPAR": "00013", "PAR_BAN": "น้ำหมีน้อย", "BAN_E": "NMN", "PAR_MOO": "5", "PAR_TAM": "ผักขวง", "PAR_AMP": "ทองแสนขัน", "PAR_PROV": "อุตรดิตถ์", "NAME_TITLE": "นาง", "SURNAME": "แหยมไทย", "IDCARD": "3530900096071", "HOME_NO": "106", "HOME_BAN": "น้ำหมีน้อย", "HOME_MOO": "5", "HOME_TAM": "ผักขวง", "HOME_AMP": "ทองแสนขัน", "HOME_PROV": "อุตรดิตถ์", "REMARK": null, "BAN_TYPE": 0, "YEAR": "2563", "NAME_DNP_T": "อุทยานแห่งชาติ", "E": 654581.0, "N": 1938771.0, "NAME": "สายบัว", "PERIMETER": 881.50300460599999, "AREA_RAI": 29.332518322399999, "RAI": 29.0, "NGAN": 1.0, "WA_SQ": 32.0, "OBJECTID": 197.0, "Area": 46842.786578899999, "MUBAN": "น้ำหมีน้อย", "TAMBOL": null, "HOME_BAN_E": null, "TAM_CODE": null, "TAM_NAM_T": "ผักขวง", "AMPHOE_T": "ทองแสนขัน", "AMPHOE_E": null, "PROV_CODE": null, "PROV_NAM_T": "อุตรดิตถ์", "PROV_NAM_E": null, "NAME_EN": null, "TAM_NAM_E": null, "Plot_No1": 1007110009.0000001, "Shape_Le_1": 886.00499041499995, "TARGET_F_1": 196.0, "Shape_Leng": 881.50299404299994, "Shape_Area": 46842.789767200004, "Cal_Rai": 29.2767, "layer": "AP1103NMN05", "path": "/Users/ponteerasingto/project11/อุทยานแห่งชาติต้นสักใหญ่/ส่งกรม/Shapefile/1.SHAPEFILE/บ้านน้ำหมีน้อย/AP1103NMN05.shp" }, "geometry": { "type": "MultiPolygon", "coordinates": [ [ [ [ 100.45532110489637, 17.530720315401886 ], [ 100.455510076089837, 17.530926543551921 ], [ 100.455717009119979, 17.530999621636099 ], [ 100.455896341014665, 17.530986827969418 ], [ 100.456160503844814, 17.531111129763644 ], [ 100.456346482342951, 17.531063933971961 ], [ 100.456979636575682, 17.530639425890197 ], [ 100.457352988548422, 17.530389104756178 ], [ 100.457548251858739, 17.530071384986993 ], [ 100.457367568157707, 17.529855832640045 ], [ 100.45704881981753, 17.528864139972274 ], [ 100.456722065146096, 17.528748819784617 ], [ 100.456614586269225, 17.528605959974712 ], [ 100.456220499887991, 17.528933483042916 ], [ 100.456047847082161, 17.528983447138039 ], [ 100.455761449218031, 17.529320284100109 ], [ 100.455531032173567, 17.529205923537301 ], [ 100.454904867195822, 17.529313646623223 ], [ 100.455162193524771, 17.529691298936307 ], [ 100.455230780637109, 17.530029593768223 ], [ 100.455244867100532, 17.530545936943845 ], [ 100.45532110489637, 17.530720315401886 ] ] ] ] } },
{ "type": "Feature", "properties": { "OBJECTID_1": 197, "TARGET_FID": "0", "NAME_DNP": "ต้นสักใหญ่", "CODE_DNP": 1103, "APAR_CODE": "11031007110014NMN5", "APAR_NO": "10071", "NUM_APAR": "10014", "SPAR_CODE": "11030000500006NMN5", "SPAR_NO": "00005", "NUM_SPAR": "00006", "PAR_BAN": "น้ำหมีน้อย", "BAN_E": "NMN", "PAR_MOO": "5", "PAR_TAM": "ผักขวง", "PAR_AMP": "ทองแสนขัน", "PAR_PROV": "อุตรดิตถ์", "NAME_TITLE": "นาง", "SURNAME": "หาดขุนทด", "IDCARD": "3530900096683", "HOME_NO": "15", "HOME_BAN": "น้ำหมีน้อย", "HOME_MOO": "5", "HOME_TAM": "ผักขวง", "HOME_AMP": "ทองแสนขัน", "HOME_PROV": "อุตรดิตถ์", "REMARK": null, "BAN_TYPE": 0, "YEAR": "2563", "NAME_DNP_T": "อุทยานแห่งชาติ", "E": 654295.0, "N": 1938614.0, "NAME": "พรทิวา", "PERIMETER": 386.53390078799998, "AREA_RAI": 3.3406106206600001, "RAI": 3.0, "NGAN": 1.0, "WA_SQ": 36.0, "OBJECTID": 198.0, "Area": 5344.9769930499997, "MUBAN": "น้ำหมีน้อย", "TAMBOL": null, "HOME_BAN_E": null, "TAM_CODE": null, "TAM_NAM_T": "ผักขวง", "AMPHOE_T": "ทองแสนขัน", "AMPHOE_E": null, "PROV_CODE": null, "PROV_NAM_T": "อุตรดิตถ์", "PROV_NAM_E": null, "NAME_EN": null, "TAM_NAM_E": null, "Plot_No1": 1007110014.0, "Shape_Le_1": 386.53390078799998, "TARGET_F_1": 189.0, "Shape_Leng": 386.53390078799998, "Shape_Area": 5344.9769930499997, "Cal_Rai": 3.3406, "layer": "AP1103NMN05", "path": "/Users/ponteerasingto/project11/อุทยานแห่งชาติต้นสักใหญ่/ส่งกรม/Shapefile/1.SHAPEFILE/บ้านน้ำหมีน้อย/AP1103NMN05.shp" }, "geometry": { "type": "MultiPolygon", "coordinates": [ [ [ [ 100.454344645371563, 17.528396832730714 ], [ 100.454284113247652, 17.528285250041513 ], [ 100.452774000199213, 17.52844497104897 ], [ 100.452862853532039, 17.528648600349928 ], [ 100.453024829320867, 17.528604498917993 ], [ 100.453126159655369, 17.528767705927002 ], [ 100.453421196536723, 17.528700996771956 ], [ 100.453591737265356, 17.528826260738441 ], [ 100.454344645371563, 17.528396832730714 ] ] ] ] } },
{ "type": "Feature", "properties": { "OBJECTID_1": 198, "TARGET_FID": "0", "NAME_DNP": "ต้นสักใหญ่", "CODE_DNP": 1103, "APAR_CODE": "11031007220001NMN5", "APAR_NO": "10072", "NUM_APAR": "20001", "SPAR_CODE": "11030000500017NMN5", "SPAR_NO": "00005", "NUM_SPAR": "00017", "PAR_BAN": "น้ำหมีน้อย", "BAN_E": "NMN", "PAR_MOO": "5", "PAR_TAM": "ผักขวง", "PAR_AMP": "ทองแสนขัน", "PAR_PROV": "อุตรดิตถ์", "NAME_TITLE": "นาง", "SURNAME": "กันยา", "IDCARD": "3530900098198", "HOME_NO": "87", "HOME_BAN": "น้ำหมีน้อย", "HOME_MOO": "5", "HOME_TAM": "ผักขวง", "HOME_AMP": "ทองแสนขัน", "HOME_PROV": "อุตรดิตถ์", "REMARK": null, "BAN_TYPE": 0, "YEAR": "2563", "NAME_DNP_T": "อุทยานแห่งชาติ", "E": 655700.0, "N": 1940199.0, "NAME": "บุญเที่ยง", "PERIMETER": 419.58165771099999, "AREA_RAI": 6.14555661202, "RAI": 6.0, "NGAN": 0.0, "WA_SQ": 56.0, "OBJECTID": 199.0, "Area": 9832.8905792299993, "MUBAN": "น้ำหมีน้อย", "TAMBOL": null, "HOME_BAN_E": null, "TAM_CODE": null, "TAM_NAM_T": "ผักขวง", "AMPHOE_T": "ทองแสนขัน", "AMPHOE_E": null, "PROV_CODE": null, "PROV_NAM_T": "อุตรดิตถ์", "PROV_NAM_E": null, "NAME_EN": null, "TAM_NAM_E": null, "Plot_No1": 1007220001.0000001, "Shape_Le_1": 418.95909011800001, "TARGET_F_1": 200.0, "Shape_Leng": 419.58160101200002, "Shape_Area": 9832.8894972199996, "Cal_Rai": 6.1456, "layer": "AP1103NMN05", "path": "/Users/ponteerasingto/project11/อุทยานแห่งชาติต้นสักใหญ่/ส่งกรม/Shapefile/1.SHAPEFILE/บ้านน้ำหมีน้อย/AP1103NMN05.shp" }, "geometry": { "type": "MultiPolygon", "coordinates": [ [ [ [ 100.466464098749469, 17.543190562290288 ], [ 100.467099309964254, 17.543268687714292 ], [ 100.467284531254165, 17.54305108404683 ], [ 100.467425493434646, 17.542728696844531 ], [ 100.467549238162675, 17.542411490389348 ], [ 100.467342050258353, 17.542270253757863 ], [ 100.467159983004052, 17.542439924630109 ], [ 100.467000671266277, 17.54246405744302 ], [ 100.466576280127441, 17.542252971198 ], [ 100.466392920878974, 17.54226197982484 ], [ 100.466464098749469, 17.543190562290288 ] ] ] ] } },
{ "type": "Feature", "properties": { "OBJECTID_1": 199, "TARGET_FID": "0", "NAME_DNP": "ต้นสักใหญ่", "CODE_DNP": 1103, "APAR_CODE": "11031007320001NMN5", "APAR_NO": "10073", "NUM_APAR": "20001", "SPAR_CODE": "11030000500021NMN5", "SPAR_NO": "00005", "NUM_SPAR": "00021", "PAR_BAN": "น้ำหมีน้อย", "BAN_E": "NMN", "PAR_MOO": "5", "PAR_TAM": "ผักขวง", "PAR_AMP": "ทองแสนขัน", "PAR_PROV": "อุตรดิตถ์", "NAME_TITLE": "นาย", "SURNAME": "แง่มท้าว", "IDCARD": "3530900097876", "HOME_NO": "24/1", "HOME_BAN": "น้ำหมีน้อย", "HOME_MOO": "5", "HOME_TAM": "ผักขวง", "HOME_AMP": "ทองแสนขัน", "HOME_PROV": "อุตรดิตถ์", "REMARK": null, "BAN_TYPE": 0, "YEAR": "2563", "NAME_DNP_T": "อุทยานแห่งชาติ", "E": 655935.0, "N": 1940363.0, "NAME": "เริญ", "PERIMETER": 417.10778578200001, "AREA_RAI": 5.6485281433500001, "RAI": 5.0, "NGAN": 2.0, "WA_SQ": 56.0, "OBJECTID": 200.0, "Area": 9037.6450293599992, "MUBAN": "น้ำหมีน้อย", "TAMBOL": null, "HOME_BAN_E": null, "TAM_CODE": null, "TAM_NAM_T": "ผักขวง", "AMPHOE_T": "ทองแสนขัน", "AMPHOE_E": null, "PROV_CODE": null, "PROV_NAM_T": "อุตรดิตถ์", "PROV_NAM_E": null, "NAME_EN": null, "TAM_NAM_E": null, "Plot_No1": 1007320001.0000001, "Shape_Le_1": 416.65136533399999, "TARGET_F_1": 204.0, "Shape_Leng": 417.10776829100001, "Shape_Area": 9037.6441374900005, "Cal_Rai": 5.6485, "layer": "AP1103NMN05", "path": "/Users/ponteerasingto/project11/อุทยานแห่งชาติต้นสักใหญ่/ส่งกรม/Shapefile/1.SHAPEFILE/บ้านน้ำหมีน้อย/AP1103NMN05.shp" }, "geometry": { "type": "MultiPolygon", "coordinates": [ [ [ [ 100.468952635671783, 17.543627701890298 ], [ 100.468634031928246, 17.544845871916582 ], [ 100.469015335154978, 17.544891348751534 ], [ 100.469246834439303, 17.544580896841289 ], [ 100.469383569349588, 17.544476594126067 ], [ 100.46943467124639, 17.544137657516735 ], [ 100.469560044680904, 17.544108036205674 ], [ 100.469725390611046, 17.543842849193538 ], [ 100.469658626403245, 17.543722841334425 ], [ 100.468952635671783, 17.543627701890298 ] ] ] ] } },
{ "type": "Feature", "properties": { "OBJECTID_1": 200, "TARGET_FID": "0", "NAME_DNP": "ต้นสักใหญ่", "CODE_DNP": 1103, "APAR_CODE": "11031007320002NMN5", "APAR_NO": "10073", "NUM_APAR": "20002", "SPAR_CODE": "11030000500020NMN5", "SPAR_NO": "00005", "NUM_SPAR": "00020", "PAR_BAN": "น้ำหมีน้อย", "BAN_E": "NMN", "PAR_MOO": "5", "PAR_TAM": "ผักขวง", "PAR_AMP": "ทองแสนขัน", "PAR_PROV": "อุตรดิตถ์", "NAME_TITLE": "นาย", "SURNAME": "อนันทสะ", "IDCARD": "3530900096365", "HOME_NO": "112", "HOME_BAN": "น้ำหมีน้อย", "HOME_MOO": "5", "HOME_TAM": "ผักขวง", "HOME_AMP": "ทองแสนขัน", "HOME_PROV": "อุตรดิตถ์", "REMARK": null, "BAN_TYPE": 0, "YEAR": "2563", "NAME_DNP_T": "อุทยานแห่งชาติ", "E": 656002.0, "N": 1940371.0, "NAME": "สายันท์", "PERIMETER": 396.31959509000001, "AREA_RAI": 4.0145808965200001, "RAI": 4.0, "NGAN": 0.0, "WA_SQ": 4.0, "OBJECTID": 201.0, "Area": 6423.3294344400001, "MUBAN": "น้ำหมีน้อย", "TAMBOL": null, "HOME_BAN_E": null, "TAM_CODE": null, "TAM_NAM_T": "ผักขวง", "AMPHOE_T": "ทองแสนขัน", "AMPHOE_E": null, "PROV_CODE": null, "PROV_NAM_T": "อุตรดิตถ์", "PROV_NAM_E": null, "NAME_EN": null, "TAM_NAM_E": null, "Plot_No1": 1007320002.0, "Shape_Le_1": 396.46136351799998, "TARGET_F_1": 203.0, "Shape_Leng": 396.31956113899997, "Shape_Area": 6423.33047764, "Cal_Rai": 4.0146, "layer": "AP1103NMN05", "path": "/Users/ponteerasingto/project11/อุทยานแห่งชาติต้นสักใหญ่/ส่งกรม/Shapefile/1.SHAPEFILE/บ้านน้ำหมีน้อย/AP1103NMN05.shp" }, "geometry": { "type": "MultiPolygon", "coordinates": [ [ [ [ 100.469246834439303, 17.544580896841289 ], [ 100.469391908829252, 17.544818324895637 ], [ 100.469981198988037, 17.544670958193276 ], [ 100.469847344857897, 17.544390777388063 ], [ 100.469903915190798, 17.544251173948478 ], [ 100.470186283451866, 17.544141516583274 ], [ 100.470357192180771, 17.543824644505047 ], [ 100.470290566401999, 17.543721849694549 ], [ 100.469777850946883, 17.543932232354987 ], [ 100.469684257135256, 17.543908820714378 ], [ 100.469560044680904, 17.544108036205674 ], [ 100.46943467124639, 17.544137657516735 ], [ 100.469383569349588, 17.544476594126067 ], [ 100.469246834439303, 17.544580896841289 ] ] ] ] } },
{ "type": "Feature", "properties": { "OBJECTID_1": 201, "TARGET_FID": "0", "NAME_DNP": "ต้นสักใหญ่", "CODE_DNP": 1103, "APAR_CODE": "11031007320003NMN5", "APAR_NO": "10073", "NUM_APAR": "20003", "SPAR_CODE": "11030000500019NMN5", "SPAR_NO": "00005", "NUM_SPAR": "00019", "PAR_BAN": "น้ำหมีน้อย", "BAN_E": "NMN", "PAR_MOO": "5", "PAR_TAM": "ผักขวง", "PAR_AMP": "ทองแสนขัน", "PAR_PROV": "อุตรดิตถ์", "NAME_TITLE": "นางสาว", "SURNAME": "แหยมไทย", "IDCARD": "3530900096520", "HOME_NO": "130", "HOME_BAN": "น้ำหมีน้อย", "HOME_MOO": "5", "HOME_TAM": "ผักขวง", "HOME_AMP": "ทองแสนขัน", "HOME_PROV": "อุตรดิตถ์", "REMARK": null, "BAN_TYPE": 0, "YEAR": "2563", "NAME_DNP_T": "อุทยานแห่งชาติ", "E": 656035.0, "N": 1940451.0, "NAME": "วลัยพร", "PERIMETER": 417.47586067700001, "AREA_RAI": 5.9238270688599997, "RAI": 5.0, "NGAN": 3.0, "WA_SQ": 68.0, "OBJECTID": 202.0, "Area": 9478.12331017, "MUBAN": "น้ำหมีน้อย", "TAMBOL": null, "HOME_BAN_E": null, "TAM_CODE": null, "TAM_NAM_T": "ผักขวง", "AMPHOE_T": "ทองแสนขัน", "AMPHOE_E": null, "PROV_CODE": null, "PROV_NAM_T": "อุตรดิตถ์", "PROV_NAM_E": null, "NAME_EN": null, "TAM_NAM_E": null, "Plot_No1": 1007320003.0, "Shape_Le_1": 417.47586067700001, "TARGET_F_1": 202.0, "Shape_Leng": 417.47586067700001, "Shape_Area": 9478.12331017, "Cal_Rai": 5.9238, "layer": "AP1103NMN05", "path": "/Users/ponteerasingto/project11/อุทยานแห่งชาติต้นสักใหญ่/ส่งกรม/Shapefile/1.SHAPEFILE/บ้านน้ำหมีน้อย/AP1103NMN05.shp" }, "geometry": { "type": "MultiPolygon", "coordinates": [ [ [ [ 100.469537740488263, 17.545100330213309 ], [ 100.46993168895952, 17.545516284650787 ], [ 100.470373374501492, 17.545398241451942 ], [ 100.470516275633173, 17.545316844267258 ], [ 100.470645362581308, 17.545006020660075 ], [ 100.470607438641963, 17.544753818535028 ], [ 100.469847344857897, 17.544390777388063 ], [ 100.469981198988037, 17.544670958193276 ], [ 100.469391908829252, 17.544818324895637 ], [ 100.469537740488263, 17.545100330213309 ] ] ] ] } },
{ "type": "Feature", "properties": { "OBJECTID_1": 202, "TARGET_FID": "0", "NAME_DNP": "ต้นสักใหญ่", "CODE_DNP": 1103, "APAR_CODE": "11031007410001NMN5", "APAR_NO": "10074", "NUM_APAR": "10001", "SPAR_CODE": "11030000500018NMN5", "SPAR_NO": "00005", "NUM_SPAR": "00018", "PAR_BAN": "น้ำหมีน้อย", "BAN_E": "NMN", "PAR_MOO": "5", "PAR_TAM": "ผักขวง", "PAR_AMP": "ทองแสนขัน", "PAR_PROV": "อุตรดิตถ์", "NAME_TITLE": "นาง", "SURNAME": "แก้วทองคำ", "IDCARD": "3660200079408", "HOME_NO": "80", "HOME_BAN": "น้ำหมีน้อย", "HOME_MOO": "5", "HOME_TAM": "ผักขวง", "HOME_AMP": "ทองแสนขัน", "HOME_PROV": "อุตรดิตถ์", "REMARK": null, "BAN_TYPE": 0, "YEAR": "2563", "NAME_DNP_T": "อุทยานแห่งชาติ", "E": 655955.0, "N": 1940681.0, "NAME": "นงนุช", "PERIMETER": 133.642131017, "AREA_RAI": 0.67413297550999995, "RAI": 0.0, "NGAN": 2.0, "WA_SQ": 68.0, "OBJECTID": 203.0, "Area": 1078.6127608199999, "MUBAN": "น้ำหมีน้อย", "TAMBOL": null, "HOME_BAN_E": null, "TAM_CODE": null, "TAM_NAM_T": "ผักขวง", "AMPHOE_T": "ทองแสนขัน", "AMPHOE_E": null, "PROV_CODE": null, "PROV_NAM_T": "อุตรดิตถ์", "PROV_NAM_E": null, "NAME_EN": null, "TAM_NAM_E": null, "Plot_No1": 1007410001.0000001, "Shape_Le_1": 133.642131017, "TARGET_F_1": 201.0, "Shape_Leng": 133.642131017, "Shape_Area": 1078.6127608199999, "Cal_Rai": 0.6741, "layer": "AP1103NMN05", "path": "/Users/ponteerasingto/project11/อุทยานแห่งชาติต้นสักใหญ่/ส่งกรม/Shapefile/1.SHAPEFILE/บ้านน้ำหมีน้อย/AP1103NMN05.shp" }, "geometry": { "type": "MultiPolygon", "coordinates": [ [ [ [ 100.469100102015446, 17.547029543933746 ], [ 100.46938188384182, 17.547303315982923 ], [ 100.469547781082966, 17.547111536493908 ], [ 100.469391210876068, 17.546894863463347 ], [ 100.469100102015446, 17.547029543933746 ] ] ] ] } },
{ "type": "Feature", "properties": { "OBJECTID_1": 203, "TARGET_FID": "0", "NAME_DNP": "ต้นสักใหญ่", "CODE_DNP": 1103, "APAR_CODE": "11031007210002NMN5", "APAR_NO": "10072", "NUM_APAR": "10002", "SPAR_CODE": "11030000500016NMN5", "SPAR_NO": "00005", "NUM_SPAR": "00016", "PAR_BAN": "น้ำหมีน้อย", "BAN_E": "NMN", "PAR_MOO": "5", "PAR_TAM": "ผักขวง", "PAR_AMP": "ทองแสนขัน", "PAR_PROV": "อุตรดิตถ์", "NAME_TITLE": "นาย", "SURNAME": "แง่มท้าว", "IDCARD": "3530900097868", "HOME_NO": "127", "HOME_BAN": "น้ำหมีน้อย", "HOME_MOO": "5", "HOME_TAM": "ผักขวง", "HOME_AMP": "ทองแสนขัน", "HOME_PROV": "อุตรดิตถ์", "REMARK": null, "BAN_TYPE": 0, "YEAR": "2563", "NAME_DNP_T": "อุทยานแห่งชาติ", "E": 655756.0, "N": 1940241.0, "NAME": "ฉลวย", "PERIMETER": 204.21035851600001, "AREA_RAI": 1.2708785039799999, "RAI": 1.0, "NGAN": 1.0, "WA_SQ": 8.0, "OBJECTID": 204.0, "Area": 2033.4056063600001, "MUBAN": "น้ำหมีน้อย", "TAMBOL": null, "HOME_BAN_E": null, "TAM_CODE": null, "TAM_NAM_T": "ผักขวง", "AMPHOE_T": "ทองแสนขัน", "AMPHOE_E": null, "PROV_CODE": null, "PROV_NAM_T": "อุตรดิตถ์", "PROV_NAM_E": null, "NAME_EN": null, "TAM_NAM_E": null, "Plot_No1": 1007210002.0, "Shape_Le_1": 204.21035851600001, "TARGET_F_1": 199.0, "Shape_Leng": 204.21035851600001, "Shape_Area": 2033.4056063600001, "Cal_Rai": 1.2709, "layer": "AP1103NMN05", "path": "/Users/ponteerasingto/project11/อุทยานแห่งชาติต้นสักใหญ่/ส่งกรม/Shapefile/1.SHAPEFILE/บ้านน้ำหมีน้อย/AP1103NMN05.shp" }, "geometry": { "type": "MultiPolygon", "coordinates": [ [ [ [ 100.467099309964254, 17.543268687714292 ], [ 100.467702659889781, 17.543342892090426 ], [ 100.467601957380822, 17.542991582383916 ], [ 100.467467481554607, 17.542753381103349 ], [ 100.467284531254165, 17.54305108404683 ], [ 100.467099309964254, 17.543268687714292 ] ] ] ] } },
{ "type": "Feature", "properties": { "OBJECTID_1": 381, "TARGET_FID": "0", "NAME_DNP": "ต้นสักใหญ่", "CODE_DNP": 1103, "APAR_CODE": "11031007110013NMN5", "APAR_NO": "10071", "NUM_APAR": "10013", "SPAR_CODE": "11030000500007NMN5", "SPAR_NO": "00005", "NUM_SPAR": "00007", "PAR_BAN": "น้ำหมีน้อย", "BAN_E": "NMN", "PAR_MOO": "5", "PAR_TAM": "ผักขวง", "PAR_AMP": "ทองแสนขัน", "PAR_PROV": "อุตรดิตถ์", "NAME_TITLE": "นาย", "SURNAME": "เพชร์สุข", "IDCARD": "3530900018551", "HOME_NO": "106", "HOME_BAN": "วังโป่ง", "HOME_MOO": "2", "HOME_TAM": "ผักขวง", "HOME_AMP": "ทองแสนขัน", "HOME_PROV": "อุตรดิตถ์", "REMARK": null, "BAN_TYPE": 0, "YEAR": "2563", "NAME_DNP_T": "อุทยานแห่งชาติ", "E": 654133.0, "N": 1938663.0, "NAME": "กองคำ", "PERIMETER": 586.09611625800005, "AREA_RAI": 9.9738901357500005, "RAI": 9.0, "NGAN": 3.0, "WA_SQ": 88.0, "OBJECTID": 0.0, "Area": 15958.224217200001, "MUBAN": null, "TAMBOL": null, "HOME_BAN_E": null, "TAM_CODE": null, "TAM_NAM_T": null, "AMPHOE_T": null, "AMPHOE_E": null, "PROV_CODE": null, "PROV_NAM_T": null, "PROV_NAM_E": null, "NAME_EN": null, "TAM_NAM_E": null, "Plot_No1": 0.0, "Shape_Le_1": 0.0, "TARGET_F_1": 190.0, "Shape_Leng": 586.09617134099994, "Shape_Area": 15958.2262016, "Cal_Rai": 9.9739, "layer": "AP1103NMN05", "path": "/Users/ponteerasingto/project11/อุทยานแห่งชาติต้นสักใหญ่/ส่งกรม/Shapefile/1.SHAPEFILE/บ้านน้ำหมีน้อย/AP1103NMN05.shp" }, "geometry": { "type": "MultiPolygon", "coordinates": [ [ [ [ 100.452220491844187, 17.529779739227081 ], [ 100.45240141570109, 17.529566957208125 ], [ 100.452862853532039, 17.528648600349928 ], [ 100.452774000199213, 17.52844497104897 ], [ 100.450967968955766, 17.528635974765432 ], [ 100.451688894842448, 17.529434929081958 ], [ 100.451930588303028, 17.529272519315516 ], [ 100.451934738442461, 17.529396112530545 ], [ 100.451874935043449, 17.529568104715342 ], [ 100.452220491844187, 17.529779739227081 ] ] ] ] } },
{ "type": "Feature", "properties": { "OBJECTID_1": 173, "TARGET_FID": "0", "NAME_DNP": "ต้นสักใหญ่", "CODE_DNP": 1103, "APAR_CODE": "11031006910001NMY1", "APAR_NO": "10069", "NUM_APAR": "10001", "SPAR_CODE": "11030000300005NMY1", "SPAR_NO": "00003", "NUM_SPAR": "00005", "PAR_BAN": "น้ำหมีใหญ่", "BAN_E": "NMY", "PAR_MOO": "1", "PAR_TAM": "ผักขวง", "PAR_AMP": "ทองแสนขัน", "PAR_PROV": "อุตรดิตถ์", "NAME_TITLE": "นาย", "SURNAME": "ปันบุ่ง", "IDCARD": "3530900132809", "HOME_NO": "180", "HOME_BAN": "น้ำหมีใหญ่", "HOME_MOO": "11", "HOME_TAM": "ผักขวง", "HOME_AMP": "ทองแสนขัน", "HOME_PROV": "อุตรดิตถ์", "REMARK": null, "BAN_TYPE": 0, "YEAR": "2563", "NAME_DNP_T": "อุทยานแห่งชาติ", "E": 652896.0, "N": 1944777.0, "NAME": "สมศักดิ์", "PERIMETER": 292.32856136300001, "AREA_RAI": 1.35559015486, "RAI": 1.0, "NGAN": 1.0, "WA_SQ": 36.0, "OBJECTID": 173.0, "Area": 2168.9442477699999, "MUBAN": "น้ำหมีใหญ่", "TAMBOL": null, "HOME_BAN_E": null, "TAM_CODE": null, "TAM_NAM_T": "ผักขวง", "AMPHOE_T": "ทองแสนขัน", "AMPHOE_E": null, "PROV_CODE": null, "PROV_NAM_T": "อุตรดิตถ์", "PROV_NAM_E": null, "NAME_EN": null, "TAM_NAM_E": null, "Plot_No1": 1006910001.0000001, "Shape_Le_1": 274.80992612599999, "TARGET_F_1": 177.0, "Shape_Leng": 292.32863809200001, "Shape_Area": 2168.9455746499998, "Cal_Rai": 1.3556, "layer": "AP1103NMY01", "path": "/Users/ponteerasingto/project11/อุทยานแห่งชาติต้นสักใหญ่/ส่งกรม/Shapefile/1.SHAPEFILE/บ้านน้ำหมีใหญ่/AP1103NMY01.shp" }, "geometry": { "type": "MultiPolygon", "coordinates": [ [ [ [ 100.441365684476395, 17.584395697162361 ], [ 100.441254940840892, 17.584188324980083 ], [ 100.440212540525835, 17.584238587320971 ], [ 100.440306263321332, 17.584513417321155 ], [ 100.440466506154493, 17.584400927938358 ], [ 100.440567639037027, 17.58443932614103 ], [ 100.440672984823095, 17.584321604063767 ], [ 100.441365684476395, 17.584395697162361 ] ] ] ] } },
{ "type": "Feature", "properties": { "OBJECTID_1": 174, "TARGET_FID": "0", "NAME_DNP": "ต้นสักใหญ่", "CODE_DNP": 1103, "APAR_CODE": "11031006710001NMY1", "APAR_NO": "10067", "NUM_APAR": "10001", "SPAR_CODE": "11030000300004NMY1", "SPAR_NO": "00003", "NUM_SPAR": "00004", "PAR_BAN": "น้ำหมีใหญ่", "BAN_E": "NMY", "PAR_MOO": "1", "PAR_TAM": "ผักขวง", "PAR_AMP": "ทองแสนขัน", "PAR_PROV": "อุตรดิตถ์", "NAME_TITLE": "นาง", "SURNAME": "มาทา", "IDCARD": "3530900007711", "HOME_NO": "31/1", "HOME_BAN": "น้ำหมีใหญ่", "HOME_MOO": "1", "HOME_TAM": "ผักขวง", "HOME_AMP": "ทองแสนขัน", "HOME_PROV": "อุตรดิตถ์", "REMARK": null, "BAN_TYPE": 0, "YEAR": "2563", "NAME_DNP_T": "อุทยานแห่งชาติ", "E": 651553.0, "N": 1944181.0, "NAME": "บังออน", "PERIMETER": 224.586986158, "AREA_RAI": 1.3329934942, "RAI": 1.0, "NGAN": 1.0, "WA_SQ": 32.0, "OBJECTID": 174.0, "Area": 2132.78959072, "MUBAN": "น้ำหมีใหญ่", "TAMBOL": null, "HOME_BAN_E": null, "TAM_CODE": null, "TAM_NAM_T": "ผักขวง", "AMPHOE_T": "ทองแสนขัน", "AMPHOE_E": null, "PROV_CODE": null, "PROV_NAM_T": "อุตรดิตถ์", "PROV_NAM_E": null, "NAME_EN": null, "TAM_NAM_E": null, "Plot_No1": 1006710001.0000001, "Shape_Le_1": 223.84403643900001, "TARGET_F_1": 176.0, "Shape_Leng": 224.58692942499999, "Shape_Area": 2132.78841771, "Cal_Rai": 1.333, "layer": "AP1103NMY01", "path": "/Users/ponteerasingto/project11/อุทยานแห่งชาติต้นสักใหญ่/ส่งกรม/Shapefile/1.SHAPEFILE/บ้านน้ำหมีใหญ่/AP1103NMY01.shp" }, "geometry": { "type": "MultiPolygon", "coordinates": [ [ [ [ 100.427676266125957, 17.579144707710739 ], [ 100.427924905116512, 17.579216427955338 ], [ 100.42810336210897, 17.579165620739488 ], [ 100.428123129378719, 17.579100043114821 ], [ 100.428529542571439, 17.579049305178881 ], [ 100.428555367596658, 17.578857720076996 ], [ 100.427931939008928, 17.578897699126866 ], [ 100.427676266125957, 17.579144707710739 ] ] ] ] } },
{ "type": "Feature", "properties": { "OBJECTID_1": 175, "TARGET_FID": "0", "NAME_DNP": "ต้นสักใหญ่", "CODE_DNP": 1103, "APAR_CODE": "11031006710002NMY1", "APAR_NO": "10067", "NUM_APAR": "10002", "SPAR_CODE": "11030000300003NMY1", "SPAR_NO": "00003", "NUM_SPAR": "00003", "PAR_BAN": "น้ำหมีใหญ่", "BAN_E": "NMY", "PAR_MOO": "1", "PAR_TAM": "ผักขวง", "PAR_AMP": "ทองแสนขัน", "PAR_PROV": "อุตรดิตถ์", "NAME_TITLE": "นาย", "SURNAME": "คำสิงห์", "IDCARD": "3530900004576", "HOME_NO": "35/2", "HOME_BAN": "น้ำหมีใหญ่", "HOME_MOO": "1", "HOME_TAM": "ผักขวง", "HOME_AMP": "ทองแสนขัน", "HOME_PROV": "อุตรดิตถ์", "REMARK": null, "BAN_TYPE": 0, "YEAR": "2563", "NAME_DNP_T": "อุทยานแห่งชาติ", "E": 651678.0, "N": 1944170.0, "NAME": "จรัญ", "PERIMETER": 360.00609166599997, "AREA_RAI": 2.0429843008600002, "RAI": 2.0, "NGAN": 0.0, "WA_SQ": 16.0, "OBJECTID": 175.0, "Area": 3268.77488137, "MUBAN": "น้ำหมีใหญ่", "TAMBOL": null, "HOME_BAN_E": null, "TAM_CODE": null, "TAM_NAM_T": "ผักขวง", "AMPHOE_T": "ทองแสนขัน", "AMPHOE_E": null, "PROV_CODE": null, "PROV_NAM_T": "อุตรดิตถ์", "PROV_NAM_E": null, "NAME_EN": null, "TAM_NAM_E": null, "Plot_No1": 1006710002.0, "Shape_Le_1": 360.00609166599997, "TARGET_F_1": 175.0, "Shape_Leng": 360.00609166599997, "Shape_Area": 3268.77488137, "Cal_Rai": 2.043, "layer": "AP1103NMY01", "path": "/Users/ponteerasingto/project11/อุทยานแห่งชาติต้นสักใหญ่/ส่งกรม/Shapefile/1.SHAPEFILE/บ้านน้ำหมีใหญ่/AP1103NMY01.shp" }, "geometry": { "type": "MultiPolygon", "coordinates": [ [ [ [ 100.428555367596658, 17.578857720076996 ], [ 100.428562728772107, 17.579053769049434 ], [ 100.42884729597445, 17.57902956861421 ], [ 100.429075620838134, 17.579030378491911 ], [ 100.42926733637438, 17.578942873943976 ], [ 100.430022307781428, 17.579038298026042 ], [ 100.429963092752871, 17.578767439648104 ], [ 100.428555367596658, 17.578857720076996 ] ] ] ] } },
{ "type": "Feature", "properties": { "OBJECTID_1": 176, "TARGET_FID": "0", "NAME_DNP": "ต้นสักใหญ่", "CODE_DNP": 1103, "APAR_CODE": "11031006720003NMY1", "APAR_NO": "10067", "NUM_APAR": "20003", "SPAR_CODE": "11030000300002NMY1", "SPAR_NO": "00003", "NUM_SPAR": "00002", "PAR_BAN": "น้ำหมีใหญ่", "BAN_E": "NMY", "PAR_MOO": "1", "PAR_TAM": "ผักขวง", "PAR_AMP": "ทองแสนขัน", "PAR_PROV": "อุตรดิตถ์", "NAME_TITLE": "นาง", "SURNAME": "ผุยดา", "IDCARD": "3530900006358", "HOME_NO": "58", "HOME_BAN": "น้ำหมีใหญ่", "HOME_MOO": "1", "HOME_TAM": "ผักขวง", "HOME_AMP": "ทองแสนขัน", "HOME_PROV": "อุตรดิตถ์", "REMARK": null, "BAN_TYPE": 0, "YEAR": "2563", "NAME_DNP_T": "อุทยานแห่งชาติ", "E": 651789.0, "N": 1944187.0, "NAME": "มิ้ง", "PERIMETER": 249.98394736500001, "AREA_RAI": 2.25610868454, "RAI": 2.0, "NGAN": 1.0, "WA_SQ": 0.0, "OBJECTID": 176.0, "Area": 3609.7738952700001, "MUBAN": "น้ำหมีใหญ่", "TAMBOL": null, "HOME_BAN_E": null, "TAM_CODE": null, "TAM_NAM_T": "ผักขวง", "AMPHOE_T": "ทองแสนขัน", "AMPHOE_E": null, "PROV_CODE": null, "PROV_NAM_T": "อุตรดิตถ์", "PROV_NAM_E": null, "NAME_EN": null, "TAM_NAM_E": null, "Plot_No1": 1006720003.0, "Shape_Le_1": 249.873715484, "TARGET_F_1": 174.0, "Shape_Leng": 249.983924355, "Shape_Area": 3609.77300823, "Cal_Rai": 2.2561, "layer": "AP1103NMY01", "path": "/Users/ponteerasingto/project11/อุทยานแห่งชาติต้นสักใหญ่/ส่งกรม/Shapefile/1.SHAPEFILE/บ้านน้ำหมีใหญ่/AP1103NMY01.shp" }, "geometry": { "type": "MultiPolygon", "coordinates": [ [ [ [ 100.430022307781428, 17.579038298026042 ], [ 100.430163878661119, 17.579098788893248 ], [ 100.43030705559228, 17.579394332734868 ], [ 100.430697691726351, 17.579358789430543 ], [ 100.430640642983491, 17.579025927455831 ], [ 100.430489954348886, 17.578883559820316 ], [ 100.430405842321477, 17.578739043216867 ], [ 100.429963092752871, 17.578767439648104 ], [ 100.430022307781428, 17.579038298026042 ] ] ] ] } },
{ "type": "Feature", "properties": { "OBJECTID_1": 177, "TARGET_FID": "0", "NAME_DNP": "ต้นสักใหญ่", "CODE_DNP": 1103, "APAR_CODE": "11031006820001NMY1", "APAR_NO": "10068", "NUM_APAR": "20001", "SPAR_CODE": "11030000300001NMY1", "SPAR_NO": "00003", "NUM_SPAR": "00001", "PAR_BAN": "น้ำหมีใหญ่", "BAN_E": "NMY", "PAR_MOO": "1", "PAR_TAM": "ผักขวง", "PAR_AMP": "ทองแสนขัน", "PAR_PROV": "อุตรดิตถ์", "NAME_TITLE": "นาย", "SURNAME": "โสภางาม", "IDCARD": "3530900008563", "HOME_NO": "83", "HOME_BAN": "น้ำหมีใหญ่", "HOME_MOO": "1", "HOME_TAM": "ผักขวง", "HOME_AMP": "ทองแสนขัน", "HOME_PROV": "อุตรดิตถ์", "REMARK": null, "BAN_TYPE": 0, "YEAR": "2563", "NAME_DNP_T": "อุทยานแห่งชาติ", "E": 652256.0, "N": 1944558.0, "NAME": "สมภี", "PERIMETER": 200.91311237400001, "AREA_RAI": 1.24073982853, "RAI": 1.0, "NGAN": 0.0, "WA_SQ": 96.0, "OBJECTID": 177.0, "Area": 1985.18372565, "MUBAN": "น้ำหมีใหญ่", "TAMBOL": null, "HOME_BAN_E": null, "TAM_CODE": null, "TAM_NAM_T": "ผักขวง", "AMPHOE_T": "ทองแสนขัน", "AMPHOE_E": null, "PROV_CODE": null, "PROV_NAM_T": "อุตรดิตถ์", "PROV_NAM_E": null, "NAME_EN": null, "TAM_NAM_E": null, "Plot_No1": 1006820001.0000001, "Shape_Le_1": 200.91311237400001, "TARGET_F_1": 173.0, "Shape_Leng": 200.91311237400001, "Shape_Area": 1985.18372565, "Cal_Rai": 1.2407, "layer": "AP1103NMY01", "path": "/Users/ponteerasingto/project11/อุทยานแห่งชาติต้นสักใหญ่/ส่งกรม/Shapefile/1.SHAPEFILE/บ้านน้ำหมีใหญ่/AP1103NMY01.shp" }, "geometry": { "type": "MultiPolygon", "coordinates": [ [ [ [ 100.434576801000375, 17.582101478155948 ], [ 100.434569720809606, 17.582164709569231 ], [ 100.434688092134252, 17.582210601097209 ], [ 100.434619334207937, 17.582275074378039 ], [ 100.434608642809678, 17.582545812657656 ], [ 100.434696619375217, 17.582641135821405 ], [ 100.434931304993682, 17.582673799227408 ], [ 100.434918272868856, 17.582090072899319 ], [ 100.434576801000375, 17.582101478155948 ] ] ] ] } },
{ "type": "Feature", "properties": { "OBJECTID_1": 315, "TARGET_FID": "0", "NAME_DNP": "ต้นสักใหญ่", "CODE_DNP": 1103, "APAR_CODE": "11031011610004PIA6", "APAR_NO": "10116", "NUM_APAR": "10004", "SPAR_CODE": "11030001500016PIA6", "SPAR_NO": "00015", "NUM_SPAR": "00016", "PAR_BAN": "เพีย", "BAN_E": "PIA", "PAR_MOO": "6", "PAR_TAM": "น้ำไผ่", "PAR_AMP": "น้ำปาด", "PAR_PROV": "อุตรดิตถ์", "NAME_TITLE": "นาง", "SURNAME": "คำไวย์", "IDCARD": "1530400057127", "HOME_NO": "63/2", "HOME_BAN": "บ้านเพีย", "HOME_MOO": "6", "HOME_TAM": "น้ำไผ่", "HOME_AMP": "น้ำปาด", "HOME_PROV": "อุตรดิตถ์", "REMARK": "ลูกนายวิโรจน์", "BAN_TYPE": 0, "YEAR": "2563", "NAME_DNP_T": "อุทยานแห่งชาติ", "E": 672461.0, "N": 1939328.0, "NAME": "ศุภิสรา", "PERIMETER": 370.79919610100001, "AREA_RAI": 2.9127826799899998, "RAI": 2.0, "NGAN": 3.0, "WA_SQ": 64.0, "OBJECTID": 316.0, "Area": 4660.4522879899996, "MUBAN": "บ้านเพีย", "TAMBOL": null, "HOME_BAN_E": null, "TAM_CODE": null, "TAM_NAM_T": "น้ำไผ่", "AMPHOE_T": "น้ำปาด", "AMPHOE_E": null, "PROV_CODE": null, "PROV_NAM_T": "อุตรดิตถ์", "PROV_NAM_E": null, "NAME_EN": null, "TAM_NAM_E": null, "Plot_No1": 1011610003.9999999, "Shape_Le_1": 370.51714284600001, "TARGET_F_1": 332.0, "Shape_Leng": 370.79915432400003, "Shape_Area": 4660.4501768299997, "Cal_Rai": 2.9128, "layer": "AP1103PIA06", "path": "/Users/ponteerasingto/project11/อุทยานแห่งชาติต้นสักใหญ่/ส่งกรม/Shapefile/1.SHAPEFILE/บ้านเพีย/AP1103PIA06.shp" }, "geometry": { "type": "MultiPolygon", "coordinates": [ [ [ [ 100.624682152820526, 17.534129221953108 ], [ 100.625139852177455, 17.534170231125302 ], [ 100.625027776189668, 17.53394180559042 ], [ 100.624473915728402, 17.5327858358954 ], [ 100.624451037492321, 17.533550350779436 ], [ 100.624682152820526, 17.534129221953108 ] ] ] ] } },
{ "type": "Feature", "properties": { "OBJECTID_1": 316, "TARGET_FID": "0", "NAME_DNP": "ต้นสักใหญ่", "CODE_DNP": 1103, "APAR_CODE": "11031012110006PIA6", "APAR_NO": "10121", "NUM_APAR": "10006", "SPAR_CODE": "11030001500033PIA6", "SPAR_NO": "00015", "NUM_SPAR": "00033", "PAR_BAN": "เพีย", "BAN_E": "PIA", "PAR_MOO": "6", "PAR_TAM": "น้ำไผ่", "PAR_AMP": "น้ำปาด", "PAR_PROV": "อุตรดิตถ์", "NAME_TITLE": "นาง", "SURNAME": "คำปาน", "IDCARD": "3534000270587", "HOME_NO": "29/2", "HOME_BAN": "บ้านเพีย", "HOME_MOO": "6", "HOME_TAM": "น้ำไผ่", "HOME_AMP": "น้ำปาด", "HOME_PROV": "อุตรดิตถ์", "REMARK": null, "BAN_TYPE": 0, "YEAR": "2563", "NAME_DNP_T": "อุทยานแห่งชาติ", "E": 671535.0, "N": 1939669.0, "NAME": "คำวอย", "PERIMETER": 367.96100567100001, "AREA_RAI": 5.2720616982899999, "RAI": 5.0, "NGAN": 1.0, "WA_SQ": 8.0, "OBJECTID": 317.0, "Area": 8435.2987172699995, "MUBAN": "บ้านเพีย", "TAMBOL": null, "HOME_BAN_E": null, "TAM_CODE": null, "TAM_NAM_T": "น้ำไผ่", "AMPHOE_T": "น้ำปาด", "AMPHOE_E": null, "PROV_CODE": null, "PROV_NAM_T": "อุตรดิตถ์", "PROV_NAM_E": null, "NAME_EN": null, "TAM_NAM_E": null, "Plot_No1": 1012110006.0, "Shape_Le_1": 367.96100567100001, "TARGET_F_1": 349.0, "Shape_Leng": 367.96100567100001, "Shape_Area": 8435.2987172699995, "Cal_Rai": 5.2721, "layer": "AP1103PIA06", "path": "/Users/ponteerasingto/project11/อุทยานแห่งชาติต้นสักใหญ่/ส่งกรม/Shapefile/1.SHAPEFILE/บ้านเพีย/AP1103PIA06.shp" }, "geometry": { "type": "MultiPolygon", "coordinates": [ [ [ [ 100.616555781263727, 17.53722717637169 ], [ 100.616665136722233, 17.537018269502074 ], [ 100.61648975992118, 17.536736563966119 ], [ 100.616059883896625, 17.536435526543027 ], [ 100.615588917601002, 17.536317444605729 ], [ 100.615435728178355, 17.536469488975023 ], [ 100.615373371703896, 17.536770939438117 ], [ 100.615560723122982, 17.536879993170775 ], [ 100.616134888775804, 17.537214201973146 ], [ 100.616444307460128, 17.537259493471801 ], [ 100.616555781263727, 17.53722717637169 ] ] ] ] } },
{ "type": "Feature", "properties": { "OBJECTID_1": 317, "TARGET_FID": "0", "NAME_DNP": "ต้นสักใหญ่", "CODE_DNP": 1103, "APAR_CODE": "11031012110013PIA6", "APAR_NO": "10121", "NUM_APAR": "10013", "SPAR_CODE": "11030001500039PIA6", "SPAR_NO": "00015", "NUM_SPAR": "00039", "PAR_BAN": "เพีย", "BAN_E": "PIA", "PAR_MOO": "6", "PAR_TAM": "น้ำไผ่", "PAR_AMP": "น้ำปาด", "PAR_PROV": "อุตรดิตถ์", "NAME_TITLE": "นาย", "SURNAME": "พากันหา", "IDCARD": "3530400301024", "HOME_NO": "11/1", "HOME_BAN": "บ้านเพีย", "HOME_MOO": "6", "HOME_TAM": "น้ำไผ่", "HOME_AMP": "น้ำปาด", "HOME_PROV": "อุตรดิตถ์", "REMARK": null, "BAN_TYPE": 0, "YEAR": "2563", "NAME_DNP_T": "อุทยานแห่งชาติ", "E": 671573.0, "N": 1939243.0, "NAME": "แปลง", "PERIMETER": 318.11192493599998, "AREA_RAI": 3.28357270366, "RAI": 3.0, "NGAN": 1.0, "WA_SQ": 12.0, "OBJECTID": 318.0, "Area": 5253.7163258500004, "MUBAN": "บ้านเพีย", "TAMBOL": null, "HOME_BAN_E": null, "TAM_CODE": null, "TAM_NAM_T": "น้ำไผ่", "AMPHOE_T": "น้ำปาด", "AMPHOE_E": null, "PROV_CODE": null, "PROV_NAM_T": "อุตรดิตถ์", "PROV_NAM_E": null, "NAME_EN": null, "TAM_NAM_E": null, "Plot_No1": 1012110013.0, "Shape_Le_1": 318.11192493599998, "TARGET_F_1": 355.0, "Shape_Leng": 318.11192493599998, "Shape_Area": 5253.7163258500004, "Cal_Rai": 3.2836, "layer": "AP1103PIA06", "path": "/Users/ponteerasingto/project11/อุทยานแห่งชาติต้นสักใหญ่/ส่งกรม/Shapefile/1.SHAPEFILE/บ้านเพีย/AP1103PIA06.shp" }, "geometry": { "type": "MultiPolygon", "coordinates": [ [ [ [ 100.616737865188952, 17.533462155727531 ], [ 100.616856540538691, 17.533337872755183 ], [ 100.616758751627344, 17.533179975746386 ], [ 100.616433566716182, 17.532654906118111 ], [ 100.615963323061862, 17.532457912425098 ], [ 100.615879000152702, 17.532693000196673 ], [ 100.616050329832063, 17.533049206298518 ], [ 100.616737865188952, 17.533462155727531 ] ] ] ] } },
{ "type": "Feature", "properties": { "OBJECTID_1": 318, "TARGET_FID": "0", "NAME_DNP": "ต้นสักใหญ่", "CODE_DNP": 1103, "APAR_CODE": "11031012110015PIA6", "APAR_NO": "10121", "NUM_APAR": "10015", "SPAR_CODE": "11030001500041PIA6", "SPAR_NO": "00015", "NUM_SPAR": "00041", "PAR_BAN": "เพีย", "BAN_E": "PIA", "PAR_MOO": "6", "PAR_TAM": "น้ำไผ่", "PAR_AMP": "น้ำปาด", "PAR_PROV": "อุตรดิตถ์", "NAME_TITLE": "นาย", "SURNAME": "มาปัด", "IDCARD": "3530400301903", "HOME_NO": "60/1", "HOME_BAN": "บ้านเพีย", "HOME_MOO": "6", "HOME_TAM": "น้ำไผ่", "HOME_AMP": "น้ำปาด", "HOME_PROV": "อุตรดิตถ์", "REMARK": null, "BAN_TYPE": 0, "YEAR": "2563", "NAME_DNP_T": "อุทยานแห่งชาติ", "E": 671652.0, "N": 1939141.0, "NAME": "คำพาก", "PERIMETER": 285.91858644400003, "AREA_RAI": 2.5042726859900002, "RAI": 2.0, "NGAN": 2.0, "WA_SQ": 0.0, "OBJECTID": 319.0, "Area": 4006.8362975800001, "MUBAN": "บ้านเพีย", "TAMBOL": null, "HOME_BAN_E": null, "TAM_CODE": null, "TAM_NAM_T": "น้ำไผ่", "AMPHOE_T": "น้ำปาด", "AMPHOE_E": null, "PROV_CODE": null, "PROV_NAM_T": "อุตรดิตถ์", "PROV_NAM_E": null, "NAME_EN": null, "TAM_NAM_E": null, "Plot_No1": 1012110014.9999999, "Shape_Le_1": 285.760317837, "TARGET_F_1": 357.0, "Shape_Leng": 285.918556948, "Shape_Area": 4006.8348615300001, "Cal_Rai": 2.5043, "layer": "AP1103PIA06", "path": "/Users/ponteerasingto/project11/อุทยานแห่งชาติต้นสักใหญ่/ส่งกรม/Shapefile/1.SHAPEFILE/บ้านเพีย/AP1103PIA06.shp" }, "geometry": { "type": "MultiPolygon", "coordinates": [ [ [ [ 100.616791427928646, 17.531498052948887 ], [ 100.616728525192812, 17.531819438177493 ], [ 100.616891057564942, 17.532093284315369 ], [ 100.617017031752624, 17.53246058626673 ], [ 100.61749539974673, 17.532233410630134 ], [ 100.617271402428528, 17.531883681727603 ], [ 100.617102492241813, 17.531836773703986 ], [ 100.617032616851802, 17.531684930015512 ], [ 100.616791427928646, 17.531498052948887 ] ] ] ] } },
{ "type": "Feature", "properties": { "OBJECTID_1": 319, "TARGET_FID": "0", "NAME_DNP": "ต้นสักใหญ่", "CODE_DNP": 1103, "APAR_CODE": "11031011410007PIA6", "APAR_NO": "10114", "NUM_APAR": "10007", "SPAR_CODE": "11030001500007PIA6", "SPAR_NO": "00015", "NUM_SPAR": "00007", "PAR_BAN": "เพีย", "BAN_E": "PIA", "PAR_MOO": "6", "PAR_TAM": "น้ำไผ่", "PAR_AMP": "น้ำปาด", "PAR_PROV": "อุตรดิตถ์", "NAME_TITLE": "นางสาว", "SURNAME": "อุศรี", "IDCARD": "3530400032571", "HOME_NO": "5", "HOME_BAN": "บ้านเพีย", "HOME_MOO": "6", "HOME_TAM": "น้ำไผ่", "HOME_AMP": "น้ำปาด", "HOME_PROV": "อุตรดิตถ์", "REMARK": null, "BAN_TYPE": 0, "YEAR": "2563", "NAME_DNP_T": "อุทยานแห่งชาติ", "E": 673512.0, "N": 1940336.0, "NAME": "บุญมา", "PERIMETER": 312.13843494100001, "AREA_RAI": 3.9344967074000001, "RAI": 3.0, "NGAN": 3.0, "WA_SQ": 72.0, "OBJECTID": 320.0, "Area": 6295.1947318499997, "MUBAN": "บ้านเพีย", "TAMBOL": null, "HOME_BAN_E": null, "TAM_CODE": null, "TAM_NAM_T": "น้ำไผ่", "AMPHOE_T": "น้ำปาด", "AMPHOE_E": null, "PROV_CODE": null, "PROV_NAM_T": "อุตรดิตถ์", "PROV_NAM_E": null, "NAME_EN": null, "TAM_NAM_E": null, "Plot_No1": 1011410006.9999999, "Shape_Le_1": 311.02969511800001, "TARGET_F_1": 323.0, "Shape_Leng": 312.13840425199999, "Shape_Area": 6295.1945410600001, "Cal_Rai": 3.9345, "layer": "AP1103PIA06", "path": "/Users/ponteerasingto/project11/อุทยานแห่งชาติต้นสักใหญ่/ส่งกรม/Shapefile/1.SHAPEFILE/บ้านเพีย/AP1103PIA06.shp" }, "geometry": { "type": "MultiPolygon", "coordinates": [ [ [ [ 100.634367150689258, 17.542289154761946 ], [ 100.634281120542511, 17.542663274041011 ], [ 100.634641622108916, 17.543172056928213 ], [ 100.635104868466442, 17.543024286960527 ], [ 100.635023776027069, 17.542638865764037 ], [ 100.634667409309159, 17.542116184542689 ], [ 100.634367150689258, 17.542289154761946 ] ] ] ] } },
{ "type": "Feature", "properties": { "OBJECTID_1": 320, "TARGET_FID": "0", "NAME_DNP": "ต้นสักใหญ่", "CODE_DNP": 1103, "APAR_CODE": "11031011410005PIA6", "APAR_NO": "10114", "NUM_APAR": "10005", "SPAR_CODE": "11030001500005PIA6", "SPAR_NO": "00015", "NUM_SPAR": "00005", "PAR_BAN": "เพีย", "BAN_E": "PIA", "PAR_MOO": "6", "PAR_TAM": "น้ำไผ่", "PAR_AMP": "น้ำปาด", "PAR_PROV": "อุตรดิตถ์", "NAME_TITLE": "นางสาว", "SURNAME": "ติอิน", "IDCARD": "3650300102631", "HOME_NO": "11/2", "HOME_BAN": "บ้านเพีย", "HOME_MOO": "6", "HOME_TAM": "น้ำไผ่", "HOME_AMP": "น้ำปาด", "HOME_PROV": "อุตรดิตถ์", "REMARK": null, "BAN_TYPE": 0, "YEAR": "2563", "NAME_DNP_T": "อุทยานแห่งชาติ", "E": 673740.0, "N": 1940379.0, "NAME": "ปราณี", "PERIMETER": 399.24261722099999, "AREA_RAI": 6.2010807376099999, "RAI": 6.0, "NGAN": 0.0, "WA_SQ": 80.0, "OBJECTID": 321.0, "Area": 9921.7291801800002, "MUBAN": "บ้านเพีย", "TAMBOL": null, "HOME_BAN_E": null, "TAM_CODE": null, "TAM_NAM_T": "น้ำไผ่", "AMPHOE_T": "น้ำปาด", "AMPHOE_E": null, "PROV_CODE": null, "PROV_NAM_T": "อุตรดิตถ์", "PROV_NAM_E": null, "NAME_EN": null, "TAM_NAM_E": null, "Plot_No1": 1011410005.0, "Shape_Le_1": 399.24261722099999, "TARGET_F_1": 321.0, "Shape_Leng": 399.24261722099999, "Shape_Area": 9921.7291801800002, "Cal_Rai": 6.2011, "layer": "AP1103PIA06", "path": "/Users/ponteerasingto/project11/อุทยานแห่งชาติต้นสักใหญ่/ส่งกรม/Shapefile/1.SHAPEFILE/บ้านเพีย/AP1103PIA06.shp" }, "geometry": { "type": "MultiPolygon", "coordinates": [ [ [ [ 100.636157072043105, 17.54308254040847 ], [ 100.636546220247055, 17.543281917911639 ], [ 100.637079802059191, 17.543555294198381 ], [ 100.63743799962954, 17.543351000144238 ], [ 100.63748638741049, 17.542935434797048 ], [ 100.636904999964443, 17.542642999986377 ], [ 100.636108859090626, 17.542694578403196 ], [ 100.636157072043105, 17.54308254040847 ] ] ] ] } },
{ "type": "Feature", "properties": { "OBJECTID_1": 321, "TARGET_FID": "0", "NAME_DNP": "ต้นสักใหญ่", "CODE_DNP": 1103, "APAR_CODE": "11031011420002PIA6", "APAR_NO": "10114", "NUM_APAR": "20002", "SPAR_CODE": "11030001500002PIA6", "SPAR_NO": "00015", "NUM_SPAR": "00002", "PAR_BAN": "เพีย", "BAN_E": "PIA", "PAR_MOO": "6", "PAR_TAM": "น้ำไผ่", "PAR_AMP": "น้ำปาด", "PAR_PROV": "อุตรดิตถ์", "NAME_TITLE": "นาย", "SURNAME": "พากันหา", "IDCARD": "1530400010031", "HOME_NO": "5", "HOME_BAN": "บ้านเพีย", "HOME_MOO": "6", "HOME_TAM": "น้ำไผ่", "HOME_AMP": "น้ำปาด", "HOME_PROV": "อุตรดิตถ์", "REMARK": null, "BAN_TYPE": 0, "YEAR": "2563", "NAME_DNP_T": "อุทยานแห่งชาติ", "E": 673841.0, "N": 1940495.0, "NAME": "นิคม", "PERIMETER": 490.842071417, "AREA_RAI": 5.9766615958999996, "RAI": 5.0, "NGAN": 3.0, "WA_SQ": 88.0, "OBJECTID": 322.0, "Area": 9562.6585534500009, "MUBAN": "บ้านเพีย", "TAMBOL": null, "HOME_BAN_E": null, "TAM_CODE": null, "TAM_NAM_T": "น้ำไผ่", "AMPHOE_T": "น้ำปาด", "AMPHOE_E": null, "PROV_CODE": null, "PROV_NAM_T": "อุตรดิตถ์", "PROV_NAM_E": null, "NAME_EN": null, "TAM_NAM_E": null, "Plot_No1": 1011420002.0, "Shape_Le_1": 491.89047638800002, "TARGET_F_1": 318.0, "Shape_Leng": 490.84207016200003, "Shape_Area": 9562.6587002800006, "Cal_Rai": 5.9767, "layer": "AP1103PIA06", "path": "/Users/ponteerasingto/project11/อุทยานแห่งชาติต้นสักใหญ่/ส่งกรม/Shapefile/1.SHAPEFILE/บ้านเพีย/AP1103PIA06.shp" }, "geometry": { "type": "MultiPolygon", "coordinates": [ [ [ [ 100.63830242936956, 17.543758006646708 ], [ 100.637980390270272, 17.543897942397592 ], [ 100.637663051991822, 17.543860401210509 ], [ 100.637392827434738, 17.543663801162836 ], [ 100.637471380436395, 17.544249714149746 ], [ 100.637282238321148, 17.54477842007211 ], [ 100.637915945265348, 17.545219354848474 ], [ 100.637878862647455, 17.544754939157105 ], [ 100.638288600539894, 17.544033264101234 ], [ 100.63830242936956, 17.543758006646708 ] ] ] ] } },
{ "type": "Feature", "properties": { "OBJECTID_1": 322, "TARGET_FID": "0", "NAME_DNP": "ต้นสักใหญ่", "CODE_DNP": 1103, "APAR_CODE": "11031011410008PIA6", "APAR_NO": "10114", "NUM_APAR": "10008", "SPAR_CODE": "11030001500008PIA6", "SPAR_NO": "00015", "NUM_SPAR": "00008", "PAR_BAN": "เพีย", "BAN_E": "PIA", "PAR_MOO": "6", "PAR_TAM": "น้ำไผ่", "PAR_AMP": "น้ำปาด", "PAR_PROV": "อุตรดิตถ์", "NAME_TITLE": "นางสาว", "SURNAME": "พากันหา", "IDCARD": "3530400301032", "HOME_NO": "15/4", "HOME_BAN": "บ้านเพีย", "HOME_MOO": "6", "HOME_TAM": "น้ำไผ่", "HOME_AMP": "น้ำปาด", "HOME_PROV": "อุตรดิตถ์", "REMARK": null, "BAN_TYPE": 0, "YEAR": "2563", "NAME_DNP_T": "อุทยานแห่งชาติ", "E": 673489.0, "N": 1940268.0, "NAME": "ศิริลักษณ์", "PERIMETER": 133.734554863, "AREA_RAI": 0.70222995043000003, "RAI": 0.0, "NGAN": 2.0, "WA_SQ": 80.0, "OBJECTID": 323.0, "Area": 1123.56792068, "MUBAN": "บ้านเพีย", "TAMBOL": null, "HOME_BAN_E": null, "TAM_CODE": null, "TAM_NAM_T": "น้ำไผ่", "AMPHOE_T": "น้ำปาด", "AMPHOE_E": null, "PROV_CODE": null, "PROV_NAM_T": "อุตรดิตถ์", "PROV_NAM_E": null, "NAME_EN": null, "TAM_NAM_E": null, "Plot_No1": 1011410008.0, "Shape_Le_1": 133.734554863, "TARGET_F_1": 324.0, "Shape_Leng": 133.734554863, "Shape_Area": 1123.56792068, "Cal_Rai": 0.7022, "layer": "AP1103PIA06", "path": "/Users/ponteerasingto/project11/อุทยานแห่งชาติต้นสักใหญ่/ส่งกรม/Shapefile/1.SHAPEFILE/บ้านเพีย/AP1103PIA06.shp" }, "geometry": { "type": "MultiPolygon", "coordinates": [ [ [ [ 100.634367150689258, 17.542289154761946 ], [ 100.634667409309159, 17.542116184542689 ], [ 100.634513494454367, 17.541855903913909 ], [ 100.634333258035412, 17.541905206929588 ], [ 100.634306643173574, 17.542063815502701 ], [ 100.634367150689258, 17.542289154761946 ] ] ] ] } },
{ "type": "Feature", "properties": { "OBJECTID_1": 323, "TARGET_FID": "0", "NAME_DNP": "ต้นสักใหญ่", "CODE_DNP": 1103, "APAR_CODE": "11031012110018PIA6", "APAR_NO": "10121", "NUM_APAR": "10018", "SPAR_CODE": "11030001500042PIA6", "SPAR_NO": "00015", "NUM_SPAR": "00042", "PAR_BAN": "เพีย", "BAN_E": "PIA", "PAR_MOO": "6", "PAR_TAM": "น้ำไผ่", "PAR_AMP": "น้ำปาด", "PAR_PROV": "อุตรดิตถ์", "NAME_TITLE": "นาง", "SURNAME": "กฎมัจฉา", "IDCARD": "3310400763453", "HOME_NO": "11", "HOME_BAN": "บ้านเพีย", "HOME_MOO": "6", "HOME_TAM": "น้ำไผ่", "HOME_AMP": "น้ำปาด", "HOME_PROV": "อุตรดิตถ์", "REMARK": null, "BAN_TYPE": 0, "YEAR": "2563", "NAME_DNP_T": "อุทยานแห่งชาติ", "E": 671380.0, "N": 1939304.0, "NAME": "สำราญ", "PERIMETER": 397.02663278400001, "AREA_RAI": 5.2042996025799999, "RAI": 5.0, "NGAN": 0.0, "WA_SQ": 80.0, "OBJECTID": 324.0, "Area": 8326.8793641299999, "MUBAN": "บ้านเพีย", "TAMBOL": null, "HOME_BAN_E": null, "TAM_CODE": null, "TAM_NAM_T": "น้ำไผ่", "AMPHOE_T": "น้ำปาด", "AMPHOE_E": null, "PROV_CODE": null, "PROV_NAM_T": "อุตรดิตถ์", "PROV_NAM_E": null, "NAME_EN": null, "TAM_NAM_E": null, "Plot_No1": 1012110018.0, "Shape_Le_1": 397.02663278400001, "TARGET_F_1": 358.0, "Shape_Leng": 397.02663278400001, "Shape_Area": 8326.8793641299999, "Cal_Rai": 5.2043, "layer": "AP1103PIA06", "path": "/Users/ponteerasingto/project11/อุทยานแห่งชาติต้นสักใหญ่/ส่งกรม/Shapefile/1.SHAPEFILE/บ้านเพีย/AP1103PIA06.shp" }, "geometry": { "type": "MultiPolygon", "coordinates": [ [ [ [ 100.614367999694707, 17.534050000431122 ], [ 100.615254805072084, 17.533565003737046 ], [ 100.615007543790824, 17.533365138576361 ], [ 100.614651600872904, 17.533396335424364 ], [ 100.614190999976444, 17.533079000041102 ], [ 100.613776660165371, 17.533285894741823 ], [ 100.614138392139438, 17.533865368924701 ], [ 100.614367999694707, 17.534050000431122 ] ] ] ] } },
{ "type": "Feature", "properties": { "OBJECTID_1": 324, "TARGET_FID": "0", "NAME_DNP": "ต้นสักใหญ่", "CODE_DNP": 1103, "APAR_CODE": "11031012120005PIA6", "APAR_NO": "10121", "NUM_APAR": "20005", "SPAR_CODE": "11030001500032PIA6", "SPAR_NO": "00015", "NUM_SPAR": "00032", "PAR_BAN": "เพีย", "BAN_E": "PIA", "PAR_MOO": "6", "PAR_TAM": "น้ำไผ่", "PAR_AMP": "น้ำปาด", "PAR_PROV": "อุตรดิตถ์", "NAME_TITLE": "นาย", "SURNAME": "อินยา", "IDCARD": "3530400270447", "HOME_NO": "9/1", "HOME_BAN": "บ้านเพีย", "HOME_MOO": "6", "HOME_TAM": "น้ำไผ่", "HOME_AMP": "น้ำปาด", "HOME_PROV": "อุตรดิตถ์", "REMARK": null, "BAN_TYPE": 0, "YEAR": "2563", "NAME_DNP_T": "อุทยานแห่งชาติ", "E": 671446.0, "N": 1939651.0, "NAME": "ลี", "PERIMETER": 702.00830926900005, "AREA_RAI": 12.913074487399999, "RAI": 12.0, "NGAN": 3.0, "WA_SQ": 64.0, "OBJECTID": 325.0, "Area": 20660.9191799, "MUBAN": "บ้านเพีย", "TAMBOL": null, "HOME_BAN_E": null, "TAM_CODE": null, "TAM_NAM_T": "น้ำไผ่", "AMPHOE_T": "น้ำปาด", "AMPHOE_E": null, "PROV_CODE": null, "PROV_NAM_T": "อุตรดิตถ์", "PROV_NAM_E": null, "NAME_EN": null, "TAM_NAM_E": null, "Plot_No1": 1012120005.0, "Shape_Le_1": 702.984026, "TARGET_F_1": 348.0, "Shape_Leng": 702.00829749599995, "Shape_Area": 20660.919866799999, "Cal_Rai": 12.9131, "layer": "AP1103PIA06", "path": "/Users/ponteerasingto/project11/อุทยานแห่งชาติต้นสักใหญ่/ส่งกรม/Shapefile/1.SHAPEFILE/บ้านเพีย/AP1103PIA06.shp" }, "geometry": { "type": "MultiPolygon", "coordinates": [ [ [ [ 100.615556853242495, 17.537699247995658 ], [ 100.616134888775804, 17.537214201973146 ], [ 100.615560723122982, 17.536879993170775 ], [ 100.615373371703896, 17.536770939438117 ], [ 100.615281400445127, 17.536621822641003 ], [ 100.61587796462851, 17.535970032323235 ], [ 100.614749326120389, 17.535696553212841 ], [ 100.614668749527496, 17.535856784780687 ], [ 100.61436100002544, 17.536706000160549 ], [ 100.615014980439653, 17.537252409459171 ], [ 100.615556853242495, 17.537699247995658 ] ] ] ] } },
{ "type": "Feature", "properties": { "OBJECTID_1": 325, "TARGET_FID": "0", "NAME_DNP": "ต้นสักใหญ่", "CODE_DNP": 1103, "APAR_CODE": "11031011610003PIA6", "APAR_NO": "10116", "NUM_APAR": "10003", "SPAR_CODE": "11030001500013PIA6", "SPAR_NO": "00015", "NUM_SPAR": "00013", "PAR_BAN": "เพีย", "BAN_E": "PIA", "PAR_MOO": "6", "PAR_TAM": "น้ำไผ่", "PAR_AMP": "น้ำปาด", "PAR_PROV": "อุตรดิตถ์", "NAME_TITLE": "นาย", "SURNAME": "มาปัด", "IDCARD": "3530400301903", "HOME_NO": "60/1", "HOME_BAN": "บ้านเพีย", "HOME_MOO": "6", "HOME_TAM": "น้ำไผ่", "HOME_AMP": "น้ำปาด", "HOME_PROV": "อุตรดิตถ์", "REMARK": null, "BAN_TYPE": 0, "YEAR": "2563", "NAME_DNP_T": "อุทยานแห่งชาติ", "E": 672532.0, "N": 1939376.0, "NAME": "คำพาก", "PERIMETER": 246.28984736500001, "AREA_RAI": 2.2930678019499999, "RAI": 2.0, "NGAN": 1.0, "WA_SQ": 16.0, "OBJECTID": 326.0, "Area": 3668.9084831199998, "MUBAN": "บ้านเพีย", "TAMBOL": null, "HOME_BAN_E": null, "TAM_CODE": null, "TAM_NAM_T": "น้ำไผ่", "AMPHOE_T": "น้ำปาด", "AMPHOE_E": null, "PROV_CODE": null, "PROV_NAM_T": "อุตรดิตถ์", "PROV_NAM_E": null, "NAME_EN": null, "TAM_NAM_E": null, "Plot_No1": 1011610003.0, "Shape_Le_1": 246.03507944, "TARGET_F_1": 329.0, "Shape_Leng": 246.28989418500001, "Shape_Area": 3668.9102807899999, "Cal_Rai": 2.2931, "layer": "AP1103PIA06", "path": "/Users/ponteerasingto/project11/อุทยานแห่งชาติต้นสักใหญ่/ส่งกรม/Shapefile/1.SHAPEFILE/บ้านเพีย/AP1103PIA06.shp" }, "geometry": { "type": "MultiPolygon", "coordinates": [ [ [ [ 100.625305968996713, 17.534508796817473 ], [ 100.625709217854308, 17.534174628926539 ], [ 100.625574188767104, 17.53382348701188 ], [ 100.625512430159759, 17.53366297710263 ], [ 100.625027776189668, 17.53394180559042 ], [ 100.625139852177455, 17.534170231125302 ], [ 100.625305968996713, 17.534508796817473 ] ] ] ] } },
{ "type": "Feature", "properties": { "OBJECTID_1": 326, "TARGET_FID": "0", "NAME_DNP": "ต้นสักใหญ่", "CODE_DNP": 1103, "APAR_CODE": "11031011420006PIA6", "APAR_NO": "10114", "NUM_APAR": "20006", "SPAR_CODE": "11030001500006PIA6", "SPAR_NO": "00015", "NUM_SPAR": "00006", "PAR_BAN": "เพีย", "BAN_E": "PIA", "PAR_MOO": "6", "PAR_TAM": "น้ำไผ่", "PAR_AMP": "น้ำปาด", "PAR_PROV": "อุตรดิตถ์", "NAME_TITLE": "นาง", "SURNAME": "จันนะลา", "IDCARD": "1530400031314", "HOME_NO": "60/3", "HOME_BAN": "บ้านเพีย", "HOME_MOO": "6", "HOME_TAM": "น้ำไผ่", "HOME_AMP": "น้ำปาด", "HOME_PROV": "อุตรดิตถ์", "REMARK": null, "BAN_TYPE": 0, "YEAR": "2563", "NAME_DNP_T": "อุทยานแห่งชาติ", "E": 673622.0, "N": 1940436.0, "NAME": "ช่อฟ้า", "PERIMETER": 605.70446940399995, "AREA_RAI": 11.652607226900001, "RAI": 11.0, "NGAN": 2.0, "WA_SQ": 60.0, "OBJECTID": 327.0, "Area": 18644.171563100001, "MUBAN": "บ้านเพีย", "TAMBOL": null, "HOME_BAN_E": null, "TAM_CODE": null, "TAM_NAM_T": "น้ำไผ่", "AMPHOE_T": "น้ำปาด", "AMPHOE_E": null, "PROV_CODE": null, "PROV_NAM_T": "อุตรดิตถ์", "PROV_NAM_E": null, "NAME_EN": null, "TAM_NAM_E": null, "Plot_No1": 1011420006.0, "Shape_Le_1": 605.94916476399999, "TARGET_F_1": 322.0, "Shape_Leng": 605.70442844199999, "Shape_Area": 18644.172371100001, "Cal_Rai": 11.6526, "layer": "AP1103PIA06", "path": "/Users/ponteerasingto/project11/อุทยานแห่งชาติต้นสักใหญ่/ส่งกรม/Shapefile/1.SHAPEFILE/บ้านเพีย/AP1103PIA06.shp" }, "geometry": { "type": "MultiPolygon", "coordinates": [ [ [ [ 100.63535985144253, 17.54328722862839 ], [ 100.634643932008814, 17.543799207929723 ], [ 100.636222111720627, 17.544312772909255 ], [ 100.636296000230161, 17.544009000333784 ], [ 100.63642899966824, 17.543814000292372 ], [ 100.636546220247055, 17.543281917911639 ], [ 100.636157072043105, 17.54308254040847 ], [ 100.635387999580715, 17.542799000144623 ], [ 100.635385564807194, 17.542811816164591 ], [ 100.635104868466442, 17.543024286960527 ], [ 100.63535985144253, 17.54328722862839 ] ] ] ] } },
{ "type": "Feature", "properties": { "OBJECTID_1": 327, "TARGET_FID": "0", "NAME_DNP": "ต้นสักใหญ่", "CODE_DNP": 1103, "APAR_CODE": "11031011820005PIA6", "APAR_NO": "10118", "NUM_APAR": "20005", "SPAR_CODE": "11030001500019PIA6", "SPAR_NO": "00015", "NUM_SPAR": "00019", "PAR_BAN": "เพีย", "BAN_E": "PIA", "PAR_MOO": "6", "PAR_TAM": "น้ำไผ่", "PAR_AMP": "น้ำปาด", "PAR_PROV": "อุตรดิตถ์", "NAME_TITLE": "นาย", "SURNAME": "จันทะคุณ", "IDCARD": "3650300031521", "HOME_NO": "57", "HOME_BAN": "บ้านเพีย", "HOME_MOO": "6", "HOME_TAM": "น้ำไผ่", "HOME_AMP": "น้ำปาด", "HOME_PROV": "อุตรดิตถ์", "REMARK": null, "BAN_TYPE": 0, "YEAR": "2563", "NAME_DNP_T": "อุทยานแห่งชาติ", "E": 672245.0, "N": 1939653.0, "NAME": "ส่ง", "PERIMETER": 550.29576458899999, "AREA_RAI": 9.2596261543599994, "RAI": 9.0, "NGAN": 1.0, "WA_SQ": 0.0, "OBJECTID": 328.0, "Area": 14815.401847, "MUBAN": "บ้านเพีย", "TAMBOL": null, "HOME_BAN_E": null, "TAM_CODE": null, "TAM_NAM_T": "น้ำไผ่", "AMPHOE_T": "น้ำปาด", "AMPHOE_E": null, "PROV_CODE": null, "PROV_NAM_T": "อุตรดิตถ์", "PROV_NAM_E": null, "NAME_EN": null, "TAM_NAM_E": null, "Plot_No1": 1011820005.0, "Shape_Le_1": 550.1093377, "TARGET_F_1": 335.0, "Shape_Leng": 550.29577053000003, "Shape_Area": 14815.4025864, "Cal_Rai": 9.2596, "layer": "AP1103PIA06", "path": "/Users/ponteerasingto/project11/อุทยานแห่งชาติต้นสักใหญ่/ส่งกรม/Shapefile/1.SHAPEFILE/บ้านเพีย/AP1103PIA06.shp" }, "geometry": { "type": "MultiPolygon", "coordinates": [ [ [ [ 100.623463417839389, 17.536529924559339 ], [ 100.623411167079396, 17.536439976506745 ], [ 100.623121065680422, 17.535592961589938 ], [ 100.62267559114126, 17.536337568522281 ], [ 100.622133999878827, 17.536398000340657 ], [ 100.621824000015394, 17.536671000446614 ], [ 100.622210508882446, 17.53722894109854 ], [ 100.622516940455256, 17.537331480168209 ], [ 100.623463417839389, 17.536529924559339 ] ] ] ] } },
{ "type": "Feature", "properties": { "OBJECTID_1": 328, "TARGET_FID": "0", "NAME_DNP": "ต้นสักใหญ่", "CODE_DNP": 1103, "APAR_CODE": "11031011620001PIA6", "APAR_NO": "10116", "NUM_APAR": "20001", "SPAR_CODE": "11030001500015PIA6", "SPAR_NO": "00015", "NUM_SPAR": "00015", "PAR_BAN": "เพีย", "BAN_E": "PIA", "PAR_MOO": "6", "PAR_TAM": "น้ำไผ่", "PAR_AMP": "น้ำปาด", "PAR_PROV": "อุตรดิตถ์", "NAME_TITLE": "นาย", "SURNAME": "ดาจัน", "IDCARD": "3530100771050", "HOME_NO": "12/2", "HOME_BAN": "บ้านเพีย", "HOME_MOO": "6", "HOME_TAM": "น้ำไผ่", "HOME_AMP": "น้ำปาด", "HOME_PROV": "อุตรดิตถ์", "REMARK": null, "BAN_TYPE": 0, "YEAR": "2563", "NAME_DNP_T": "อุทยานแห่งชาติ", "E": 672850.0, "N": 1939406.0, "NAME": "วรรณา", "PERIMETER": 462.71806884900002, "AREA_RAI": 7.6302305669399999, "RAI": 7.0, "NGAN": 2.0, "WA_SQ": 52.0, "OBJECTID": 329.0, "Area": 12208.368907100001, "MUBAN": "บ้านเพีย", "TAMBOL": null, "HOME_BAN_E": null, "TAM_CODE": null, "TAM_NAM_T": "น้ำไผ่", "AMPHOE_T": "น้ำปาด", "AMPHOE_E": null, "PROV_CODE": null, "PROV_NAM_T": "อุตรดิตถ์", "PROV_NAM_E": null, "NAME_EN": null, "TAM_NAM_E": null, "Plot_No1": 1011620001.0000001, "Shape_Le_1": 462.71806884900002, "TARGET_F_1": 331.0, "Shape_Leng": 462.71806884900002, "Shape_Area": 12208.368907100001, "Cal_Rai": 7.6302, "layer": "AP1103PIA06", "path": "/Users/ponteerasingto/project11/อุทยานแห่งชาติต้นสักใหญ่/ส่งกรม/Shapefile/1.SHAPEFILE/บ้านเพีย/AP1103PIA06.shp" }, "geometry": { "type": "MultiPolygon", "coordinates": [ [ [ [ 100.628057693781926, 17.533618747551198 ], [ 100.627681079962642, 17.53406468139735 ], [ 100.627777274164259, 17.534160276280709 ], [ 100.628603488302701, 17.535185549899445 ], [ 100.629035405587842, 17.534469138817606 ], [ 100.628531251940004, 17.53391304671306 ], [ 100.6283592286307, 17.533634342336907 ], [ 100.628057693781926, 17.533618747551198 ] ] ] ] } },
{ "type": "Feature", "properties": { "OBJECTID_1": 329, "TARGET_FID": "0", "NAME_DNP": "ต้นสักใหญ่", "CODE_DNP": 1103, "APAR_CODE": "11031011620002PIA6", "APAR_NO": "10116", "NUM_APAR": "20002", "SPAR_CODE": "11030001500014PIA6", "SPAR_NO": "00015", "NUM_SPAR": "00014", "PAR_BAN": "เพีย", "BAN_E": "PIA", "PAR_MOO": "6", "PAR_TAM": "น้ำไผ่", "PAR_AMP": "น้ำปาด", "PAR_PROV": "อุตรดิตถ์", "NAME_TITLE": "นาง", "SURNAME": "พากันหา", "IDCARD": "3530400269066", "HOME_NO": "48/2", "HOME_BAN": "บ้านเพีย", "HOME_MOO": "6", "HOME_TAM": "น้ำไผ่", "HOME_AMP": "น้ำปาด", "HOME_PROV": "อุตรดิตถ์", "REMARK": null, "BAN_TYPE": 0, "YEAR": "2563", "NAME_DNP_T": "อุทยานแห่งชาติ", "E": 672686.0, "N": 1939322.0, "NAME": "นิตยา", "PERIMETER": 1069.29242028, "AREA_RAI": 21.370299314099999, "RAI": 21.0, "NGAN": 1.0, "WA_SQ": 48.0, "OBJECTID": 330.0, "Area": 34192.4789026, "MUBAN": "บ้านเพีย", "TAMBOL": null, "HOME_BAN_E": null, "TAM_CODE": null, "TAM_NAM_T": "น้ำไผ่", "AMPHOE_T": "น้ำปาด", "AMPHOE_E": null, "PROV_CODE": null, "PROV_NAM_T": "อุตรดิตถ์", "PROV_NAM_E": null, "NAME_EN": null, "TAM_NAM_E": null, "Plot_No1": 1011620002.0, "Shape_Le_1": 1073.7858010899999, "TARGET_F_1": 330.0, "Shape_Leng": 1069.29233531, "Shape_Area": 34192.482347199999, "Cal_Rai": 21.3703, "layer": "AP1103PIA06", "path": "/Users/ponteerasingto/project11/อุทยานแห่งชาติต้นสักใหญ่/ส่งกรม/Shapefile/1.SHAPEFILE/บ้านเพีย/AP1103PIA06.shp" }, "geometry": { "type": "MultiPolygon", "coordinates": [ [ [ [ 100.627681079962642, 17.53406468139735 ], [ 100.628057693781926, 17.533618747551198 ], [ 100.628109523907966, 17.533094230123002 ], [ 100.62722967771451, 17.532997168195482 ], [ 100.626938107018958, 17.532437724560531 ], [ 100.626351571177281, 17.532334952325158 ], [ 100.626718790492077, 17.533334557276998 ], [ 100.626530970843874, 17.533524956280118 ], [ 100.626051226532994, 17.533132058691997 ], [ 100.625788041304276, 17.533415435766582 ], [ 100.625378507384255, 17.533331042923521 ], [ 100.625512430159759, 17.53366297710263 ], [ 100.625574188767104, 17.53382348701188 ], [ 100.626347902378882, 17.534373240430575 ], [ 100.627091635201495, 17.534712985447577 ], [ 100.627305079490725, 17.533689479787441 ], [ 100.627681079962642, 17.53406468139735 ] ] ] ] } },
{ "type": "Feature", "properties": { "OBJECTID_1": 330, "TARGET_FID": "0", "NAME_DNP": "ต้นสักใหญ่", "CODE_DNP": 1103, "APAR_CODE": "11031011720001PIA6", "APAR_NO": "10117", "NUM_APAR": "20001", "SPAR_CODE": "11030001500017PIA6", "SPAR_NO": "00015", "NUM_SPAR": "00017", "PAR_BAN": "เพีย", "BAN_E": "PIA", "PAR_MOO": "6", "PAR_TAM": "น้ำไผ่", "PAR_AMP": "น้ำปาด", "PAR_PROV": "อุตรดิตถ์", "NAME_TITLE": "นาย", "SURNAME": "จิรธนไพศล", "IDCARD": "3530400270269", "HOME_NO": "7/1", "HOME_BAN": "บ้านเพีย", "HOME_MOO": "6", "HOME_TAM": "น้ำไผ่", "HOME_AMP": "น้ำปาด", "HOME_PROV": "อุตรดิตถ์", "REMARK": null, "BAN_TYPE": 0, "YEAR": "2563", "NAME_DNP_T": "อุทยานแห่งชาติ", "E": 672436.0, "N": 1939112.0, "NAME": "สมัย", "PERIMETER": 522.88348083899996, "AREA_RAI": 7.8596102846599996, "RAI": 7.0, "NGAN": 3.0, "WA_SQ": 40.0, "OBJECTID": 331.0, "Area": 12575.3764555, "MUBAN": "บ้านเพีย", "TAMBOL": null, "HOME_BAN_E": null, "TAM_CODE": null, "TAM_NAM_T": "น้ำไผ่", "AMPHOE_T": "น้ำปาด", "AMPHOE_E": null, "PROV_CODE": null, "PROV_NAM_T": "อุตรดิตถ์", "PROV_NAM_E": null, "NAME_EN": null, "TAM_NAM_E": null, "Plot_No1": 1011720001.0000001, "Shape_Le_1": 520.4720906, "TARGET_F_1": 333.0, "Shape_Leng": 522.88348539499998, "Shape_Area": 12575.375166899999, "Cal_Rai": 7.8596, "layer": "AP1103PIA06", "path": "/Users/ponteerasingto/project11/อุทยานแห่งชาติต้นสักใหญ่/ส่งกรม/Shapefile/1.SHAPEFILE/บ้านเพีย/AP1103PIA06.shp" }, "geometry": { "type": "MultiPolygon", "coordinates": [ [ [ [ 100.62434453843872, 17.532311876949212 ], [ 100.625005479690373, 17.532496216532532 ], [ 100.625004921408163, 17.531628372949495 ], [ 100.62452393496136, 17.531252325311176 ], [ 100.623753214697288, 17.530827122750914 ], [ 100.623710172079754, 17.530880338238177 ], [ 100.62360786281171, 17.531025753623741 ], [ 100.623973622281468, 17.531342293740146 ], [ 100.62434453843872, 17.532311876949212 ] ] ] ] } },
{ "type": "Feature", "properties": { "OBJECTID_1": 331, "TARGET_FID": "0", "NAME_DNP": "ต้นสักใหญ่", "CODE_DNP": 1103, "APAR_CODE": "11031011810001PIA6", "APAR_NO": "10118", "NUM_APAR": "10001", "SPAR_CODE": "11030001500018PIA6", "SPAR_NO": "00015", "NUM_SPAR": "00018", "PAR_BAN": "เพีย", "BAN_E": "PIA", "PAR_MOO": "6", "PAR_TAM": "น้ำไผ่", "PAR_AMP": "น้ำปาด", "PAR_PROV": "อุตรดิตถ์", "NAME_TITLE": "นางสาว", "SURNAME": "พากันหา", "IDCARD": "3530400301032", "HOME_NO": "15/4", "HOME_BAN": "บ้านเพีย", "HOME_MOO": "6", "HOME_TAM": "น้ำไผ่", "HOME_AMP": "น้ำปาด", "HOME_PROV": "อุตรดิตถ์", "REMARK": null, "BAN_TYPE": 0, "YEAR": "2563", "NAME_DNP_T": "อุทยานแห่งชาติ", "E": 672378.0, "N": 1939627.0, "NAME": "ศิริลักษณ์", "PERIMETER": 774.70135587599998, "AREA_RAI": 10.298225093399999, "RAI": 10.0, "NGAN": 1.0, "WA_SQ": 16.0, "OBJECTID": 332.0, "Area": 16477.160149399999, "MUBAN": "บ้านเพีย", "TAMBOL": null, "HOME_BAN_E": null, "TAM_CODE": null, "TAM_NAM_T": "น้ำไผ่", "AMPHOE_T": "น้ำปาด", "AMPHOE_E": null, "PROV_CODE": null, "PROV_NAM_T": "อุตรดิตถ์", "PROV_NAM_E": null, "NAME_EN": null, "TAM_NAM_E": null, "Plot_No1": 1011810001.0000001, "Shape_Le_1": 774.70135587599998, "TARGET_F_1": 334.0, "Shape_Leng": 774.70135587599998, "Shape_Area": 16477.160149399999, "Cal_Rai": 10.2982, "layer": "AP1103PIA06", "path": "/Users/ponteerasingto/project11/อุทยานแห่งชาติต้นสักใหญ่/ส่งกรม/Shapefile/1.SHAPEFILE/บ้านเพีย/AP1103PIA06.shp" }, "geometry": { "type": "MultiPolygon", "coordinates": [ [ [ [ 100.624592210964394, 17.536854992493041 ], [ 100.624338970947491, 17.535917316895922 ], [ 100.623429770247284, 17.535355494755226 ], [ 100.623121065680422, 17.535592961589938 ], [ 100.623411167079396, 17.536439976506745 ], [ 100.623463417839389, 17.536529924559339 ], [ 100.623984951211938, 17.536088245266996 ], [ 100.624099334253245, 17.537776443812376 ], [ 100.62418706827853, 17.537897462258655 ], [ 100.624244280752038, 17.537725672934315 ], [ 100.624306365745923, 17.537544077467562 ], [ 100.624592210964394, 17.536854992493041 ] ] ] ] } },
{ "type": "Feature", "properties": { "OBJECTID_1": 332, "TARGET_FID": "0", "NAME_DNP": "ต้นสักใหญ่", "CODE_DNP": 1103, "APAR_CODE": "11031011920001PIA6", "APAR_NO": "10119", "NUM_APAR": "20001", "SPAR_CODE": "11030001500023PIA6", "SPAR_NO": "00015", "NUM_SPAR": "00023", "PAR_BAN": "เพีย", "BAN_E": "PIA", "PAR_MOO": "6", "PAR_TAM": "น้ำไผ่", "PAR_AMP": "น้ำปาด", "PAR_PROV": "อุตรดิตถ์", "NAME_TITLE": "นาย", "SURNAME": "พากันหา", "IDCARD": "3530400270439", "HOME_NO": "74", "HOME_BAN": "บ้านเพีย", "HOME_MOO": "6", "HOME_TAM": "น้ำไผ่", "HOME_AMP": "น้ำปาด", "HOME_PROV": "อุตรดิตถ์", "REMARK": null, "BAN_TYPE": 0, "YEAR": "2563", "NAME_DNP_T": "อุทยานแห่งชาติ", "E": 671991.0, "N": 1939276.0, "NAME": "นัตตพงศ์", "PERIMETER": 1053.41450717, "AREA_RAI": 24.2265364137, "RAI": 24.0, "NGAN": 0.0, "WA_SQ": 88.0, "OBJECTID": 333.0, "Area": 38762.458261899999, "MUBAN": "บ้านเพีย", "TAMBOL": null, "HOME_BAN_E": null, "TAM_CODE": null, "TAM_NAM_T": "น้ำไผ่", "AMPHOE_T": "น้ำปาด", "AMPHOE_E": null, "PROV_CODE": null, "PROV_NAM_T": "อุตรดิตถ์", "PROV_NAM_E": null, "NAME_EN": null, "TAM_NAM_E": null, "Plot_No1": 1011920001.0000001, "Shape_Le_1": 1053.2353521, "TARGET_F_1": 339.0, "Shape_Leng": 1053.41446698, "Shape_Area": 38762.456353399997, "Cal_Rai": 24.2265, "layer": "AP1103PIA06", "path": "/Users/ponteerasingto/project11/อุทยานแห่งชาติต้นสักใหญ่/ส่งกรม/Shapefile/1.SHAPEFILE/บ้านเพีย/AP1103PIA06.shp" }, "geometry": { "type": "MultiPolygon", "coordinates": [ [ [ [ 100.621440676573272, 17.532683697012846 ], [ 100.62064895561916, 17.531917434170314 ], [ 100.620397241311181, 17.532208647204502 ], [ 100.620342258837155, 17.53238078247194 ], [ 100.620023815634838, 17.532582179713117 ], [ 100.619748931300563, 17.532385632358427 ], [ 100.619442706567398, 17.532190387940485 ], [ 100.619156061608351, 17.532157695133382 ], [ 100.618994376593008, 17.532265292197742 ], [ 100.618940675735885, 17.532581994260195 ], [ 100.618969341081439, 17.532787755102046 ], [ 100.619733746007043, 17.533254416960819 ], [ 100.620457740261074, 17.535048004304873 ], [ 100.621093652775414, 17.534415378047779 ], [ 100.620994657247408, 17.534281892577635 ], [ 100.620830058209449, 17.534007985140136 ], [ 100.620795737788654, 17.533596946662563 ], [ 100.620772646942228, 17.533118222749277 ], [ 100.620979520270794, 17.53308038647139 ], [ 100.621440676573272, 17.532683697012846 ] ] ] ] } },
{ "type": "Feature", "properties": { "OBJECTID_1": 333, "TARGET_FID": "0", "NAME_DNP": "ต้นสักใหญ่", "CODE_DNP": 1103, "APAR_CODE": "11031011920002PIA6", "APAR_NO": "10119", "NUM_APAR": "20002", "SPAR_CODE": "11030001500024PIA6", "SPAR_NO": "00015", "NUM_SPAR": "00024", "PAR_BAN": "เพีย", "BAN_E": "PIA", "PAR_MOO": "6", "PAR_TAM": "น้ำไผ่", "PAR_AMP": "น้ำปาด", "PAR_PROV": "อุตรดิตถ์", "NAME_TITLE": "นาง", "SURNAME": "สุ่มคำ", "IDCARD": "3530400269791", "HOME_NO": "1", "HOME_BAN": "บ้านเพีย", "HOME_MOO": "6", "HOME_TAM": "น้ำไผ่", "HOME_AMP": "น้ำปาด", "HOME_PROV": "อุตรดิตถ์", "REMARK": null, "BAN_TYPE": 0, "YEAR": "2563", "NAME_DNP_T": "อุทยานแห่งชาติ", "E": 672126.0, "N": 1939136.0, "NAME": "มุกดา", "PERIMETER": 405.37651851700002, "AREA_RAI": 4.2922290712000004, "RAI": 4.0, "NGAN": 1.0, "WA_SQ": 16.0, "OBJECTID": 334.0, "Area": 6867.56651392, "MUBAN": "บ้านเพีย", "TAMBOL": null, "HOME_BAN_E": null, "TAM_CODE": null, "TAM_NAM_T": "น้ำไผ่", "AMPHOE_T": "น้ำปาด", "AMPHOE_E": null, "PROV_CODE": null, "PROV_NAM_T": "อุตรดิตถ์", "PROV_NAM_E": null, "NAME_EN": null, "TAM_NAM_E": null, "Plot_No1": 1011920002.0, "Shape_Le_1": 405.11278741699999, "TARGET_F_1": 340.0, "Shape_Leng": 405.37651005499998, "Shape_Area": 6867.5661999499998, "Cal_Rai": 4.2922, "layer": "AP1103PIA06", "path": "/Users/ponteerasingto/project11/อุทยานแห่งชาติต้นสักใหญ่/ส่งกรม/Shapefile/1.SHAPEFILE/บ้านเพีย/AP1103PIA06.shp" }, "geometry": { "type": "MultiPolygon", "coordinates": [ [ [ [ 100.621633575005205, 17.531430467924526 ], [ 100.621539396594741, 17.531431238439339 ], [ 100.621118243259914, 17.531732874500296 ], [ 100.62064895561916, 17.531917434170314 ], [ 100.620655706210584, 17.531920331965928 ], [ 100.620983351366704, 17.531940898806603 ], [ 100.621445846795339, 17.532106863140204 ], [ 100.621694045525729, 17.532430100889325 ], [ 100.621934685903156, 17.532458117982767 ], [ 100.622055190333796, 17.532240265723615 ], [ 100.621633575005205, 17.531430467924526 ] ] ] ] } },
{ "type": "Feature", "properties": { "OBJECTID_1": 334, "TARGET_FID": "0", "NAME_DNP": "ต้นสักใหญ่", "CODE_DNP": 1103, "APAR_CODE": "11031011810002PIA6", "APAR_NO": "10118", "NUM_APAR": "10002", "SPAR_CODE": "11030001500010PIA6", "SPAR_NO": "00015", "NUM_SPAR": "00010", "PAR_BAN": "เพีย", "BAN_E": "PIA", "PAR_MOO": "6", "PAR_TAM": "น้ำไผ่", "PAR_AMP": "น้ำปาด", "PAR_PROV": "อุตรดิตถ์", "NAME_TITLE": "นาย", "SURNAME": "จิรธนไพศล", "IDCARD": "1530400043401", "HOME_NO": "78", "HOME_BAN": "บ้านเพีย", "HOME_MOO": "6", "HOME_TAM": "น้ำไผ่", "HOME_AMP": "น้ำปาด", "HOME_PROV": "อุตรดิตถ์", "REMARK": null, "BAN_TYPE": 0, "YEAR": "2563", "NAME_DNP_T": "อุทยานแห่งชาติ", "E": 672565.0, "N": 1939788.0, "NAME": "ธีรภัทร", "PERIMETER": 658.11796093099997, "AREA_RAI": 8.7697716980700005, "RAI": 8.0, "NGAN": 3.0, "WA_SQ": 4.0, "OBJECTID": 335.0, "Area": 14031.6347169, "MUBAN": "บ้านเพีย", "TAMBOL": null, "HOME_BAN_E": null, "TAM_CODE": null, "TAM_NAM_T": "น้ำไผ่", "AMPHOE_T": "น้ำปาด", "AMPHOE_E": null, "PROV_CODE": null, "PROV_NAM_T": "อุตรดิตถ์", "PROV_NAM_E": null, "NAME_EN": null, "TAM_NAM_E": null, "Plot_No1": 1011810002.0, "Shape_Le_1": 655.24285400199994, "TARGET_F_1": 326.0, "Shape_Leng": 658.11797840199995, "Shape_Area": 14031.634510100001, "Cal_Rai": 8.7698, "layer": "AP1103PIA06", "path": "/Users/ponteerasingto/project11/อุทยานแห่งชาติต้นสักใหญ่/ส่งกรม/Shapefile/1.SHAPEFILE/บ้านเพีย/AP1103PIA06.shp" }, "geometry": { "type": "MultiPolygon", "coordinates": [ [ [ [ 100.626479400645437, 17.537733144218866 ], [ 100.625990843206083, 17.537376648400738 ], [ 100.624306365745923, 17.537544077467562 ], [ 100.624244280752038, 17.537725672934315 ], [ 100.625509366809879, 17.537922153044146 ], [ 100.626055460684526, 17.538054673425041 ], [ 100.626098717310697, 17.538397496468153 ], [ 100.626311310740277, 17.538458346218437 ], [ 100.626888345991532, 17.538007900652506 ], [ 100.626741456074498, 17.537931962202094 ], [ 100.626583923146214, 17.537884764365533 ], [ 100.626479400645437, 17.537733144218866 ] ] ] ] } },
{ "type": "Feature", "properties": { "OBJECTID_1": 335, "TARGET_FID": "0", "NAME_DNP": "ต้นสักใหญ่", "CODE_DNP": 1103, "APAR_CODE": "11031011820007PIA6", "APAR_NO": "10118", "NUM_APAR": "20007", "SPAR_CODE": "11030001500021PIA6", "SPAR_NO": "00015", "NUM_SPAR": "00021", "PAR_BAN": "เพีย", "BAN_E": "PIA", "PAR_MOO": "6", "PAR_TAM": "น้ำไผ่", "PAR_AMP": "น้ำปาด", "PAR_PROV": "อุตรดิตถ์", "NAME_TITLE": "นาย", "SURNAME": "คำไวย์", "IDCARD": "3530400255928", "HOME_NO": "63/1", "HOME_BAN": "บ้านเพีย", "HOME_MOO": "6", "HOME_TAM": "น้ำไผ่", "HOME_AMP": "น้ำปาด", "HOME_PROV": "อุตรดิตถ์", "REMARK": null, "BAN_TYPE": 0, "YEAR": "2563", "NAME_DNP_T": "อุทยานแห่งชาติ", "E": 672267.0, "N": 1939100.0, "NAME": "ยก", "PERIMETER": 1492.52365702, "AREA_RAI": 18.060710892399999, "RAI": 18.0, "NGAN": 0.0, "WA_SQ": 24.0, "OBJECTID": 336.0, "Area": 28897.1374278, "MUBAN": "บ้านเพีย", "TAMBOL": null, "HOME_BAN_E": null, "TAM_CODE": null, "TAM_NAM_T": "น้ำไผ่", "AMPHOE_T": "น้ำปาด", "AMPHOE_E": null, "PROV_CODE": null, "PROV_NAM_T": "อุตรดิตถ์", "PROV_NAM_E": null, "NAME_EN": null, "TAM_NAM_E": null, "Plot_No1": 1011820006.9999999, "Shape_Le_1": 1492.52365702, "TARGET_F_1": 337.0, "Shape_Leng": 1492.52365702, "Shape_Area": 28897.1374278, "Cal_Rai": 18.0607, "layer": "AP1103PIA06", "path": "/Users/ponteerasingto/project11/อุทยานแห่งชาติต้นสักใหญ่/ส่งกรม/Shapefile/1.SHAPEFILE/บ้านเพีย/AP1103PIA06.shp" }, "geometry": { "type": "MultiPolygon", "coordinates": [ [ [ [ 100.622723648182003, 17.531835439612713 ], [ 100.622678274311568, 17.531548794344378 ], [ 100.62284375087026, 17.531231854293495 ], [ 100.623028378067744, 17.531347769146439 ], [ 100.623091921850801, 17.531611460242495 ], [ 100.623294525295364, 17.532028135437706 ], [ 100.62329850875858, 17.532475793656403 ], [ 100.623011295589293, 17.532867122998212 ], [ 100.622903683174926, 17.532809290477925 ], [ 100.622823925737194, 17.532442983726519 ], [ 100.622883227036212, 17.532229661354251 ], [ 100.622723648182003, 17.531835439612713 ], [ 100.622594776583171, 17.532686321214467 ], [ 100.622779629916863, 17.533210232442336 ], [ 100.623094926609241, 17.533661070192142 ], [ 100.623386507006174, 17.533934238101846 ], [ 100.623643535437566, 17.533601997528297 ], [ 100.623343560195792, 17.532617042636133 ], [ 100.623495202684779, 17.532155571237912 ], [ 100.623179306126147, 17.531553356464563 ], [ 100.623115564250156, 17.530740631002608 ], [ 100.623129890901495, 17.529957342764146 ], [ 100.622691043486938, 17.52980329499886 ], [ 100.622407362226923, 17.52984865147333 ], [ 100.622280510770977, 17.530155713055485 ], [ 100.621889490562538, 17.53041351557312 ], [ 100.621918298601969, 17.53061489033032 ], [ 100.622391438182376, 17.530864028575557 ], [ 100.622482466198505, 17.53156809811496 ], [ 100.622723648182003, 17.531835439612713 ] ] ] ] } },
{ "type": "Feature", "properties": { "OBJECTID_1": 336, "TARGET_FID": "0", "NAME_DNP": "ต้นสักใหญ่", "CODE_DNP": 1103, "APAR_CODE": "11031011810004PIA6", "APAR_NO": "10118", "NUM_APAR": "10004", "SPAR_CODE": "11030001500012PIA6", "SPAR_NO": "00015", "NUM_SPAR": "00012", "PAR_BAN": "เพีย", "BAN_E": "PIA", "PAR_MOO": "6", "PAR_TAM": "น้ำไผ่", "PAR_AMP": "น้ำปาด", "PAR_PROV": "อุตรดิตถ์", "NAME_TITLE": "นาย", "SURNAME": "พากันหา", "IDCARD": "3530400270803", "HOME_NO": "63/2", "HOME_BAN": "บ้านเพีย", "HOME_MOO": "6", "HOME_TAM": "น้ำไผ่", "HOME_AMP": "น้ำปาด", "HOME_PROV": "อุตรดิตถ์", "REMARK": null, "BAN_TYPE": 0, "YEAR": "2563", "NAME_DNP_T": "อุทยานแห่งชาติ", "E": 672443.0, "N": 1939560.0, "NAME": "วิโรจน์", "PERIMETER": 1041.9032771499999, "AREA_RAI": 25.033458168199999, "RAI": 25.0, "NGAN": 0.0, "WA_SQ": 12.0, "OBJECTID": 337.0, "Area": 40053.533069099998, "MUBAN": "บ้านเพีย", "TAMBOL": null, "HOME_BAN_E": null, "TAM_CODE": null, "TAM_NAM_T": "น้ำไผ่", "AMPHOE_T": "น้ำปาด", "AMPHOE_E": null, "PROV_CODE": null, "PROV_NAM_T": "อุตรดิตถ์", "PROV_NAM_E": null, "NAME_EN": null, "TAM_NAM_E": null, "Plot_No1": 1011810003.9999999, "Shape_Le_1": 1041.9032771499999, "TARGET_F_1": 328.0, "Shape_Leng": 1041.9032771499999, "Shape_Area": 40053.533069099998, "Cal_Rai": 25.0335, "layer": "AP1103PIA06", "path": "/Users/ponteerasingto/project11/อุทยานแห่งชาติต้นสักใหญ่/ส่งกรม/Shapefile/1.SHAPEFILE/บ้านเพีย/AP1103PIA06.shp" }, "geometry": { "type": "MultiPolygon", "coordinates": [ [ [ [ 100.623778844636391, 17.534225946993757 ], [ 100.623386507006174, 17.533934238101846 ], [ 100.623165110742718, 17.534192008470718 ], [ 100.623322295442591, 17.534883018396481 ], [ 100.623429770247284, 17.535355494755226 ], [ 100.624338970947491, 17.535917316895922 ], [ 100.624592210964394, 17.536854992493041 ], [ 100.625990843206083, 17.537376648400738 ], [ 100.625912925450322, 17.536878672150799 ], [ 100.625278850557564, 17.535620519301094 ], [ 100.624024480525364, 17.534678178676302 ], [ 100.624008715455631, 17.534468821791833 ], [ 100.623778844636391, 17.534225946993757 ] ] ] ] } },
{ "type": "Feature", "properties": { "OBJECTID_1": 337, "TARGET_FID": "0", "NAME_DNP": "ต้นสักใหญ่", "CODE_DNP": 1103, "APAR_CODE": "11031011820003PIA6", "APAR_NO": "10118", "NUM_APAR": "20003", "SPAR_CODE": "11030001500011PIA6", "SPAR_NO": "00015", "NUM_SPAR": "00011", "PAR_BAN": "เพีย", "BAN_E": "PIA", "PAR_MOO": "6", "PAR_TAM": "น้ำไผ่", "PAR_AMP": "น้ำปาด", "PAR_PROV": "อุตรดิตถ์", "NAME_TITLE": "นาง", "SURNAME": "จิรธนไพศล", "IDCARD": "3530400266385", "HOME_NO": "57/1", "HOME_BAN": "บ้านเพีย", "HOME_MOO": "6", "HOME_TAM": "น้ำไผ่", "HOME_AMP": "น้ำปาด", "HOME_PROV": "อุตรดิตถ์", "REMARK": null, "BAN_TYPE": 0, "YEAR": "2563", "NAME_DNP_T": "อุทยานแห่งชาติ", "E": 672485.0, "N": 1939728.0, "NAME": "ลัดดา", "PERIMETER": 421.21138880400002, "AREA_RAI": 4.0865625, "RAI": 4.0, "NGAN": 0.0, "WA_SQ": 36.0, "OBJECTID": 338.0, "Area": 6538.5, "MUBAN": "บ้านเพีย", "TAMBOL": null, "HOME_BAN_E": null, "TAM_CODE": null, "TAM_NAM_T": "น้ำไผ่", "AMPHOE_T": "น้ำปาด", "AMPHOE_E": null, "PROV_CODE": null, "PROV_NAM_T": "อุตรดิตถ์", "PROV_NAM_E": null, "NAME_EN": null, "TAM_NAM_E": null, "Plot_No1": 1011820003.0, "Shape_Le_1": 421.21138880400002, "TARGET_F_1": 327.0, "Shape_Leng": 421.21138880400002, "Shape_Area": 6538.5, "Cal_Rai": 4.0866, "layer": "AP1103PIA06", "path": "/Users/ponteerasingto/project11/อุทยานแห่งชาติต้นสักใหญ่/ส่งกรม/Shapefile/1.SHAPEFILE/บ้านเพีย/AP1103PIA06.shp" }, "geometry": { "type": "MultiPolygon", "coordinates": [ [ [ [ 100.625990843206083, 17.537376648400738 ], [ 100.624592210964394, 17.536854992493041 ], [ 100.624306365745923, 17.537544077467562 ], [ 100.625990843206083, 17.537376648400738 ] ] ] ] } },
{ "type": "Feature", "properties": { "OBJECTID_1": 338, "TARGET_FID": "0", "NAME_DNP": "ต้นสักใหญ่", "CODE_DNP": 1103, "APAR_CODE": "11031012120007PIA6", "APAR_NO": "10121", "NUM_APAR": "20007", "SPAR_CODE": "11030001500034PIA6", "SPAR_NO": "00015", "NUM_SPAR": "00034", "PAR_BAN": "เพีย", "BAN_E": "PIA", "PAR_MOO": "6", "PAR_TAM": "น้ำไผ่", "PAR_AMP": "น้ำปาด", "PAR_PROV": "อุตรดิตถ์", "NAME_TITLE": "นาย", "SURNAME": "บรรจง", "IDCARD": "3530400270561", "HOME_NO": "9", "HOME_BAN": "บ้านเพีย", "HOME_MOO": "6", "HOME_TAM": "น้ำไผ่", "HOME_AMP": "น้ำปาด", "HOME_PROV": "อุตรดิตถ์", "REMARK": null, "BAN_TYPE": 0, "YEAR": "2563", "NAME_DNP_T": "อุทยานแห่งชาติ", "E": 671501.0, "N": 1939541.0, "NAME": "หยุด", "PERIMETER": 786.02296361399999, "AREA_RAI": 13.4173097974, "RAI": 13.0, "NGAN": 1.0, "WA_SQ": 64.0, "OBJECTID": 339.0, "Area": 21467.695675899999, "MUBAN": "บ้านเพีย", "TAMBOL": null, "HOME_BAN_E": null, "TAM_CODE": null, "TAM_NAM_T": "น้ำไผ่", "AMPHOE_T": "น้ำปาด", "AMPHOE_E": null, "PROV_CODE": null, "PROV_NAM_T": "อุตรดิตถ์", "PROV_NAM_E": null, "NAME_EN": null, "TAM_NAM_E": null, "Plot_No1": 1012120006.9999999, "Shape_Le_1": 786.14991006599996, "TARGET_F_1": 350.0, "Shape_Leng": 786.02295739800002, "Shape_Area": 21467.6963951, "Cal_Rai": 13.4173, "layer": "AP1103PIA06", "path": "/Users/ponteerasingto/project11/อุทยานแห่งชาติต้นสักใหญ่/ส่งกรม/Shapefile/1.SHAPEFILE/บ้านเพีย/AP1103PIA06.shp" }, "geometry": { "type": "MultiPolygon", "coordinates": [ [ [ [ 100.616577176629178, 17.535825973102934 ], [ 100.616319030053404, 17.535425536699847 ], [ 100.616034449077858, 17.535370478400885 ], [ 100.61576868358199, 17.535329611084997 ], [ 100.61549962481368, 17.535338977574856 ], [ 100.615309346730911, 17.535379976719792 ], [ 100.615047986148397, 17.535414383066648 ], [ 100.614861603692731, 17.535473281300582 ], [ 100.614749326120389, 17.535696553212841 ], [ 100.61587796462851, 17.535970032323235 ], [ 100.616227090700505, 17.536057409678477 ], [ 100.61625888619993, 17.536323387399403 ], [ 100.616539189620241, 17.536458976465806 ], [ 100.616842121977442, 17.536758798651544 ], [ 100.617814808942057, 17.536104946544476 ], [ 100.617719455072233, 17.535890552013448 ], [ 100.617512709030862, 17.535760745497655 ], [ 100.616970469409139, 17.535774947918235 ], [ 100.616577176629178, 17.535825973102934 ] ] ] ] } },
{ "type": "Feature", "properties": { "OBJECTID_1": 339, "TARGET_FID": "0", "NAME_DNP": "ต้นสักใหญ่", "CODE_DNP": 1103, "APAR_CODE": "11031012020001PIA6", "APAR_NO": "10120", "NUM_APAR": "20001", "SPAR_CODE": "11030001500025PIA6", "SPAR_NO": "00015", "NUM_SPAR": "00025", "PAR_BAN": "เพีย", "BAN_E": "PIA", "PAR_MOO": "6", "PAR_TAM": "น้ำไผ่", "PAR_AMP": "น้ำปาด", "PAR_PROV": "อุตรดิตถ์", "NAME_TITLE": "นางสาว", "SURNAME": "พากันหา", "IDCARD": "3530400270846", "HOME_NO": "12", "HOME_BAN": "บ้านเพีย", "HOME_MOO": "6", "HOME_TAM": "น้ำไผ่", "HOME_AMP": "น้ำปาด", "HOME_PROV": "อุตรดิตถ์", "REMARK": null, "BAN_TYPE": 0, "YEAR": "2563", "NAME_DNP_T": "อุทยานแห่งชาติ", "E": 671927.0, "N": 1939708.0, "NAME": "อภิญญา", "PERIMETER": 811.36431049299995, "AREA_RAI": 11.5881009757, "RAI": 11.0, "NGAN": 2.0, "WA_SQ": 32.0, "OBJECTID": 340.0, "Area": 18540.961561200002, "MUBAN": "บ้านเพีย", "TAMBOL": null, "HOME_BAN_E": null, "TAM_CODE": null, "TAM_NAM_T": "น้ำไผ่", "AMPHOE_T": "น้ำปาด", "AMPHOE_E": null, "PROV_CODE": null, "PROV_NAM_T": "อุตรดิตถ์", "PROV_NAM_E": null, "NAME_EN": null, "TAM_NAM_E": null, "Plot_No1": 1012020001.0000001, "Shape_Le_1": 812.99692555299998, "TARGET_F_1": 341.0, "Shape_Leng": 811.36433167600001, "Shape_Area": 18540.9631414, "Cal_Rai": 11.5881, "layer": "AP1103PIA06", "path": "/Users/ponteerasingto/project11/อุทยานแห่งชาติต้นสักใหญ่/ส่งกรม/Shapefile/1.SHAPEFILE/บ้านเพีย/AP1103PIA06.shp" }, "geometry": { "type": "MultiPolygon", "coordinates": [ [ [ [ 100.62062504709327, 17.537085304093466 ], [ 100.620347000102967, 17.53718499969224 ], [ 100.62017347244597, 17.537125960882541 ], [ 100.619477000038842, 17.53688900015058 ], [ 100.619413999738455, 17.536492000189053 ], [ 100.618539201081234, 17.536163567769538 ], [ 100.61839399969989, 17.53650199979564 ], [ 100.619167999674985, 17.537221999672543 ], [ 100.619325802320418, 17.537575489662427 ], [ 100.619993023968803, 17.537419693206438 ], [ 100.621001751714743, 17.538112600296952 ], [ 100.621155662807681, 17.537959407432744 ], [ 100.62062504709327, 17.537085304093466 ] ] ] ] } },
{ "type": "Feature", "properties": { "OBJECTID_1": 340, "TARGET_FID": "0", "NAME_DNP": "ต้นสักใหญ่", "CODE_DNP": 1103, "APAR_CODE": "11031012120020PIA6", "APAR_NO": "10121", "NUM_APAR": "20020", "SPAR_CODE": "11030001500048PIA6", "SPAR_NO": "00015", "NUM_SPAR": "00048", "PAR_BAN": "เพีย", "BAN_E": "PIA", "PAR_MOO": "6", "PAR_TAM": "น้ำไผ่", "PAR_AMP": "น้ำปาด", "PAR_PROV": "อุตรดิตถ์", "NAME_TITLE": "นาย", "SURNAME": "พากันหา", "IDCARD": "5530401028255", "HOME_NO": "49/2", "HOME_BAN": "บ้านเพีย", "HOME_MOO": "6", "HOME_TAM": "น้ำไผ่", "HOME_AMP": "น้ำปาด", "HOME_PROV": "อุตรดิตถ์", "REMARK": null, "BAN_TYPE": 0, "YEAR": "2563", "NAME_DNP_T": "อุทยานแห่งชาติ", "E": 670961.0, "N": 1939273.0, "NAME": "คำ", "PERIMETER": 667.103888471, "AREA_RAI": 11.8654836546, "RAI": 11.0, "NGAN": 3.0, "WA_SQ": 44.0, "OBJECTID": 341.0, "Area": 18984.773847299999, "MUBAN": "บ้านเพีย", "TAMBOL": null, "HOME_BAN_E": null, "TAM_CODE": null, "TAM_NAM_T": "น้ำไผ่", "AMPHOE_T": "น้ำปาด", "AMPHOE_E": null, "PROV_CODE": null, "PROV_NAM_T": "อุตรดิตถ์", "PROV_NAM_E": null, "NAME_EN": null, "TAM_NAM_E": null, "Plot_No1": 1012120019.9999999, "Shape_Le_1": 667.721046172, "TARGET_F_1": 364.0, "Shape_Leng": 667.103922023, "Shape_Area": 18984.773206099999, "Cal_Rai": 11.8655, "layer": "AP1103PIA06", "path": "/Users/ponteerasingto/project11/อุทยานแห่งชาติต้นสักใหญ่/ส่งกรม/Shapefile/1.SHAPEFILE/บ้านเพีย/AP1103PIA06.shp" }, "geometry": { "type": "MultiPolygon", "coordinates": [ [ [ [ 100.610129643144248, 17.532601010718007 ], [ 100.610397876101061, 17.532661589110578 ], [ 100.610271777165408, 17.53328231228112 ], [ 100.609751212190361, 17.533498971605699 ], [ 100.610079833781668, 17.534016408103192 ], [ 100.610307999964192, 17.534179000032776 ], [ 100.610566691792997, 17.534110236522075 ], [ 100.610714874014775, 17.533958410828191 ], [ 100.610769642125106, 17.533810930750455 ], [ 100.611063752700403, 17.533793199432566 ], [ 100.611342850388795, 17.533494263578245 ], [ 100.611004999772931, 17.532857999793304 ], [ 100.610640999535192, 17.532150000269802 ], [ 100.610464246022175, 17.532278645383496 ], [ 100.610242565351328, 17.532168370540482 ], [ 100.610129643144248, 17.532601010718007 ] ] ] ] } },
{ "type": "Feature", "properties": { "OBJECTID_1": 341, "TARGET_FID": "0", "NAME_DNP": "ต้นสักใหญ่", "CODE_DNP": 1103, "APAR_CODE": "11031012120014PIA6", "APAR_NO": "10121", "NUM_APAR": "20014", "SPAR_CODE": "11030001500040PIA6", "SPAR_NO": "00015", "NUM_SPAR": "00040", "PAR_BAN": "เพีย", "BAN_E": "PIA", "PAR_MOO": "6", "PAR_TAM": "น้ำไผ่", "PAR_AMP": "น้ำปาด", "PAR_PROV": "อุตรดิตถ์", "NAME_TITLE": "นางสาว", "SURNAME": "บรรจง", "IDCARD": "3530400270528", "HOME_NO": "11/1", "HOME_BAN": "บ้านเพีย", "HOME_MOO": "6", "HOME_TAM": "น้ำไผ่", "HOME_AMP": "น้ำปาด", "HOME_PROV": "อุตรดิตถ์", "REMARK": null, "BAN_TYPE": 0, "YEAR": "2563", "NAME_DNP_T": "อุทยานแห่งชาติ", "E": 671578.0, "N": 1939179.0, "NAME": "ลำเพลิน", "PERIMETER": 400.91595688299998, "AREA_RAI": 4.3227005305299997, "RAI": 4.0, "NGAN": 1.0, "WA_SQ": 28.0, "OBJECTID": 342.0, "Area": 6916.3208488500004, "MUBAN": "บ้านเพีย", "TAMBOL": null, "HOME_BAN_E": null, "TAM_CODE": null, "TAM_NAM_T": "น้ำไผ่", "AMPHOE_T": "น้ำปาด", "AMPHOE_E": null, "PROV_CODE": null, "PROV_NAM_T": "อุตรดิตถ์", "PROV_NAM_E": null, "NAME_EN": null, "TAM_NAM_E": null, "Plot_No1": 1012120014.0, "Shape_Le_1": 401.23088465500001, "TARGET_F_1": 356.0, "Shape_Leng": 400.91594617800001, "Shape_Area": 6916.32179361, "Cal_Rai": 4.3227, "layer": "AP1103PIA06", "path": "/Users/ponteerasingto/project11/อุทยานแห่งชาติต้นสักใหญ่/ส่งกรม/Shapefile/1.SHAPEFILE/บ้านเพีย/AP1103PIA06.shp" }, "geometry": { "type": "MultiPolygon", "coordinates": [ [ [ [ 100.616880260942381, 17.532565514296579 ], [ 100.616245000168561, 17.531778999989708 ], [ 100.616017000298612, 17.531825999893304 ], [ 100.615939000067442, 17.532081999896807 ], [ 100.615963323061862, 17.532457912425098 ], [ 100.616433566716182, 17.532654906118111 ], [ 100.616758751627344, 17.533179975746386 ], [ 100.616792081780432, 17.532629558678746 ], [ 100.616880260942381, 17.532565514296579 ] ] ] ] } },
{ "type": "Feature", "properties": { "OBJECTID_1": 342, "TARGET_FID": "0", "NAME_DNP": "ต้นสักใหญ่", "CODE_DNP": 1103, "APAR_CODE": "11031012120017PIA6", "APAR_NO": "10121", "NUM_APAR": "20017", "SPAR_CODE": "11030001500046PIA6", "SPAR_NO": "00015", "NUM_SPAR": "00046", "PAR_BAN": "เพีย", "BAN_E": "PIA", "PAR_MOO": "6", "PAR_TAM": "น้ำไผ่", "PAR_AMP": "น้ำปาด", "PAR_PROV": "อุตรดิตถ์", "NAME_TITLE": "นาย", "SURNAME": "บรรจง", "IDCARD": "3530400270579", "HOME_NO": "56/1", "HOME_BAN": "บ้านเพีย", "HOME_MOO": "6", "HOME_TAM": "น้ำไผ่", "HOME_AMP": "น้ำปาด", "HOME_PROV": "อุตรดิตถ์", "REMARK": null, "BAN_TYPE": 0, "YEAR": "2563", "NAME_DNP_T": "อุทยานแห่งชาติ", "E": 671150.0, "N": 1939222.0, "NAME": "ถัน", "PERIMETER": 1216.89409267, "AREA_RAI": 24.977664080699999, "RAI": 24.0, "NGAN": 3.0, "WA_SQ": 88.0, "OBJECTID": 343.0, "Area": 39964.2625291, "MUBAN": "บ้านเพีย", "TAMBOL": null, "HOME_BAN_E": null, "TAM_CODE": null, "TAM_NAM_T": "น้ำไผ่", "AMPHOE_T": "น้ำปาด", "AMPHOE_E": null, "PROV_CODE": null, "PROV_NAM_T": "อุตรดิตถ์", "PROV_NAM_E": null, "NAME_EN": null, "TAM_NAM_E": null, "Plot_No1": 1012120017.0000001, "Shape_Le_1": 1217.82442842, "TARGET_F_1": 362.0, "Shape_Leng": 1216.89408424, "Shape_Area": 39964.2624555, "Cal_Rai": 24.9777, "layer": "AP1103PIA06", "path": "/Users/ponteerasingto/project11/อุทยานแห่งชาติต้นสักใหญ่/ส่งกรม/Shapefile/1.SHAPEFILE/บ้านเพีย/AP1103PIA06.shp" }, "geometry": { "type": "MultiPolygon", "coordinates": [ [ [ [ 100.613645486593612, 17.534078991901861 ], [ 100.613776660165371, 17.533285894741823 ], [ 100.613604228115079, 17.533023102581669 ], [ 100.613230899355116, 17.53314917034205 ], [ 100.612594268182434, 17.53289844222336 ], [ 100.612328733561085, 17.5323771663017 ], [ 100.612396624826019, 17.531410639929828 ], [ 100.612118200909066, 17.531324310054256 ], [ 100.611723221868274, 17.530852594384271 ], [ 100.6115516602555, 17.53154072132175 ], [ 100.611176000292403, 17.532511999910938 ], [ 100.611553592336676, 17.53338756020101 ], [ 100.611861474125121, 17.53336131217722 ], [ 100.61210676909262, 17.532706513235201 ], [ 100.612393177049171, 17.533183541434564 ], [ 100.612146061025072, 17.533597914245767 ], [ 100.613337182511003, 17.534287058289024 ], [ 100.613645486593612, 17.534078991901861 ] ] ] ] } },
{ "type": "Feature", "properties": { "OBJECTID_1": 343, "TARGET_FID": "0", "NAME_DNP": "ต้นสักใหญ่", "CODE_DNP": 1103, "APAR_CODE": "11031012120019PIA6", "APAR_NO": "10121", "NUM_APAR": "20019", "SPAR_CODE": "11030001500043PIA6", "SPAR_NO": "00015", "NUM_SPAR": "00043", "PAR_BAN": "เพีย", "BAN_E": "PIA", "PAR_MOO": "6", "PAR_TAM": "น้ำไผ่", "PAR_AMP": "น้ำปาด", "PAR_PROV": "อุตรดิตถ์", "NAME_TITLE": "นาย", "SURNAME": "จิรธนไพศล", "IDCARD": "3530400270293", "HOME_NO": "77", "HOME_BAN": "บ้านเพีย", "HOME_MOO": "6", "HOME_TAM": "น้ำไผ่", "HOME_AMP": "น้ำปาด", "HOME_PROV": "อุตรดิตถ์", "REMARK": null, "BAN_TYPE": 0, "YEAR": "2563", "NAME_DNP_T": "อุทยานแห่งชาติ", "E": 671358.0, "N": 1939222.0, "NAME": "ไพรพรมแดน", "PERIMETER": 499.77168780800002, "AREA_RAI": 7.0013372804999996, "RAI": 7.0, "NGAN": 0.0, "WA_SQ": 0.0, "OBJECTID": 344.0, "Area": 11202.139648799999, "MUBAN": "บ้านเพีย", "TAMBOL": null, "HOME_BAN_E": null, "TAM_CODE": null, "TAM_NAM_T": "น้ำไผ่", "AMPHOE_T": "น้ำปาด", "AMPHOE_E": null, "PROV_CODE": null, "PROV_NAM_T": "อุตรดิตถ์", "PROV_NAM_E": null, "NAME_EN": null, "TAM_NAM_E": null, "Plot_No1": 1012120019.0, "Shape_Le_1": 499.77168780800002, "TARGET_F_1": 359.0, "Shape_Leng": 499.77168780800002, "Shape_Area": 11202.139648799999, "Cal_Rai": 7.0013, "layer": "AP1103PIA06", "path": "/Users/ponteerasingto/project11/อุทยานแห่งชาติต้นสักใหญ่/ส่งกรม/Shapefile/1.SHAPEFILE/บ้านเพีย/AP1103PIA06.shp" }, "geometry": { "type": "MultiPolygon", "coordinates": [ [ [ [ 100.615007543790824, 17.533365138576361 ], [ 100.614786487495081, 17.533080675820401 ], [ 100.61467288693872, 17.532493462497172 ], [ 100.614642247283342, 17.532181462901786 ], [ 100.614236237637812, 17.532067300627425 ], [ 100.613970063435303, 17.532405172675286 ], [ 100.613996488239891, 17.532647564531501 ], [ 100.613604228115079, 17.533023102581669 ], [ 100.613776660165371, 17.533285894741823 ], [ 100.614190999976444, 17.533079000041102 ], [ 100.614651600872904, 17.533396335424364 ], [ 100.615007543790824, 17.533365138576361 ] ] ] ] } },
{ "type": "Feature", "properties": { "OBJECTID_1": 344, "TARGET_FID": "0", "NAME_DNP": "ต้นสักใหญ่", "CODE_DNP": 1103, "APAR_CODE": "11031012120011PIA6", "APAR_NO": "10121", "NUM_APAR": "20011", "SPAR_CODE": "11030001500037PIA6", "SPAR_NO": "00015", "NUM_SPAR": "00037", "PAR_BAN": "เพีย", "BAN_E": "PIA", "PAR_MOO": "6", "PAR_TAM": "น้ำไผ่", "PAR_AMP": "น้ำปาด", "PAR_PROV": "อุตรดิตถ์", "NAME_TITLE": "นาย", "SURNAME": "บรรจง", "IDCARD": "3530400270498", "HOME_NO": "9/3", "HOME_BAN": "บ้านเพีย", "HOME_MOO": "6", "HOME_TAM": "น้ำไผ่", "HOME_AMP": "น้ำปาด", "HOME_PROV": "อุตรดิตถ์", "REMARK": null, "BAN_TYPE": 0, "YEAR": "2563", "NAME_DNP_T": "อุทยานแห่งชาติ", "E": 671490.0, "N": 1939411.0, "NAME": "ทองจันทร์", "PERIMETER": 815.618896511, "AREA_RAI": 18.380476489799999, "RAI": 18.0, "NGAN": 1.0, "WA_SQ": 52.0, "OBJECTID": 345.0, "Area": 29408.762383599998, "MUBAN": "บ้านเพีย", "TAMBOL": null, "HOME_BAN_E": null, "TAM_CODE": null, "TAM_NAM_T": "น้ำไผ่", "AMPHOE_T": "น้ำปาด", "AMPHOE_E": null, "PROV_CODE": null, "PROV_NAM_T": "อุตรดิตถ์", "PROV_NAM_E": null, "NAME_EN": null, "TAM_NAM_E": null, "Plot_No1": 1012120011.0, "Shape_Le_1": 815.19961508200004, "TARGET_F_1": 353.0, "Shape_Leng": 815.61892174499997, "Shape_Area": 29408.7635257, "Cal_Rai": 18.3805, "layer": "AP1103PIA06", "path": "/Users/ponteerasingto/project11/อุทยานแห่งชาติต้นสักใหญ่/ส่งกรม/Shapefile/1.SHAPEFILE/บ้านเพีย/AP1103PIA06.shp" }, "geometry": { "type": "MultiPolygon", "coordinates": [ [ [ [ 100.616639485570218, 17.534250381577802 ], [ 100.616190399840832, 17.534001993202644 ], [ 100.616023395033551, 17.534072761431318 ], [ 100.615854210371609, 17.533962967928037 ], [ 100.615662069812316, 17.534215569282125 ], [ 100.615331620451414, 17.534046125169688 ], [ 100.615632681274036, 17.533693520018591 ], [ 100.615328000196172, 17.533524999781015 ], [ 100.615254805072084, 17.533565003737046 ], [ 100.614367999694707, 17.534050000431122 ], [ 100.614490230387361, 17.534599041867903 ], [ 100.61467699953738, 17.534997999722599 ], [ 100.615155970792287, 17.534968675199835 ], [ 100.615634280980615, 17.535043810511326 ], [ 100.616091961506257, 17.535087894036497 ], [ 100.616193344212775, 17.535120037252803 ], [ 100.616588630073011, 17.535245363343321 ], [ 100.616811100446299, 17.535055879348377 ], [ 100.616753860105391, 17.534869091186884 ], [ 100.616639485570218, 17.534250381577802 ] ] ] ] } },
{ "type": "Feature", "properties": { "OBJECTID_1": 345, "TARGET_FID": "0", "NAME_DNP": "ต้นสักใหญ่", "CODE_DNP": 1103, "APAR_CODE": "11031012120012PIA6", "APAR_NO": "10121", "NUM_APAR": "20012", "SPAR_CODE": "11030001500038PIA6", "SPAR_NO": "00015", "NUM_SPAR": "00038", "PAR_BAN": "เพีย", "BAN_E": "PIA", "PAR_MOO": "6", "PAR_TAM": "น้ำไผ่", "PAR_AMP": "น้ำปาด", "PAR_PROV": "อุตรดิตถ์", "NAME_TITLE": "นาย", "SURNAME": "บรรจง", "IDCARD": "3530400270510", "HOME_NO": "9/4", "HOME_BAN": "บ้านเพีย", "HOME_MOO": "6", "HOME_TAM": "น้ำไผ่", "HOME_AMP": "น้ำปาด", "HOME_PROV": "อุตรดิตถ์", "REMARK": null, "BAN_TYPE": 0, "YEAR": "2563", "NAME_DNP_T": "อุทยานแห่งชาติ", "E": 671601.0, "N": 1939382.0, "NAME": "ชุม", "PERIMETER": 789.60144600499996, "AREA_RAI": 12.703581368, "RAI": 12.0, "NGAN": 2.0, "WA_SQ": 80.0, "OBJECTID": 346.0, "Area": 20325.7301888, "MUBAN": "บ้านเพีย", "TAMBOL": null, "HOME_BAN_E": null, "TAM_CODE": null, "TAM_NAM_T": "น้ำไผ่", "AMPHOE_T": "น้ำปาด", "AMPHOE_E": null, "PROV_CODE": null, "PROV_NAM_T": "อุตรดิตถ์", "PROV_NAM_E": null, "NAME_EN": null, "TAM_NAM_E": null, "Plot_No1": 1012120012.0000001, "Shape_Le_1": 789.47342481099997, "TARGET_F_1": 354.0, "Shape_Leng": 789.60143816699997, "Shape_Area": 20325.729629699999, "Cal_Rai": 12.7036, "layer": "AP1103PIA06", "path": "/Users/ponteerasingto/project11/อุทยานแห่งชาติต้นสักใหญ่/ส่งกรม/Shapefile/1.SHAPEFILE/บ้านเพีย/AP1103PIA06.shp" }, "geometry": { "type": "MultiPolygon", "coordinates": [ [ [ [ 100.6167076193952, 17.533549013525978 ], [ 100.61574306428659, 17.533114110395388 ], [ 100.615328000196172, 17.533524999781015 ], [ 100.615632681274036, 17.533693520018591 ], [ 100.616199128527072, 17.534006821394588 ], [ 100.616639485570218, 17.534250381577802 ], [ 100.616753860105391, 17.534869091186884 ], [ 100.616811100446299, 17.535055879348377 ], [ 100.616588630073011, 17.535245363343321 ], [ 100.61679752409384, 17.53534369872412 ], [ 100.617291318955481, 17.535384506444139 ], [ 100.617411042774478, 17.535440720585509 ], [ 100.617462759335467, 17.535222896222301 ], [ 100.617368900729218, 17.534450590414249 ], [ 100.617050975455584, 17.53418764995422 ], [ 100.616975022829294, 17.533816164766733 ], [ 100.6167076193952, 17.533549013525978 ] ] ] ] } },
{ "type": "Feature", "properties": { "OBJECTID_1": 346, "TARGET_FID": "0", "NAME_DNP": "ต้นสักใหญ่", "CODE_DNP": 1103, "APAR_CODE": "11031012120023PIA6", "APAR_NO": "10121", "NUM_APAR": "20023", "SPAR_CODE": "11030001500051PIA6", "SPAR_NO": "00015", "NUM_SPAR": "00051", "PAR_BAN": "เพีย", "BAN_E": "PIA", "PAR_MOO": "6", "PAR_TAM": "น้ำไผ่", "PAR_AMP": "น้ำปาด", "PAR_PROV": "อุตรดิตถ์", "NAME_TITLE": "นาย", "SURNAME": "บรรจง", "IDCARD": "3530400270609", "HOME_NO": "56/1", "HOME_BAN": "บ้านเพีย", "HOME_MOO": "6", "HOME_TAM": "น้ำไผ่", "HOME_AMP": "น้ำปาด", "HOME_PROV": "อุตรดิตถ์", "REMARK": null, "BAN_TYPE": 0, "YEAR": "2563", "NAME_DNP_T": "อุทยานแห่งชาติ", "E": 670884.0, "N": 1938938.0, "NAME": "ธนภัทร", "PERIMETER": 741.81222479099995, "AREA_RAI": 9.6214256276200008, "RAI": 9.0, "NGAN": 2.0, "WA_SQ": 48.0, "OBJECTID": 347.0, "Area": 15394.2810042, "MUBAN": "บ้านเพีย", "TAMBOL": null, "HOME_BAN_E": null, "TAM_CODE": null, "TAM_NAM_T": "น้ำไผ่", "AMPHOE_T": "น้ำปาด", "AMPHOE_E": null, "PROV_CODE": null, "PROV_NAM_T": "อุตรดิตถ์", "PROV_NAM_E": null, "NAME_EN": null, "TAM_NAM_E": null, "Plot_No1": 1012120022.9999999, "Shape_Le_1": 741.81222479099995, "TARGET_F_1": 367.0, "Shape_Leng": 741.81222479099995, "Shape_Area": 15394.2810042, "Cal_Rai": 9.6214, "layer": "AP1103PIA06", "path": "/Users/ponteerasingto/project11/อุทยานแห่งชาติต้นสักใหญ่/ส่งกรม/Shapefile/1.SHAPEFILE/บ้านเพีย/AP1103PIA06.shp" }, "geometry": { "type": "MultiPolygon", "coordinates": [ [ [ [ 100.609072900471773, 17.52941256336576 ], [ 100.609517474143487, 17.52935985261032 ], [ 100.609715503700883, 17.529774246471987 ], [ 100.609357440085162, 17.529977754305825 ], [ 100.609340861871317, 17.530116589954226 ], [ 100.609507836108108, 17.530238320803416 ], [ 100.609489156838933, 17.530718493576092 ], [ 100.610055000142694, 17.531336999846854 ], [ 100.610241000314275, 17.531270999792131 ], [ 100.610288741974429, 17.531011370779623 ], [ 100.610265769652614, 17.530667279940552 ], [ 100.610336000354067, 17.530486999718875 ], [ 100.610222650810073, 17.530299444949939 ], [ 100.610146556705132, 17.529894102240114 ], [ 100.610142999924278, 17.529635999571973 ], [ 100.609466000148515, 17.529155999696957 ], [ 100.60903999977026, 17.529238999571884 ], [ 100.608780740504585, 17.529515859359243 ], [ 100.609072900471773, 17.52941256336576 ] ] ] ] } },
{ "type": "Feature", "properties": { "OBJECTID_1": 347, "TARGET_FID": "0", "NAME_DNP": "ต้นสักใหญ่", "CODE_DNP": 1103, "APAR_CODE": "11031012120025PIA6", "APAR_NO": "10121", "NUM_APAR": "20025", "SPAR_CODE": "11030001500053PIA6", "SPAR_NO": "00015", "NUM_SPAR": "00053", "PAR_BAN": "เพีย", "BAN_E": "PIA", "PAR_MOO": "6", "PAR_TAM": "น้ำไผ่", "PAR_AMP": "น้ำปาด", "PAR_PROV": "อุตรดิตถ์", "NAME_TITLE": "นาย", "SURNAME": "ติอิน", "IDCARD": "2530400011788", "HOME_NO": "9809", "HOME_BAN": "บ้านเพีย", "HOME_MOO": "6", "HOME_TAM": "น้ำไผ่", "HOME_AMP": "น้ำปาด", "HOME_PROV": "อุตรดิตถ์", "REMARK": null, "BAN_TYPE": 0, "YEAR": "2563", "NAME_DNP_T": "อุทยานแห่งชาติ", "E": 670655.0, "N": 1938950.0, "NAME": "หมั้น", "PERIMETER": 714.76069174500003, "AREA_RAI": 19.000180513, "RAI": 19.0, "NGAN": 0.0, "WA_SQ": 0.0, "OBJECTID": 348.0, "Area": 30400.2888208, "MUBAN": "บ้านเพีย", "TAMBOL": null, "HOME_BAN_E": null, "TAM_CODE": null, "TAM_NAM_T": "น้ำไผ่", "AMPHOE_T": "น้ำปาด", "AMPHOE_E": null, "PROV_CODE": null, "PROV_NAM_T": "อุตรดิตถ์", "PROV_NAM_E": null, "NAME_EN": null, "TAM_NAM_E": null, "Plot_No1": 1012120025.0000001, "Shape_Le_1": 714.76069174500003, "TARGET_F_1": 369.0, "Shape_Leng": 714.76069174500003, "Shape_Area": 30400.2888208, "Cal_Rai": 19.0002, "layer": "AP1103PIA06", "path": "/Users/ponteerasingto/project11/อุทยานแห่งชาติต้นสักใหญ่/ส่งกรม/Shapefile/1.SHAPEFILE/บ้านเพีย/AP1103PIA06.shp" }, "geometry": { "type": "MultiPolygon", "coordinates": [ [ [ [ 100.607528059568281, 17.529195606633841 ], [ 100.60715974770288, 17.529781667427113 ], [ 100.607153440275212, 17.530142120591044 ], [ 100.606631181638903, 17.53113239739389 ], [ 100.606734869799084, 17.5313645818457 ], [ 100.607345063227413, 17.531366134106275 ], [ 100.607913743150462, 17.531107036797241 ], [ 100.6084437460582, 17.530528624683164 ], [ 100.6084437460582, 17.530528624683164 ], [ 100.608600893725068, 17.530316736941099 ], [ 100.608784031123761, 17.529941284691276 ], [ 100.607528059568281, 17.529195606633841 ] ] ] ] } },
{ "type": "Feature", "properties": { "OBJECTID_1": 348, "TARGET_FID": "0", "NAME_DNP": "ต้นสักใหญ่", "CODE_DNP": 1103, "APAR_CODE": "11031012120027PIA6", "APAR_NO": "10121", "NUM_APAR": "20027", "SPAR_CODE": "11030001500055PIA6", "SPAR_NO": "00015", "NUM_SPAR": "00055", "PAR_BAN": "เพีย", "BAN_E": "PIA", "PAR_MOO": "6", "PAR_TAM": "น้ำไผ่", "PAR_AMP": "น้ำปาด", "PAR_PROV": "อุตรดิตถ์", "NAME_TITLE": "นาย", "SURNAME": "จันทคุณ", "IDCARD": "1530400051315", "HOME_NO": "67", "HOME_BAN": "บ้านเพีย", "HOME_MOO": "6", "HOME_TAM": "น้ำไผ่", "HOME_AMP": "น้ำปาด", "HOME_PROV": "อุตรดิตถ์", "REMARK": null, "BAN_TYPE": 0, "YEAR": "2563", "NAME_DNP_T": "อุทยานแห่งชาติ", "E": 670461.0, "N": 1938816.0, "NAME": "พรภิรมย์", "PERIMETER": 1175.54344696, "AREA_RAI": 25.439380228200001, "RAI": 25.0, "NGAN": 1.0, "WA_SQ": 72.0, "OBJECTID": 349.0, "Area": 40703.008365000002, "MUBAN": "บ้านเพีย", "TAMBOL": null, "HOME_BAN_E": null, "TAM_CODE": null, "TAM_NAM_T": "น้ำไผ่", "AMPHOE_T": "น้ำปาด", "AMPHOE_E": null, "PROV_CODE": null, "PROV_NAM_T": "อุตรดิตถ์", "PROV_NAM_E": null, "NAME_EN": null, "TAM_NAM_E": null, "Plot_No1": 1012120027.0, "Shape_Le_1": 1175.67989055, "TARGET_F_1": 371.0, "Shape_Leng": 1175.54344317, "Shape_Area": 40703.007303099999, "Cal_Rai": 25.4394, "layer": "AP1103PIA06", "path": "/Users/ponteerasingto/project11/อุทยานแห่งชาติต้นสักใหญ่/ส่งกรม/Shapefile/1.SHAPEFILE/บ้านเพีย/AP1103PIA06.shp" }, "geometry": { "type": "MultiPolygon", "coordinates": [ [ [ [ 100.607015183377882, 17.530011698791988 ], [ 100.60715974770288, 17.529781667427113 ], [ 100.607528059568281, 17.529195606633841 ], [ 100.604480077984917, 17.52795560913297 ], [ 100.604130126155511, 17.528221693336562 ], [ 100.605496704489042, 17.529138911171884 ], [ 100.605086767676411, 17.52956301555972 ], [ 100.6051234814677, 17.529204095150138 ], [ 100.604949349678918, 17.529238976805658 ], [ 100.604366075937193, 17.529620866589976 ], [ 100.604590703274852, 17.529825197342571 ], [ 100.606190517527949, 17.530000575365474 ], [ 100.606654651935131, 17.52987400725215 ], [ 100.607015183377882, 17.530011698791988 ] ] ] ] } },
{ "type": "Feature", "properties": { "OBJECTID_1": 349, "TARGET_FID": "0", "NAME_DNP": "ต้นสักใหญ่", "CODE_DNP": 1103, "APAR_CODE": "11031012110026PIA6", "APAR_NO": "10121", "NUM_APAR": "10026", "SPAR_CODE": "11030001500050PIA6", "SPAR_NO": "00015", "NUM_SPAR": "00050", "PAR_BAN": "เพีย", "BAN_E": "PIA", "PAR_MOO": "6", "PAR_TAM": "น้ำไผ่", "PAR_AMP": "น้ำปาด", "PAR_PROV": "อุตรดิตถ์", "NAME_TITLE": "นาย", "SURNAME": "ติอิน", "IDCARD": "3530400011796", "HOME_NO": "60/3", "HOME_BAN": "บ้านเพีย", "HOME_MOO": "6", "HOME_TAM": "น้ำไผ่", "HOME_AMP": "น้ำปาด", "HOME_PROV": "อุตรดิตถ์", "REMARK": null, "BAN_TYPE": 0, "YEAR": "2563", "NAME_DNP_T": "อุทยานแห่งชาติ", "E": 670762.0, "N": 1939032.0, "NAME": "ผัน", "PERIMETER": 470.04338786599999, "AREA_RAI": 7.2607541388100003, "RAI": 7.0, "NGAN": 1.0, "WA_SQ": 4.0, "OBJECTID": 350.0, "Area": 11617.2066221, "MUBAN": "บ้านเพีย", "TAMBOL": null, "HOME_BAN_E": null, "TAM_CODE": null, "TAM_NAM_T": "น้ำไผ่", "AMPHOE_T": "น้ำปาด", "AMPHOE_E": null, "PROV_CODE": null, "PROV_NAM_T": "อุตรดิตถ์", "PROV_NAM_E": null, "NAME_EN": null, "TAM_NAM_E": null, "Plot_No1": 1012110026.0, "Shape_Le_1": 470.04338786599999, "TARGET_F_1": 366.0, "Shape_Leng": 470.04338786599999, "Shape_Area": 11617.2066221, "Cal_Rai": 7.2608, "layer": "AP1103PIA06", "path": "/Users/ponteerasingto/project11/อุทยานแห่งชาติต้นสักใหญ่/ส่งกรม/Shapefile/1.SHAPEFILE/บ้านเพีย/AP1103PIA06.shp" }, "geometry": { "type": "MultiPolygon", "coordinates": [ [ [ [ 100.609261545828033, 17.531511642227411 ], [ 100.609014886731416, 17.530785485921754 ], [ 100.608600893725068, 17.530316736941099 ], [ 100.6084437460582, 17.530528624683164 ], [ 100.607913743150462, 17.531107036797241 ], [ 100.60864936424862, 17.531485218396902 ], [ 100.608930238973585, 17.53192548145628 ], [ 100.609147288403207, 17.531643227856534 ], [ 100.609261545828033, 17.531511642227411 ] ] ] ] } },
{ "type": "Feature", "properties": { "OBJECTID_1": 350, "TARGET_FID": "0", "NAME_DNP": "ต้นสักใหญ่", "CODE_DNP": 1103, "APAR_CODE": "11031012120028PIA6", "APAR_NO": "10121", "NUM_APAR": "20028", "SPAR_CODE": "11030001500054PIA6", "SPAR_NO": "00015", "NUM_SPAR": "00054", "PAR_BAN": "เพีย", "BAN_E": "PIA", "PAR_MOO": "6", "PAR_TAM": "น้ำไผ่", "PAR_AMP": "น้ำปาด", "PAR_PROV": "อุตรดิตถ์", "NAME_TITLE": "นาย", "SURNAME": "บุญสะอาด", "IDCARD": "3530400301750", "HOME_NO": "49/1", "HOME_BAN": "บ้านเพีย", "HOME_MOO": "6", "HOME_TAM": "น้ำไผ่", "HOME_AMP": "น้ำปาด", "HOME_PROV": "อุตรดิตถ์", "REMARK": null, "BAN_TYPE": 0, "YEAR": "2563", "NAME_DNP_T": "อุทยานแห่งชาติ", "E": 670456.0, "N": 1939040.0, "NAME": "หรั่น", "PERIMETER": 874.22429382899998, "AREA_RAI": 16.5207015298, "RAI": 16.0, "NGAN": 2.0, "WA_SQ": 8.0, "OBJECTID": 351.0, "Area": 26433.1224477, "MUBAN": "บ้านเพีย", "TAMBOL": null, "HOME_BAN_E": null, "TAM_CODE": null, "TAM_NAM_T": "น้ำไผ่", "AMPHOE_T": "น้ำปาด", "AMPHOE_E": null, "PROV_CODE": null, "PROV_NAM_T": "อุตรดิตถ์", "PROV_NAM_E": null, "NAME_EN": null, "TAM_NAM_E": null, "Plot_No1": 1012120028.0000001, "Shape_Le_1": 874.22429382899998, "TARGET_F_1": 370.0, "Shape_Leng": 874.22429382899998, "Shape_Area": 26433.1224477, "Cal_Rai": 16.5207, "layer": "AP1103PIA06", "path": "/Users/ponteerasingto/project11/อุทยานแห่งชาติต้นสักใหญ่/ส่งกรม/Shapefile/1.SHAPEFILE/บ้านเพีย/AP1103PIA06.shp" }, "geometry": { "type": "MultiPolygon", "coordinates": [ [ [ [ 100.606146713840999, 17.530047535135147 ], [ 100.605363430425939, 17.530262990524374 ], [ 100.605189360131277, 17.530434392814506 ], [ 100.605778906986728, 17.531062563571151 ], [ 100.604831752877416, 17.531531078309548 ], [ 100.604563798700966, 17.532120597497656 ], [ 100.606886530521763, 17.531704189314276 ], [ 100.606734869799084, 17.5313645818457 ], [ 100.606631181638903, 17.53113239739389 ], [ 100.606631181638903, 17.53113239739389 ], [ 100.606631181638903, 17.53113239739389 ], [ 100.606305334727978, 17.531151945913464 ], [ 100.606375950918817, 17.530438723613212 ], [ 100.606146713840999, 17.530047535135147 ] ] ] ] } },
{ "type": "Feature", "properties": { "OBJECTID_1": 351, "TARGET_FID": "0", "NAME_DNP": "ต้นสักใหญ่", "CODE_DNP": 1103, "APAR_CODE": "11031012210001PIA6", "APAR_NO": "10122", "NUM_APAR": "10001", "SPAR_CODE": "11030001500031PIA6", "SPAR_NO": "00015", "NUM_SPAR": "00031", "PAR_BAN": "เพีย", "BAN_E": "PIA", "PAR_MOO": "6", "PAR_TAM": "น้ำไผ่", "PAR_AMP": "น้ำปาด", "PAR_PROV": "อุตรดิตถ์", "NAME_TITLE": "นาย", "SURNAME": "อินยา", "IDCARD": "3530400270463", "HOME_NO": "9/1", "HOME_BAN": "บ้านเพีย", "HOME_MOO": "6", "HOME_TAM": "น้ำไผ่", "HOME_AMP": "น้ำปาด", "HOME_PROV": "อุตรดิตถ์", "REMARK": null, "BAN_TYPE": 0, "YEAR": "2563", "NAME_DNP_T": "อุทยานแห่งชาติ", "E": 671436.0, "N": 1939907.0, "NAME": "ขวัญชัย", "PERIMETER": 415.68435099300001, "AREA_RAI": 6.4802317780600003, "RAI": 6.0, "NGAN": 1.0, "WA_SQ": 92.0, "OBJECTID": 352.0, "Area": 10368.370844900001, "MUBAN": "บ้านเพีย", "TAMBOL": null, "HOME_BAN_E": null, "TAM_CODE": null, "TAM_NAM_T": "น้ำไผ่", "AMPHOE_T": "น้ำปาด", "AMPHOE_E": null, "PROV_CODE": null, "PROV_NAM_T": "อุตรดิตถ์", "PROV_NAM_E": null, "NAME_EN": null, "TAM_NAM_E": null, "Plot_No1": 1012210001.0000001, "Shape_Le_1": 415.68435099300001, "TARGET_F_1": 347.0, "Shape_Leng": 415.68435099300001, "Shape_Area": 10368.370844900001, "Cal_Rai": 6.4802, "layer": "AP1103PIA06", "path": "/Users/ponteerasingto/project11/อุทยานแห่งชาติต้นสักใหญ่/ส่งกรม/Shapefile/1.SHAPEFILE/บ้านเพีย/AP1103PIA06.shp" }, "geometry": { "type": "MultiPolygon", "coordinates": [ [ [ [ 100.615610610309631, 17.538667321964649 ], [ 100.614678379619519, 17.538390839693758 ], [ 100.614523458343413, 17.53859967781997 ], [ 100.614951838524632, 17.539695958464272 ], [ 100.615748182289991, 17.539005694672014 ], [ 100.615610610309631, 17.538667321964649 ] ] ] ] } },
{ "type": "Feature", "properties": { "OBJECTID_1": 352, "TARGET_FID": "0", "NAME_DNP": "ต้นสักใหญ่", "CODE_DNP": 1103, "APAR_CODE": "11031012020002PIA6", "APAR_NO": "10120", "NUM_APAR": "20002", "SPAR_CODE": "11030001500026PIA6", "SPAR_NO": "00015", "NUM_SPAR": "00026", "PAR_BAN": "เพีย", "BAN_E": "PIA", "PAR_MOO": "6", "PAR_TAM": "น้ำไผ่", "PAR_AMP": "น้ำปาด", "PAR_PROV": "อุตรดิตถ์", "NAME_TITLE": "นาย", "SURNAME": "ตุ่นแก้ว", "IDCARD": "3530400127561", "HOME_NO": "48", "HOME_BAN": "บ้านเพีย", "HOME_MOO": "6", "HOME_TAM": "น้ำไผ่", "HOME_AMP": "น้ำปาด", "HOME_PROV": "อุตรดิตถ์", "REMARK": null, "BAN_TYPE": 0, "YEAR": "2563", "NAME_DNP_T": "อุทยานแห่งชาติ", "E": 671818.0, "N": 1939712.0, "NAME": "อินแสง", "PERIMETER": 323.34202344099998, "AREA_RAI": 2.51629051304, "RAI": 2.0, "NGAN": 2.0, "WA_SQ": 4.0, "OBJECTID": 353.0, "Area": 4026.0648208699999, "MUBAN": "บ้านเพีย", "TAMBOL": null, "HOME_BAN_E": null, "TAM_CODE": null, "TAM_NAM_T": "น้ำไผ่", "AMPHOE_T": "น้ำปาด", "AMPHOE_E": null, "PROV_CODE": null, "PROV_NAM_T": "อุตรดิตถ์", "PROV_NAM_E": null, "NAME_EN": null, "TAM_NAM_E": null, "Plot_No1": 1012020002.0, "Shape_Le_1": 323.34202344099998, "TARGET_F_1": 342.0, "Shape_Leng": 323.34202344099998, "Shape_Area": 4026.0648208699999, "Cal_Rai": 2.5163, "layer": "AP1103PIA06", "path": "/Users/ponteerasingto/project11/อุทยานแห่งชาติต้นสักใหญ่/ส่งกรม/Shapefile/1.SHAPEFILE/บ้านเพีย/AP1103PIA06.shp" }, "geometry": { "type": "MultiPolygon", "coordinates": [ [ [ [ 100.61901508024377, 17.537358870117941 ], [ 100.61839399969989, 17.53650199979564 ], [ 100.618374000091777, 17.537167000201229 ], [ 100.618962318377086, 17.537660362150234 ], [ 100.619141116981822, 17.537618612836138 ], [ 100.61901508024377, 17.537358870117941 ] ] ] ] } },
{ "type": "Feature", "properties": { "OBJECTID_1": 353, "TARGET_FID": "0", "NAME_DNP": "ต้นสักใหญ่", "CODE_DNP": 1103, "APAR_CODE": "11031012120004PIA6", "APAR_NO": "10121", "NUM_APAR": "20004", "SPAR_CODE": "11030001500030PIA6", "SPAR_NO": "00015", "NUM_SPAR": "00030", "PAR_BAN": "เพีย", "BAN_E": "PIA", "PAR_MOO": "6", "PAR_TAM": "น้ำไผ่", "PAR_AMP": "น้ำปาด", "PAR_PROV": "อุตรดิตถ์", "NAME_TITLE": "นาย", "SURNAME": "อินยา", "IDCARD": "3530400270471", "HOME_NO": "29/4", "HOME_BAN": "บ้านเพีย", "HOME_MOO": "6", "HOME_TAM": "น้ำไผ่", "HOME_AMP": "น้ำปาด", "HOME_PROV": "อุตรดิตถ์", "REMARK": null, "BAN_TYPE": 0, "YEAR": "2563", "NAME_DNP_T": "อุทยานแห่งชาติ", "E": 671620.0, "N": 1939795.0, "NAME": "อธิราช", "PERIMETER": 729.83805337599995, "AREA_RAI": 18.855258741899998, "RAI": 18.0, "NGAN": 3.0, "WA_SQ": 40.0, "OBJECTID": 354.0, "Area": 30168.413987100001, "MUBAN": "บ้านเพีย", "TAMBOL": null, "HOME_BAN_E": null, "TAM_CODE": null, "TAM_NAM_T": "น้ำไผ่", "AMPHOE_T": "น้ำปาด", "AMPHOE_E": null, "PROV_CODE": null, "PROV_NAM_T": "อุตรดิตถ์", "PROV_NAM_E": null, "NAME_EN": null, "TAM_NAM_E": null, "Plot_No1": 1012120003.9999999, "Shape_Le_1": 729.05858688900003, "TARGET_F_1": 346.0, "Shape_Leng": 729.83799925100004, "Shape_Area": 30168.4125824, "Cal_Rai": 18.8553, "layer": "AP1103PIA06", "path": "/Users/ponteerasingto/project11/อุทยานแห่งชาติต้นสักใหญ่/ส่งกรม/Shapefile/1.SHAPEFILE/บ้านเพีย/AP1103PIA06.shp" }, "geometry": { "type": "MultiPolygon", "coordinates": [ [ [ [ 100.618006664656662, 17.537834229984835 ], [ 100.618158999541038, 17.537741000318956 ], [ 100.61760178576516, 17.537348294351677 ], [ 100.616444307460128, 17.537259493471801 ], [ 100.616134888775804, 17.537214201973146 ], [ 100.615556853242495, 17.537699247995658 ], [ 100.615814999598939, 17.537904999623319 ], [ 100.616409000069766, 17.538812000364942 ], [ 100.617074290749642, 17.538688355946825 ], [ 100.617528959985094, 17.5386038537548 ], [ 100.617534806960577, 17.538123008830059 ], [ 100.617981177795556, 17.538033878304432 ], [ 100.618006664656662, 17.537834229984835 ] ] ] ] } },
{ "type": "Feature", "properties": { "OBJECTID_1": 354, "TARGET_FID": "0", "NAME_DNP": "ต้นสักใหญ่", "CODE_DNP": 1103, "APAR_CODE": "11031012320001PIA6", "APAR_NO": "10123", "NUM_APAR": "20001", "SPAR_CODE": "11030001500056PIA6", "SPAR_NO": "00015", "NUM_SPAR": "00056", "PAR_BAN": "เพีย", "BAN_E": "PIA", "PAR_MOO": "6", "PAR_TAM": "น้ำไผ่", "PAR_AMP": "น้ำปาด", "PAR_PROV": "อุตรดิตถ์", "NAME_TITLE": "นางสาว", "SURNAME": "บุญสอาด", "IDCARD": "1530400036219", "HOME_NO": "41/1", "HOME_BAN": "บ้านเพีย", "HOME_MOO": "6", "HOME_TAM": "น้ำไผ่", "HOME_AMP": "น้ำปาด", "HOME_PROV": "อุตรดิตถ์", "REMARK": null, "BAN_TYPE": 0, "YEAR": "2563", "NAME_DNP_T": "อุทยานแห่งชาติ", "E": 671259.0, "N": 1940228.0, "NAME": "เมธาวี", "PERIMETER": 557.38969412899996, "AREA_RAI": 12.9508068168, "RAI": 12.0, "NGAN": 3.0, "WA_SQ": 80.0, "OBJECTID": 355.0, "Area": 20721.290906900002, "MUBAN": "บ้านเพีย", "TAMBOL": null, "HOME_BAN_E": null, "TAM_CODE": null, "TAM_NAM_T": "น้ำไผ่", "AMPHOE_T": "น้ำปาด", "AMPHOE_E": null, "PROV_CODE": null, "PROV_NAM_T": "อุตรดิตถ์", "PROV_NAM_E": null, "NAME_EN": null, "TAM_NAM_E": null, "Plot_No1": 1012320001.0000001, "Shape_Le_1": 557.38969412899996, "TARGET_F_1": 372.0, "Shape_Leng": 557.38969412899996, "Shape_Area": 20721.290906900002, "Cal_Rai": 12.9508, "layer": "AP1103PIA06", "path": "/Users/ponteerasingto/project11/อุทยานแห่งชาติต้นสักใหญ่/ส่งกรม/Shapefile/1.SHAPEFILE/บ้านเพีย/AP1103PIA06.shp" }, "geometry": { "type": "MultiPolygon", "coordinates": [ [ [ [ 100.613273301089677, 17.541154449969685 ], [ 100.612737401941345, 17.541519508694805 ], [ 100.612536007746513, 17.542167310600288 ], [ 100.613474091050264, 17.54264058847383 ], [ 100.613752326279325, 17.542495398834443 ], [ 100.614287551216748, 17.541933298781775 ], [ 100.614487648941804, 17.541569665454105 ], [ 100.613273301089677, 17.541154449969685 ] ] ] ] } },
{ "type": "Feature", "properties": { "OBJECTID_1": 355, "TARGET_FID": "0", "NAME_DNP": "ต้นสักใหญ่", "CODE_DNP": 1103, "APAR_CODE": "11031012320002PIA6", "APAR_NO": "10123", "NUM_APAR": "20002", "SPAR_CODE": "11030001500057PIA6", "SPAR_NO": "00015", "NUM_SPAR": "00057", "PAR_BAN": "เพีย", "BAN_E": "PIA", "PAR_MOO": "6", "PAR_TAM": "น้ำไผ่", "PAR_AMP": "น้ำปาด", "PAR_PROV": "อุตรดิตถ์", "NAME_TITLE": "นาย", "SURNAME": "สอนปัน", "IDCARD": "3530400301946", "HOME_NO": "66", "HOME_BAN": "บ้านเพีย", "HOME_MOO": "6", "HOME_TAM": "น้ำไผ่", "HOME_AMP": "น้ำปาด", "HOME_PROV": "อุตรดิตถ์", "REMARK": null, "BAN_TYPE": 0, "YEAR": "2563", "NAME_DNP_T": "อุทยานแห่งชาติ", "E": 671335.0, "N": 1940153.0, "NAME": "ถนอม", "PERIMETER": 407.521108287, "AREA_RAI": 3.54338251744, "RAI": 3.0, "NGAN": 2.0, "WA_SQ": 16.0, "OBJECTID": 356.0, "Area": 5669.4120279, "MUBAN": "บ้านเพีย", "TAMBOL": null, "HOME_BAN_E": null, "TAM_CODE": null, "TAM_NAM_T": "น้ำไผ่", "AMPHOE_T": "น้ำปาด", "AMPHOE_E": null, "PROV_CODE": null, "PROV_NAM_T": "อุตรดิตถ์", "PROV_NAM_E": null, "NAME_EN": null, "TAM_NAM_E": null, "Plot_No1": 1012320002.0, "Shape_Le_1": 407.7344897, "TARGET_F_1": 373.0, "Shape_Leng": 407.52110602599998, "Shape_Area": 5669.4121751900002, "Cal_Rai": 3.5434, "layer": "AP1103PIA06", "path": "/Users/ponteerasingto/project11/อุทยานแห่งชาติต้นสักใหญ่/ส่งกรม/Shapefile/1.SHAPEFILE/บ้านเพีย/AP1103PIA06.shp" }, "geometry": { "type": "MultiPolygon", "coordinates": [ [ [ [ 100.614736295643169, 17.54067650270574 ], [ 100.614449360138721, 17.54092257119666 ], [ 100.613273301089677, 17.541154449969685 ], [ 100.614487648941804, 17.541569665454105 ], [ 100.614736295643169, 17.54067650270574 ] ] ] ] } },
{ "type": "Feature", "properties": { "OBJECTID_1": 356, "TARGET_FID": "0", "NAME_DNP": "ต้นสักใหญ่", "CODE_DNP": 1103, "APAR_CODE": "11031012320005PIA6", "APAR_NO": "10123", "NUM_APAR": "20005", "SPAR_CODE": "11030001500061PIA6", "SPAR_NO": "00015", "NUM_SPAR": "00061", "PAR_BAN": "เพีย", "BAN_E": "PIA", "PAR_MOO": "6", "PAR_TAM": "น้ำไผ่", "PAR_AMP": "น้ำปาด", "PAR_PROV": "อุตรดิตถ์", "NAME_TITLE": "นาย", "SURNAME": "บุญสอาด", "IDCARD": "3530400302373", "HOME_NO": "68", "HOME_BAN": "บ้านเพีย", "HOME_MOO": "6", "HOME_TAM": "น้ำไผ่", "HOME_AMP": "น้ำปาด", "HOME_PROV": "อุตรดิตถ์", "REMARK": null, "BAN_TYPE": 0, "YEAR": "2563", "NAME_DNP_T": "อุทยานแห่งชาติ", "E": 670935.0, "N": 1940120.0, "NAME": "ไพริน", "PERIMETER": 777.99188696199997, "AREA_RAI": 21.994970927499999, "RAI": 21.0, "NGAN": 3.0, "WA_SQ": 96.0, "OBJECTID": 357.0, "Area": 35191.953483999998, "MUBAN": "บ้านเพีย", "TAMBOL": null, "HOME_BAN_E": null, "TAM_CODE": null, "TAM_NAM_T": "น้ำไผ่", "AMPHOE_T": "น้ำปาด", "AMPHOE_E": null, "PROV_CODE": null, "PROV_NAM_T": "อุตรดิตถ์", "PROV_NAM_E": null, "NAME_EN": null, "TAM_NAM_E": null, "Plot_No1": 1012320005.0, "Shape_Le_1": 777.99188696199997, "TARGET_F_1": 377.0, "Shape_Leng": 777.99188696199997, "Shape_Area": 35191.953483999998, "Cal_Rai": 21.995, "layer": "AP1103PIA06", "path": "/Users/ponteerasingto/project11/อุทยานแห่งชาติต้นสักใหญ่/ส่งกรม/Shapefile/1.SHAPEFILE/บ้านเพีย/AP1103PIA06.shp" }, "geometry": { "type": "MultiPolygon", "coordinates": [ [ [ [ 100.611409539006459, 17.541698863959429 ], [ 100.611194839414168, 17.540343820807667 ], [ 100.611007791099965, 17.539852191143641 ], [ 100.610559500211068, 17.539861036172997 ], [ 100.609958684109756, 17.54014283502957 ], [ 100.609459827948214, 17.540658522683469 ], [ 100.609434557203031, 17.541532824861459 ], [ 100.610057538837978, 17.54211486391269 ], [ 100.610352538852666, 17.54155486331485 ], [ 100.611409539006459, 17.541698863959429 ] ] ] ] } },
{ "type": "Feature", "properties": { "OBJECTID_1": 357, "TARGET_FID": "0", "NAME_DNP": "ต้นสักใหญ่", "CODE_DNP": 1103, "APAR_CODE": "11031012320008PIA6", "APAR_NO": "10123", "NUM_APAR": "20008", "SPAR_CODE": "11030001500063PIA6", "SPAR_NO": "00015", "NUM_SPAR": "00063", "PAR_BAN": "เพีย", "BAN_E": "PIA", "PAR_MOO": "6", "PAR_TAM": "น้ำไผ่", "PAR_AMP": "น้ำปาด", "PAR_PROV": "อุตรดิตถ์", "NAME_TITLE": "นางสาว", "SURNAME": "เศษนาเวช", "IDCARD": "3411300681145", "HOME_NO": "42", "HOME_BAN": "บ้านเพีย", "HOME_MOO": "6", "HOME_TAM": "น้ำไผ่", "HOME_AMP": "น้ำปาด", "HOME_PROV": "อุตรดิตถ์", "REMARK": null, "BAN_TYPE": 0, "YEAR": "2563", "NAME_DNP_T": "อุทยานแห่งชาติ", "E": 670749.0, "N": 1940230.0, "NAME": "ทองแดง", "PERIMETER": 290.73589731700002, "AREA_RAI": 1.58097096076, "RAI": 1.0, "NGAN": 2.0, "WA_SQ": 32.0, "OBJECTID": 358.0, "Area": 2529.5535372200002, "MUBAN": "บ้านเพีย", "TAMBOL": null, "HOME_BAN_E": null, "TAM_CODE": null, "TAM_NAM_T": "น้ำไผ่", "AMPHOE_T": "น้ำปาด", "AMPHOE_E": null, "PROV_CODE": null, "PROV_NAM_T": "อุตรดิตถ์", "PROV_NAM_E": null, "NAME_EN": null, "TAM_NAM_E": null, "Plot_No1": 1012320008.0, "Shape_Le_1": 290.73589731700002, "TARGET_F_1": 379.0, "Shape_Leng": 290.73589731700002, "Shape_Area": 2529.5535372200002, "Cal_Rai": 1.581, "layer": "AP1103PIA06", "path": "/Users/ponteerasingto/project11/อุทยานแห่งชาติต้นสักใหญ่/ส่งกรม/Shapefile/1.SHAPEFILE/บ้านเพีย/AP1103PIA06.shp" }, "geometry": { "type": "MultiPolygon", "coordinates": [ [ [ [ 100.608328445372365, 17.541415372694903 ], [ 100.608677142306973, 17.542291190064702 ], [ 100.608764453953782, 17.542336771285683 ], [ 100.609043891350524, 17.542438352126421 ], [ 100.608909829725903, 17.542265242574246 ], [ 100.608747016480123, 17.541900417386845 ], [ 100.608667902196117, 17.54157852432677 ], [ 100.608328445372365, 17.541415372694903 ] ] ] ] } },
{ "type": "Feature", "properties": { "OBJECTID_1": 358, "TARGET_FID": "0", "NAME_DNP": "ต้นสักใหญ่", "CODE_DNP": 1103, "APAR_CODE": "11031011520001PIA6", "APAR_NO": "10115", "NUM_APAR": "20001", "SPAR_CODE": "11030001500009PIA6", "SPAR_NO": "00015", "NUM_SPAR": "00009", "PAR_BAN": "เพีย", "BAN_E": "PIA", "PAR_MOO": "6", "PAR_TAM": "น้ำไผ่", "PAR_AMP": "น้ำปาด", "PAR_PROV": "อุตรดิตถ์", "NAME_TITLE": "นาย", "SURNAME": "สินใจ", "IDCARD": "3570200597370", "HOME_NO": "15/2", "HOME_BAN": "บ้านเพีย", "HOME_MOO": "6", "HOME_TAM": "น้ำไผ่", "HOME_AMP": "น้ำปาด", "HOME_PROV": "อุตรดิตถ์", "REMARK": null, "BAN_TYPE": 0, "YEAR": "2563", "NAME_DNP_T": "อุทยานแห่งชาติ", "E": 673333.0, "N": 1940190.0, "NAME": "ประจักษ์", "PERIMETER": 329.91922210799999, "AREA_RAI": 2.8544664501899999, "RAI": 2.0, "NGAN": 3.0, "WA_SQ": 40.0, "OBJECTID": 359.0, "Area": 4567.1463203100002, "MUBAN": "บ้านเพีย", "TAMBOL": null, "HOME_BAN_E": null, "TAM_CODE": null, "TAM_NAM_T": "น้ำไผ่", "AMPHOE_T": "น้ำปาด", "AMPHOE_E": null, "PROV_CODE": null, "PROV_NAM_T": "อุตรดิตถ์", "PROV_NAM_E": null, "NAME_EN": null, "TAM_NAM_E": null, "Plot_No1": 1011520001.0000001, "Shape_Le_1": 329.91922210799999, "TARGET_F_1": 325.0, "Shape_Leng": 329.91922210799999, "Shape_Area": 4567.1463203100002, "Cal_Rai": 2.8545, "layer": "AP1103PIA06", "path": "/Users/ponteerasingto/project11/อุทยานแห่งชาติต้นสักใหญ่/ส่งกรม/Shapefile/1.SHAPEFILE/บ้านเพีย/AP1103PIA06.shp" }, "geometry": { "type": "MultiPolygon", "coordinates": [ [ [ [ 100.633561707286574, 17.541559326233848 ], [ 100.633394001437935, 17.541410925021768 ], [ 100.633123397207868, 17.54131489542123 ], [ 100.632928506743724, 17.541119261496775 ], [ 100.632810114806432, 17.540960652746268 ], [ 100.632699245032356, 17.540911957743457 ], [ 100.632602763454784, 17.540921717519726 ], [ 100.632398112864806, 17.540909849864718 ], [ 100.633033226633643, 17.541762167192815 ], [ 100.633271094221996, 17.541747947009771 ], [ 100.633561707286574, 17.541559326233848 ] ] ] ] } },
{ "type": "Feature", "properties": { "OBJECTID_1": 359, "TARGET_FID": "0", "NAME_DNP": "ต้นสักใหญ่", "CODE_DNP": 1103, "APAR_CODE": "11031012420001PIA6", "APAR_NO": "10124", "NUM_APAR": "20001", "SPAR_CODE": "11030001500064PIA6", "SPAR_NO": "00015", "NUM_SPAR": "00064", "PAR_BAN": "เพีย", "BAN_E": "PIA", "PAR_MOO": "6", "PAR_TAM": "น้ำไผ่", "PAR_AMP": "น้ำปาด", "PAR_PROV": "อุตรดิตถ์", "NAME_TITLE": "นางสาว", "SURNAME": "ขิงหอม", "IDCARD": "1530401106229", "HOME_NO": "41/2", "HOME_BAN": "บ้านเพีย", "HOME_MOO": "6", "HOME_TAM": "น้ำไผ่", "HOME_AMP": "น้ำปาด", "HOME_PROV": "อุตรดิตถ์", "REMARK": null, "BAN_TYPE": 0, "YEAR": "2563", "NAME_DNP_T": "อุทยานแห่งชาติ", "E": 670367.0, "N": 1940110.0, "NAME": "จันทิมา", "PERIMETER": 992.561427589, "AREA_RAI": 13.5228651576, "RAI": 13.0, "NGAN": 2.0, "WA_SQ": 8.0, "OBJECTID": 360.0, "Area": 21636.584252199998, "MUBAN": "บ้านเพีย", "TAMBOL": null, "HOME_BAN_E": null, "TAM_CODE": null, "TAM_NAM_T": "น้ำไผ่", "AMPHOE_T": "น้ำปาด", "AMPHOE_E": null, "PROV_CODE": null, "PROV_NAM_T": "อุตรดิตถ์", "PROV_NAM_E": null, "NAME_EN": null, "TAM_NAM_E": null, "Plot_No1": 1012420001.0000001, "Shape_Le_1": 992.22848604900003, "TARGET_F_1": 380.0, "Shape_Leng": 992.56143418099998, "Shape_Area": 21636.5843355, "Cal_Rai": 13.5229, "layer": "AP1103PIA06", "path": "/Users/ponteerasingto/project11/อุทยานแห่งชาติต้นสักใหญ่/ส่งกรม/Shapefile/1.SHAPEFILE/บ้านเพีย/AP1103PIA06.shp" }, "geometry": { "type": "MultiPolygon", "coordinates": [ [ [ [ 100.60378526281076, 17.539983494768951 ], [ 100.60386585526058, 17.540579227976497 ], [ 100.603683036666737, 17.54100318118893 ], [ 100.604586405548446, 17.540767420105706 ], [ 100.605462271935806, 17.541546488192232 ], [ 100.605521632294767, 17.541424249668989 ], [ 100.605952125456952, 17.54167379475841 ], [ 100.606178901520664, 17.541982524619186 ], [ 100.606434142796971, 17.541891852064008 ], [ 100.606232037291321, 17.541064181398895 ], [ 100.605753508890643, 17.540967245344799 ], [ 100.605602511903882, 17.540516750771587 ], [ 100.605287157441822, 17.540468318955121 ], [ 100.60500516319938, 17.540887240290967 ], [ 100.604727230329118, 17.540738870132724 ], [ 100.604679787324542, 17.540445184003033 ], [ 100.60434122832126, 17.540204062105879 ], [ 100.604290112526755, 17.539816465794729 ], [ 100.604063442177207, 17.539719182743916 ], [ 100.60378526281076, 17.539983494768951 ] ] ] ] } },
{ "type": "Feature", "properties": { "OBJECTID_1": 360, "TARGET_FID": "0", "NAME_DNP": "ต้นสักใหญ่", "CODE_DNP": 1103, "APAR_CODE": "11031012420002PIA6", "APAR_NO": "10124", "NUM_APAR": "20002", "SPAR_CODE": "11030001500065PIA6", "SPAR_NO": "00015", "NUM_SPAR": "00065", "PAR_BAN": "เพีย", "BAN_E": "PIA", "PAR_MOO": "6", "PAR_TAM": "น้ำไผ่", "PAR_AMP": "น้ำปาด", "PAR_PROV": "อุตรดิตถ์", "NAME_TITLE": "นาง", "SURNAME": "บุญสะอาด", "IDCARD": "3530400302187", "HOME_NO": "58", "HOME_BAN": "บ้านเพีย", "HOME_MOO": "6", "HOME_TAM": "น้ำไผ่", "HOME_AMP": "น้ำปาด", "HOME_PROV": "อุตรดิตถ์", "REMARK": null, "BAN_TYPE": 0, "YEAR": "2563", "NAME_DNP_T": "อุทยานแห่งชาติ", "E": 670206.0, "N": 1939967.0, "NAME": "สมงาม", "PERIMETER": 753.73504078600001, "AREA_RAI": 15.9577131483, "RAI": 15.0, "NGAN": 3.0, "WA_SQ": 80.0, "OBJECTID": 361.0, "Area": 25532.341037300001, "MUBAN": "บ้านเพีย", "TAMBOL": null, "HOME_BAN_E": null, "TAM_CODE": null, "TAM_NAM_T": "น้ำไผ่", "AMPHOE_T": "น้ำปาด", "AMPHOE_E": null, "PROV_CODE": null, "PROV_NAM_T": "อุตรดิตถ์", "PROV_NAM_E": null, "NAME_EN": null, "TAM_NAM_E": null, "Plot_No1": 1012420002.0, "Shape_Le_1": 753.96740116900003, "TARGET_F_1": 381.0, "Shape_Leng": 753.73504028699995, "Shape_Area": 25532.337244900002, "Cal_Rai": 15.9577, "layer": "AP1103PIA06", "path": "/Users/ponteerasingto/project11/อุทยานแห่งชาติต้นสักใหญ่/ส่งกรม/Shapefile/1.SHAPEFILE/บ้านเพีย/AP1103PIA06.shp" }, "geometry": { "type": "MultiPolygon", "coordinates": [ [ [ [ 100.60386585526058, 17.540579227976497 ], [ 100.603785226030936, 17.539979313138172 ], [ 100.604347802762589, 17.538968555550174 ], [ 100.604215900916941, 17.538582865692479 ], [ 100.603503928579542, 17.538613129599824 ], [ 100.603227166542609, 17.539035144473523 ], [ 100.60293299994791, 17.53891499982079 ], [ 100.602735676524887, 17.539282846680713 ], [ 100.602840667503258, 17.539634226469975 ], [ 100.602800846405586, 17.539944407244356 ], [ 100.603277276575668, 17.540217378349819 ], [ 100.603171015054571, 17.540724565253896 ], [ 100.603683036666737, 17.54100318118893 ], [ 100.60386585526058, 17.540579227976497 ] ] ] ] } },
{ "type": "Feature", "properties": { "OBJECTID_1": 361, "TARGET_FID": "0", "NAME_DNP": "ต้นสักใหญ่", "CODE_DNP": 1103, "APAR_CODE": "11031012420003PIA6", "APAR_NO": "10124", "NUM_APAR": "20003", "SPAR_CODE": "11030001500066PIA6", "SPAR_NO": "00015", "NUM_SPAR": "00066", "PAR_BAN": "เพีย", "BAN_E": "PIA", "PAR_MOO": "6", "PAR_TAM": "น้ำไผ่", "PAR_AMP": "น้ำปาด", "PAR_PROV": "อุตรดิตถ์", "NAME_TITLE": "นาย", "SURNAME": "พระวงษ์วัน", "IDCARD": "3530400302462", "HOME_NO": "44/1", "HOME_BAN": "บ้านเพีย", "HOME_MOO": "6", "HOME_TAM": "น้ำไผ่", "HOME_AMP": "น้ำปาด", "HOME_PROV": "อุตรดิตถ์", "REMARK": null, "BAN_TYPE": 0, "YEAR": "2563", "NAME_DNP_T": "อุทยานแห่งชาติ", "E": 670056.0, "N": 1939966.0, "NAME": "เบียง", "PERIMETER": 622.00224969099997, "AREA_RAI": 13.2712375078, "RAI": 13.0, "NGAN": 1.0, "WA_SQ": 8.0, "OBJECTID": 362.0, "Area": 21233.980012399999, "MUBAN": "บ้านเพีย", "TAMBOL": null, "HOME_BAN_E": null, "TAM_CODE": null, "TAM_NAM_T": "น้ำไผ่", "AMPHOE_T": "น้ำปาด", "AMPHOE_E": null, "PROV_CODE": null, "PROV_NAM_T": "อุตรดิตถ์", "PROV_NAM_E": null, "NAME_EN": null, "TAM_NAM_E": null, "Plot_No1": 1012420003.0, "Shape_Le_1": 622.21956390800005, "TARGET_F_1": 382.0, "Shape_Leng": 622.00226493900004, "Shape_Area": 21233.9787898, "Cal_Rai": 13.2712, "layer": "AP1103PIA06", "path": "/Users/ponteerasingto/project11/อุทยานแห่งชาติต้นสักใหญ่/ส่งกรม/Shapefile/1.SHAPEFILE/บ้านเพีย/AP1103PIA06.shp" }, "geometry": { "type": "MultiPolygon", "coordinates": [ [ [ [ 100.602769789608303, 17.540186325804257 ], [ 100.602840809393413, 17.539633116586455 ], [ 100.602735676524887, 17.539282846680713 ], [ 100.60293299994791, 17.53891499982079 ], [ 100.602378718012403, 17.538756134104275 ], [ 100.602067368002878, 17.53895114634458 ], [ 100.601947838285483, 17.539180814254003 ], [ 100.601062999625526, 17.539500000417618 ], [ 100.601277999574478, 17.540157000418365 ], [ 100.601916999536726, 17.540087000323378 ], [ 100.602375999959278, 17.540326000414911 ], [ 100.602769789608303, 17.540186325804257 ] ] ] ] } },
{ "type": "Feature", "properties": { "OBJECTID_1": 362, "TARGET_FID": "0", "NAME_DNP": "ต้นสักใหญ่", "CODE_DNP": 1103, "APAR_CODE": "11031012120008PIA6", "APAR_NO": "10121", "NUM_APAR": "20008", "SPAR_CODE": "11030001500035PIA6", "SPAR_NO": "00015", "NUM_SPAR": "00035", "PAR_BAN": "เพีย", "BAN_E": "PIA", "PAR_MOO": "6", "PAR_TAM": "น้ำไผ่", "PAR_AMP": "น้ำปาด", "PAR_PROV": "อุตรดิตถ์", "NAME_TITLE": "นาย", "SURNAME": "มาวัน", "IDCARD": "1530400004741", "HOME_NO": "5/3", "HOME_BAN": "บ้านเพีย", "HOME_MOO": "6", "HOME_TAM": "น้ำไผ่", "HOME_AMP": "น้ำปาด", "HOME_PROV": "อุตรดิตถ์", "REMARK": null, "BAN_TYPE": 0, "YEAR": "2563", "NAME_DNP_T": "อุทยานแห่งชาติ", "E": 671396.0, "N": 1939542.0, "NAME": "อำนาจ", "PERIMETER": 933.62931189100004, "AREA_RAI": 9.8924446844999991, "RAI": 9.0, "NGAN": 3.0, "WA_SQ": 56.0, "OBJECTID": 363.0, "Area": 15827.9114952, "MUBAN": "บ้านเพีย", "TAMBOL": null, "HOME_BAN_E": null, "TAM_CODE": null, "TAM_NAM_T": "น้ำไผ่", "AMPHOE_T": "น้ำปาด", "AMPHOE_E": null, "PROV_CODE": null, "PROV_NAM_T": "อุตรดิตถ์", "PROV_NAM_E": null, "NAME_EN": null, "TAM_NAM_E": null, "Plot_No1": 1012120008.0, "Shape_Le_1": 933.62931189100004, "TARGET_F_1": 351.0, "Shape_Leng": 933.62931189100004, "Shape_Area": 15827.9114952, "Cal_Rai": 9.8924, "layer": "AP1103PIA06", "path": "/Users/ponteerasingto/project11/อุทยานแห่งชาติต้นสักใหญ่/ส่งกรม/Shapefile/1.SHAPEFILE/บ้านเพีย/AP1103PIA06.shp" }, "geometry": { "type": "MultiPolygon", "coordinates": [ [ [ [ 100.615155970792287, 17.534968675199835 ], [ 100.61467699953738, 17.534997999722599 ], [ 100.61499067933994, 17.535120872040125 ], [ 100.614936962041227, 17.535358478770245 ], [ 100.614753627816143, 17.535367622731236 ], [ 100.614420277484896, 17.5355463025784 ], [ 100.614210583671934, 17.535280240103461 ], [ 100.613729315519222, 17.535307922986878 ], [ 100.613734688649544, 17.535348664635315 ], [ 100.613766258133921, 17.535588039863431 ], [ 100.614125476298526, 17.536176938868476 ], [ 100.613984250614962, 17.536806139647442 ], [ 100.61436100002544, 17.536706000160549 ], [ 100.614668749527496, 17.535856784780687 ], [ 100.614749326120389, 17.535696553212841 ], [ 100.614861603692731, 17.535473281300582 ], [ 100.615047986148397, 17.535414383066648 ], [ 100.615309346730911, 17.535379976719792 ], [ 100.61549962481368, 17.535338977574856 ], [ 100.61576868358199, 17.535329611084997 ], [ 100.616034449077858, 17.535370478400885 ], [ 100.616319030053404, 17.535425536699847 ], [ 100.616193344212775, 17.535120037252803 ], [ 100.616091961506257, 17.535087894036497 ], [ 100.615634280980615, 17.535043810511326 ], [ 100.615155970792287, 17.534968675199835 ] ] ] ] } },
{ "type": "Feature", "properties": { "OBJECTID_1": 363, "TARGET_FID": "0", "NAME_DNP": "ต้นสักใหญ่", "CODE_DNP": 1103, "APAR_CODE": "11031012120003PIA6", "APAR_NO": "10121", "NUM_APAR": "20003", "SPAR_CODE": "11030001500029PIA6", "SPAR_NO": "00015", "NUM_SPAR": "00029", "PAR_BAN": "เพีย", "BAN_E": "PIA", "PAR_MOO": "6", "PAR_TAM": "น้ำไผ่", "PAR_AMP": "น้ำปาด", "PAR_PROV": "อุตรดิตถ์", "NAME_TITLE": "นาย", "SURNAME": "พากันหา", "IDCARD": "3530400270391", "HOME_NO": "7/3", "HOME_BAN": "บ้านเพีย", "HOME_MOO": "6", "HOME_TAM": "น้ำไผ่", "HOME_AMP": "น้ำปาด", "HOME_PROV": "อุตรดิตถ์", "REMARK": null, "BAN_TYPE": 0, "YEAR": "2563", "NAME_DNP_T": "อุทยานแห่งชาติ", "E": 671669.0, "N": 1939932.0, "NAME": "สีไพ", "PERIMETER": 456.96157753400001, "AREA_RAI": 7.6695844906600001, "RAI": 7.0, "NGAN": 2.0, "WA_SQ": 64.0, "OBJECTID": 364.0, "Area": 12271.335185100001, "MUBAN": "บ้านเพีย", "TAMBOL": null, "HOME_BAN_E": null, "TAM_CODE": null, "TAM_NAM_T": "น้ำไผ่", "AMPHOE_T": "น้ำปาด", "AMPHOE_E": null, "PROV_CODE": null, "PROV_NAM_T": "อุตรดิตถ์", "PROV_NAM_E": null, "NAME_EN": null, "TAM_NAM_E": null, "Plot_No1": 1012120003.0, "Shape_Le_1": 456.52089782199999, "TARGET_F_1": 345.0, "Shape_Leng": 456.96152573900002, "Shape_Area": 12271.3326497, "Cal_Rai": 7.6696, "layer": "AP1103PIA06", "path": "/Users/ponteerasingto/project11/อุทยานแห่งชาติต้นสักใหญ่/ส่งกรม/Shapefile/1.SHAPEFILE/บ้านเพีย/AP1103PIA06.shp" }, "geometry": { "type": "MultiPolygon", "coordinates": [ [ [ [ 100.617230999578183, 17.5397359997785 ], [ 100.617902272418561, 17.539673128214456 ], [ 100.617830000447356, 17.538791000277271 ], [ 100.617074290749642, 17.538688355946825 ], [ 100.616409000069766, 17.538812000364942 ], [ 100.617230999578183, 17.5397359997785 ] ] ] ] } },
{ "type": "Feature", "properties": { "OBJECTID_1": 364, "TARGET_FID": "0", "NAME_DNP": "ต้นสักใหญ่", "CODE_DNP": 1103, "APAR_CODE": "11031012320004PIA6", "APAR_NO": "10123", "NUM_APAR": "20004", "SPAR_CODE": "11030001500059PIA6", "SPAR_NO": "00015", "NUM_SPAR": "00059", "PAR_BAN": "เพีย", "BAN_E": "PIA", "PAR_MOO": "6", "PAR_TAM": "น้ำไผ่", "PAR_AMP": "น้ำปาด", "PAR_PROV": "อุตรดิตถ์", "NAME_TITLE": "นาง", "SURNAME": "บุญสอาด", "IDCARD": "3530400302357", "HOME_NO": "41/1", "HOME_BAN": "บ้านเพีย", "HOME_MOO": "6", "HOME_TAM": "น้ำไผ่", "HOME_AMP": "น้ำปาด", "HOME_PROV": "อุตรดิตถ์", "REMARK": null, "BAN_TYPE": 0, "YEAR": "2563", "NAME_DNP_T": "อุทยานแห่งชาติ", "E": 671090.0, "N": 1940142.0, "NAME": "ทวี", "PERIMETER": 824.90775109599997, "AREA_RAI": 14.199240013900001, "RAI": 14.0, "NGAN": 0.0, "WA_SQ": 76.0, "OBJECTID": 365.0, "Area": 22718.784022200001, "MUBAN": "บ้านเพีย", "TAMBOL": null, "HOME_BAN_E": null, "TAM_CODE": null, "TAM_NAM_T": "น้ำไผ่", "AMPHOE_T": "น้ำปาด", "AMPHOE_E": null, "PROV_CODE": null, "PROV_NAM_T": "อุตรดิตถ์", "PROV_NAM_E": null, "NAME_EN": null, "TAM_NAM_E": null, "Plot_No1": 1012320003.9999999, "Shape_Le_1": 824.45559713299997, "TARGET_F_1": 375.0, "Shape_Leng": 824.90780756300001, "Shape_Area": 22718.786579600001, "Cal_Rai": 14.1992, "layer": "AP1103PIA06", "path": "/Users/ponteerasingto/project11/อุทยานแห่งชาติต้นสักใหญ่/ส่งกรม/Shapefile/1.SHAPEFILE/บ้านเพีย/AP1103PIA06.shp" }, "geometry": { "type": "MultiPolygon", "coordinates": [ [ [ [ 100.612044123988369, 17.542496306851131 ], [ 100.611719300368222, 17.542065107035196 ], [ 100.611774796055769, 17.541576930273632 ], [ 100.612218951756347, 17.541076028022697 ], [ 100.612514867967036, 17.541286948706748 ], [ 100.612794662397405, 17.540432308128846 ], [ 100.612274074153703, 17.540213661483765 ], [ 100.611194839414168, 17.540343820807667 ], [ 100.611409539006459, 17.541698863959429 ], [ 100.61138799997876, 17.542429999568636 ], [ 100.61135799958852, 17.542520000251358 ], [ 100.611970798124844, 17.54261969168698 ], [ 100.612044123988369, 17.542496306851131 ] ] ] ] } },
{ "type": "Feature", "properties": { "OBJECTID_1": 365, "TARGET_FID": "0", "NAME_DNP": "ต้นสักใหญ่", "CODE_DNP": 1103, "APAR_CODE": "11031011420001PIA6", "APAR_NO": "10114", "NUM_APAR": "20001", "SPAR_CODE": "11030001500001PIA6", "SPAR_NO": "00015", "NUM_SPAR": "00001", "PAR_BAN": "เพีย", "BAN_E": "PIA", "PAR_MOO": "6", "PAR_TAM": "น้ำไผ่", "PAR_AMP": "น้ำปาด", "PAR_PROV": "อุตรดิตถ์", "NAME_TITLE": "นางสาว", "SURNAME": "พากันหา", "IDCARD": "3420300083361", "HOME_NO": "72", "HOME_BAN": "บ้านเพีย", "HOME_MOO": "6", "HOME_TAM": "น้ำไผ่", "HOME_AMP": "น้ำปาด", "HOME_PROV": "อุตรดิตถ์", "REMARK": null, "BAN_TYPE": 0, "YEAR": "2563", "NAME_DNP_T": "อุทยานแห่งชาติ", "E": 673939.0, "N": 1940531.0, "NAME": "ลัดดาวัลย์", "PERIMETER": 772.11525921299994, "AREA_RAI": 20.134729933599999, "RAI": 20.0, "NGAN": 0.0, "WA_SQ": 52.0, "OBJECTID": 366.0, "Area": 32215.567893799998, "MUBAN": "บ้านเพีย", "TAMBOL": null, "HOME_BAN_E": null, "TAM_CODE": null, "TAM_NAM_T": "น้ำไผ่", "AMPHOE_T": "น้ำปาด", "AMPHOE_E": null, "PROV_CODE": null, "PROV_NAM_T": "อุตรดิตถ์", "PROV_NAM_E": null, "NAME_EN": null, "TAM_NAM_E": null, "Plot_No1": 1011420001.0000001, "Shape_Le_1": 773.76137032999998, "TARGET_F_1": 317.0, "Shape_Leng": 772.11529511699996, "Shape_Area": 32215.569607099998, "Cal_Rai": 20.1347, "layer": "AP1103PIA06", "path": "/Users/ponteerasingto/project11/อุทยานแห่งชาติต้นสักใหญ่/ส่งกรม/Shapefile/1.SHAPEFILE/บ้านเพีย/AP1103PIA06.shp" }, "geometry": { "type": "MultiPolygon", "coordinates": [ [ [ [ 100.637915945265348, 17.545219354848474 ], [ 100.638492747336755, 17.545620690614772 ], [ 100.63882864985618, 17.545854408388156 ], [ 100.639108733449646, 17.545082508900649 ], [ 100.639274294670145, 17.544371075366495 ], [ 100.639715935932841, 17.543512310500269 ], [ 100.639026821625947, 17.543212357915383 ], [ 100.638323218341327, 17.543344235451602 ], [ 100.638288600539894, 17.544033264101234 ], [ 100.637878862647455, 17.544754939157105 ], [ 100.637915945265348, 17.545219354848474 ] ] ] ] } },
{ "type": "Feature", "properties": { "OBJECTID_1": 366, "TARGET_FID": "0", "NAME_DNP": "ต้นสักใหญ่", "CODE_DNP": 1103, "APAR_CODE": "11031011420004PIA6", "APAR_NO": "10114", "NUM_APAR": "20004", "SPAR_CODE": "11030001500004PIA6", "SPAR_NO": "00015", "NUM_SPAR": "00004", "PAR_BAN": "เพีย", "BAN_E": "PIA", "PAR_MOO": "6", "PAR_TAM": "น้ำไผ่", "PAR_AMP": "น้ำปาด", "PAR_PROV": "อุตรดิตถ์", "NAME_TITLE": "นางสาว", "SURNAME": "มีโส", "IDCARD": "1530400007120", "HOME_NO": "4/2", "HOME_BAN": "บ้านเพีย", "HOME_MOO": "6", "HOME_TAM": "น้ำไผ่", "HOME_AMP": "น้ำปาด", "HOME_PROV": "อุตรดิตถ์", "REMARK": null, "BAN_TYPE": 0, "YEAR": "2563", "NAME_DNP_T": "อุทยานแห่งชาติ", "E": 673747.0, "N": 1940486.0, "NAME": "วรรยา", "PERIMETER": 516.216501419, "AREA_RAI": 8.6029349041300005, "RAI": 8.0, "NGAN": 2.0, "WA_SQ": 40.0, "OBJECTID": 367.0, "Area": 13764.6958466, "MUBAN": "บ้านเพีย", "TAMBOL": null, "HOME_BAN_E": null, "TAM_CODE": null, "TAM_NAM_T": "น้ำไผ่", "AMPHOE_T": "น้ำปาด", "AMPHOE_E": null, "PROV_CODE": null, "PROV_NAM_T": "อุตรดิตถ์", "PROV_NAM_E": null, "NAME_EN": null, "TAM_NAM_E": null, "Plot_No1": 1011420003.9999999, "Shape_Le_1": 516.216501419, "TARGET_F_1": 320.0, "Shape_Leng": 516.216501419, "Shape_Area": 13764.6958466, "Cal_Rai": 8.6029, "layer": "AP1103PIA06", "path": "/Users/ponteerasingto/project11/อุทยานแห่งชาติต้นสักใหญ่/ส่งกรม/Shapefile/1.SHAPEFILE/บ้านเพีย/AP1103PIA06.shp" }, "geometry": { "type": "MultiPolygon", "coordinates": [ [ [ [ 100.637471380436395, 17.544249714149746 ], [ 100.637392827434738, 17.543663801162836 ], [ 100.637392827434738, 17.543663801162836 ], [ 100.63743799962954, 17.543351000144238 ], [ 100.637079802059191, 17.543555294198381 ], [ 100.636546220247055, 17.543281917911639 ], [ 100.63642899966824, 17.543814000292372 ], [ 100.636296000230161, 17.544009000333784 ], [ 100.636222111720627, 17.544312772909255 ], [ 100.636956446442042, 17.544551731660533 ], [ 100.637282238321148, 17.54477842007211 ], [ 100.637471380436395, 17.544249714149746 ] ] ] ] } },
{ "type": "Feature", "properties": { "OBJECTID_1": 367, "TARGET_FID": "0", "NAME_DNP": "ต้นสักใหญ่", "CODE_DNP": 1103, "APAR_CODE": "11031012320006PIA6", "APAR_NO": "10123", "NUM_APAR": "20006", "SPAR_CODE": "11030001500060PIA6", "SPAR_NO": "00015", "NUM_SPAR": "00060", "PAR_BAN": "เพีย", "BAN_E": "PIA", "PAR_MOO": "6", "PAR_TAM": "น้ำไผ่", "PAR_AMP": "น้ำปาด", "PAR_PROV": "อุตรดิตถ์", "NAME_TITLE": "นาย", "SURNAME": "มาเสาะ", "IDCARD": "3530400301997", "HOME_NO": "36", "HOME_BAN": "บ้านเพีย", "HOME_MOO": "6", "HOME_TAM": "น้ำไผ่", "HOME_AMP": "น้ำปาด", "HOME_PROV": "อุตรดิตถ์", "REMARK": null, "BAN_TYPE": 0, "YEAR": "2563", "NAME_DNP_T": "อุทยานแห่งชาติ", "E": 671038.0, "N": 1939940.0, "NAME": "เทียนทอง", "PERIMETER": 474.50655516799998, "AREA_RAI": 8.0975125797099992, "RAI": 8.0, "NGAN": 0.0, "WA_SQ": 36.0, "OBJECTID": 368.0, "Area": 12956.0201275, "MUBAN": "บ้านเพีย", "TAMBOL": null, "HOME_BAN_E": null, "TAM_CODE": null, "TAM_NAM_T": "น้ำไผ่", "AMPHOE_T": "น้ำปาด", "AMPHOE_E": null, "PROV_CODE": null, "PROV_NAM_T": "อุตรดิตถ์", "PROV_NAM_E": null, "NAME_EN": null, "TAM_NAM_E": null, "Plot_No1": 1012320006.0, "Shape_Le_1": 474.35141594300001, "TARGET_F_1": 376.0, "Shape_Leng": 474.50655799899999, "Shape_Area": 12956.0208363, "Cal_Rai": 8.0975, "layer": "AP1103PIA06", "path": "/Users/ponteerasingto/project11/อุทยานแห่งชาติต้นสักใหญ่/ส่งกรม/Shapefile/1.SHAPEFILE/บ้านเพีย/AP1103PIA06.shp" }, "geometry": { "type": "MultiPolygon", "coordinates": [ [ [ [ 100.6108902589677, 17.538548659846281 ], [ 100.61076756955957, 17.539517572326538 ], [ 100.611359750759945, 17.539943836756411 ], [ 100.61215413959772, 17.539459584144243 ], [ 100.611925096465654, 17.539071847424044 ], [ 100.611489495670483, 17.539026087109519 ], [ 100.611321104761871, 17.538653892615535 ], [ 100.6108902589677, 17.538548659846281 ] ] ] ] } },
{ "type": "Feature", "properties": { "OBJECTID_1": 368, "TARGET_FID": "0", "NAME_DNP": "ต้นสักใหญ่", "CODE_DNP": 1103, "APAR_CODE": "11031011810006PIA6", "APAR_NO": "10118", "NUM_APAR": "10006", "SPAR_CODE": "11030001500020PIA6", "SPAR_NO": "00015", "NUM_SPAR": "00020", "PAR_BAN": "เพีย", "BAN_E": "PIA", "PAR_MOO": "6", "PAR_TAM": "น้ำไผ่", "PAR_AMP": "น้ำปาด", "PAR_PROV": "อุตรดิตถ์", "NAME_TITLE": "นางสาว", "SURNAME": "มาวัน", "IDCARD": "3530400269996", "HOME_NO": "4", "HOME_BAN": "บ้านเพีย", "HOME_MOO": "6", "HOME_TAM": "น้ำไผ่", "HOME_AMP": "น้ำปาด", "HOME_PROV": "อุตรดิตถ์", "REMARK": null, "BAN_TYPE": 0, "YEAR": "2563", "NAME_DNP_T": "อุทยานแห่งชาติ", "E": 672246.0, "N": 1939460.0, "NAME": "กฤษณา", "PERIMETER": 483.27374970699998, "AREA_RAI": 9.1319574883799994, "RAI": 9.0, "NGAN": 0.0, "WA_SQ": 52.0, "OBJECTID": 369.0, "Area": 14611.1319814, "MUBAN": "บ้านเพีย", "TAMBOL": null, "HOME_BAN_E": null, "TAM_CODE": null, "TAM_NAM_T": "น้ำไผ่", "AMPHOE_T": "น้ำปาด", "AMPHOE_E": null, "PROV_CODE": null, "PROV_NAM_T": "อุตรดิตถ์", "PROV_NAM_E": null, "NAME_EN": null, "TAM_NAM_E": null, "Plot_No1": 1011810006.0, "Shape_Le_1": 483.27374970699998, "TARGET_F_1": 336.0, "Shape_Leng": 483.27374970699998, "Shape_Area": 14611.1319814, "Cal_Rai": 9.132, "layer": "AP1103PIA06", "path": "/Users/ponteerasingto/project11/อุทยานแห่งชาติต้นสักใหญ่/ส่งกรม/Shapefile/1.SHAPEFILE/บ้านเพีย/AP1103PIA06.shp" }, "geometry": { "type": "MultiPolygon", "coordinates": [ [ [ [ 100.623429770247284, 17.535355494755226 ], [ 100.623322295442591, 17.534883018396481 ], [ 100.62284922716519, 17.534282576182697 ], [ 100.622180030016253, 17.534229231087551 ], [ 100.621855097844588, 17.534817187607334 ], [ 100.623121065680422, 17.535592961589938 ], [ 100.623429770247284, 17.535355494755226 ] ] ] ] } },
{ "type": "Feature", "properties": { "OBJECTID_1": 369, "TARGET_FID": "0", "NAME_DNP": "ต้นสักใหญ่", "CODE_DNP": 1103, "APAR_CODE": "11031012120022PIA6", "APAR_NO": "10121", "NUM_APAR": "20022", "SPAR_CODE": "11030001500047PIA6", "SPAR_NO": "00015", "NUM_SPAR": "00047", "PAR_BAN": "เพีย", "BAN_E": "PIA", "PAR_MOO": "6", "PAR_TAM": "น้ำไผ่", "PAR_AMP": "น้ำปาด", "PAR_PROV": "อุตรดิตถ์", "NAME_TITLE": "นางสาว", "SURNAME": "พากันหา", "IDCARD": "3530400270412", "HOME_NO": "57/2", "HOME_BAN": "บ้านเพีย", "HOME_MOO": "6", "HOME_TAM": "น้ำไผ่", "HOME_AMP": "น้ำปาด", "HOME_PROV": "อุตรดิตถ์", "REMARK": null, "BAN_TYPE": 0, "YEAR": "2563", "NAME_DNP_T": "อุทยานแห่งชาติ", "E": 671148.0, "N": 1938934.0, "NAME": "นุชจรินทร์", "PERIMETER": 997.805198991, "AREA_RAI": 24.984592297599999, "RAI": 24.0, "NGAN": 3.0, "WA_SQ": 92.0, "OBJECTID": 370.0, "Area": 39975.347676199999, "MUBAN": "บ้านเพีย", "TAMBOL": null, "HOME_BAN_E": null, "TAM_CODE": null, "TAM_NAM_T": "น้ำไผ่", "AMPHOE_T": "น้ำปาด", "AMPHOE_E": null, "PROV_CODE": null, "PROV_NAM_T": "อุตรดิตถ์", "PROV_NAM_E": null, "NAME_EN": null, "TAM_NAM_E": null, "Plot_No1": 1012120022.0, "Shape_Le_1": 997.805198991, "TARGET_F_1": 363.0, "Shape_Leng": 997.805198991, "Shape_Area": 39975.347676199999, "Cal_Rai": 24.9846, "layer": "AP1103PIA06", "path": "/Users/ponteerasingto/project11/อุทยานแห่งชาติต้นสักใหญ่/ส่งกรม/Shapefile/1.SHAPEFILE/บ้านเพีย/AP1103PIA06.shp" }, "geometry": { "type": "MultiPolygon", "coordinates": [ [ [ [ 100.611242087783751, 17.529231446227705 ], [ 100.611057523491795, 17.529110023362382 ], [ 100.610531475857655, 17.529334521194553 ], [ 100.610326347438786, 17.529662775183365 ], [ 100.611017767244078, 17.52979323473491 ], [ 100.61184761240898, 17.530353668001499 ], [ 100.611723221868274, 17.530852594384271 ], [ 100.612118200909066, 17.531324310054256 ], [ 100.612396624826019, 17.531410639929828 ], [ 100.612809356629185, 17.531538612886724 ], [ 100.613703274252373, 17.530641065170087 ], [ 100.613276999808974, 17.530357000401523 ], [ 100.612195576705631, 17.529266503205598 ], [ 100.611529256273613, 17.529580561133436 ], [ 100.611242087783751, 17.529231446227705 ] ] ] ] } },
{ "type": "Feature", "properties": { "OBJECTID_1": 370, "TARGET_FID": "0", "NAME_DNP": "ต้นสักใหญ่", "CODE_DNP": 1103, "APAR_CODE": "11031012120016PIA6", "APAR_NO": "10121", "NUM_APAR": "20016", "SPAR_CODE": "11030001500045PIA6", "SPAR_NO": "00015", "NUM_SPAR": "00045", "PAR_BAN": "เพีย", "BAN_E": "PIA", "PAR_MOO": "6", "PAR_TAM": "น้ำไผ่", "PAR_AMP": "น้ำปาด", "PAR_PROV": "อุตรดิตถ์", "NAME_TITLE": "นาย", "SURNAME": "มาวัน", "IDCARD": "3530400301661", "HOME_NO": "29", "HOME_BAN": "บ้านเพีย", "HOME_MOO": "6", "HOME_TAM": "น้ำไผ่", "HOME_AMP": "น้ำปาด", "HOME_PROV": "อุตรดิตถ์", "REMARK": null, "BAN_TYPE": 0, "YEAR": "2563", "NAME_DNP_T": "อุทยานแห่งชาติ", "E": 671165.0, "N": 1939432.0, "NAME": "ดัด", "PERIMETER": 912.53708092900001, "AREA_RAI": 24.4575804451, "RAI": 24.0, "NGAN": 1.0, "WA_SQ": 80.0, "OBJECTID": 371.0, "Area": 39132.128712199999, "MUBAN": "บ้านเพีย", "TAMBOL": null, "HOME_BAN_E": null, "TAM_CODE": null, "TAM_NAM_T": "น้ำไผ่", "AMPHOE_T": "น้ำปาด", "AMPHOE_E": null, "PROV_CODE": null, "PROV_NAM_T": "อุตรดิตถ์", "PROV_NAM_E": null, "NAME_EN": null, "TAM_NAM_E": null, "Plot_No1": 1012120016.0, "Shape_Le_1": 912.30284174600001, "TARGET_F_1": 361.0, "Shape_Leng": 912.53709865300004, "Shape_Area": 39132.127149899999, "Cal_Rai": 24.4576, "layer": "AP1103PIA06", "path": "/Users/ponteerasingto/project11/อุทยานแห่งชาติต้นสักใหญ่/ส่งกรม/Shapefile/1.SHAPEFILE/บ้านเพีย/AP1103PIA06.shp" }, "geometry": { "type": "MultiPolygon", "coordinates": [ [ [ [ 100.613044000043217, 17.535854999957699 ], [ 100.613695966301208, 17.535835173489005 ], [ 100.613766258133921, 17.535588039863431 ], [ 100.613729315519222, 17.535307922986878 ], [ 100.613326756811901, 17.534808826155906 ], [ 100.613337182511003, 17.534287058289024 ], [ 100.612146061025072, 17.533597914245767 ], [ 100.611354000096142, 17.533487000049217 ], [ 100.611063752700403, 17.533793199432566 ], [ 100.610915999643382, 17.534432000342587 ], [ 100.611709419845553, 17.534665376926338 ], [ 100.612130884650611, 17.534982318070323 ], [ 100.612374707217839, 17.53493729987192 ], [ 100.612582929663333, 17.535375514551482 ], [ 100.612752292493468, 17.535364573352194 ], [ 100.61288402660972, 17.535607363403923 ], [ 100.613044000043217, 17.535854999957699 ] ] ] ] } },
{ "type": "Feature", "properties": { "OBJECTID_1": 371, "TARGET_FID": "0", "NAME_DNP": "ต้นสักใหญ่", "CODE_DNP": 1103, "APAR_CODE": "11031012120010PIA6", "APAR_NO": "10121", "NUM_APAR": "20010", "SPAR_CODE": "11030001500044PIA6", "SPAR_NO": "00015", "NUM_SPAR": "00044", "PAR_BAN": "เพีย", "BAN_E": "PIA", "PAR_MOO": "6", "PAR_TAM": "น้ำไผ่", "PAR_AMP": "น้ำปาด", "PAR_PROV": "อุตรดิตถ์", "NAME_TITLE": "นาย", "SURNAME": "มาวัน", "IDCARD": "3530400270714", "HOME_NO": "11", "HOME_BAN": "บ้านเพีย", "HOME_MOO": "6", "HOME_TAM": "น้ำไผ่", "HOME_AMP": "น้ำปาด", "HOME_PROV": "อุตรดิตถ์", "REMARK": null, "BAN_TYPE": 0, "YEAR": "2563", "NAME_DNP_T": "อุทยานแห่งชาติ", "E": 671160.0, "N": 1939581.0, "NAME": "บุญสุวรรณ์", "PERIMETER": 890.28133147899996, "AREA_RAI": 25.492600812500001, "RAI": 25.0, "NGAN": 1.0, "WA_SQ": 96.0, "OBJECTID": 372.0, "Area": 40788.1613, "MUBAN": "บ้านเพีย", "TAMBOL": null, "HOME_BAN_E": null, "TAM_CODE": null, "TAM_NAM_T": "น้ำไผ่", "AMPHOE_T": "น้ำปาด", "AMPHOE_E": null, "PROV_CODE": null, "PROV_NAM_T": "อุตรดิตถ์", "PROV_NAM_E": null, "NAME_EN": null, "TAM_NAM_E": null, "Plot_No1": 1012120010.0, "Shape_Le_1": 890.28133147899996, "TARGET_F_1": 360.0, "Shape_Leng": 890.28133147899996, "Shape_Area": 40788.1613, "Cal_Rai": 25.4926, "layer": "AP1103PIA06", "path": "/Users/ponteerasingto/project11/อุทยานแห่งชาติต้นสักใหญ่/ส่งกรม/Shapefile/1.SHAPEFILE/บ้านเพีย/AP1103PIA06.shp" }, "geometry": { "type": "MultiPolygon", "coordinates": [ [ [ [ 100.6139767744843, 17.536806200542152 ], [ 100.613695966301208, 17.535835173489005 ], [ 100.613044000043217, 17.535854999957699 ], [ 100.61288402660972, 17.535607363403923 ], [ 100.612752292493468, 17.535364573352194 ], [ 100.612582929663333, 17.535375514551482 ], [ 100.612374707217839, 17.53493729987192 ], [ 100.612130884650611, 17.534982318070323 ], [ 100.611709419845553, 17.534665376926338 ], [ 100.611487846595026, 17.534814578775144 ], [ 100.611505362357548, 17.536182562126179 ], [ 100.612030034882523, 17.53698310824441 ], [ 100.6139767744843, 17.536806200542152 ] ] ] ] } },
{ "type": "Feature", "properties": { "OBJECTID_1": 372, "TARGET_FID": "0", "NAME_DNP": "ต้นสักใหญ่", "CODE_DNP": 1103, "APAR_CODE": "11031012120002PIA6", "APAR_NO": "10121", "NUM_APAR": "20002", "SPAR_CODE": "11030001500028PIA6", "SPAR_NO": "00015", "NUM_SPAR": "00028", "PAR_BAN": "เพีย", "BAN_E": "PIA", "PAR_MOO": "6", "PAR_TAM": "น้ำไผ่", "PAR_AMP": "น้ำปาด", "PAR_PROV": "อุตรดิตถ์", "NAME_TITLE": "นาย", "SURNAME": "มาปัด", "IDCARD": "3530400301873", "HOME_NO": "60/1", "HOME_BAN": "บ้านเพีย", "HOME_MOO": "6", "HOME_TAM": "น้ำไผ่", "HOME_AMP": "น้ำปาด", "HOME_PROV": "อุตรดิตถ์", "REMARK": null, "BAN_TYPE": 0, "YEAR": "2563", "NAME_DNP_T": "อุทยานแห่งชาติ", "E": 671786.0, "N": 1940044.0, "NAME": "บุญส่ง", "PERIMETER": 600.40558823900005, "AREA_RAI": 10.150916068000001, "RAI": 10.0, "NGAN": 0.0, "WA_SQ": 60.0, "OBJECTID": 373.0, "Area": 16241.4657088, "MUBAN": "บ้านเพีย", "TAMBOL": null, "HOME_BAN_E": null, "TAM_CODE": null, "TAM_NAM_T": "น้ำไผ่", "AMPHOE_T": "น้ำปาด", "AMPHOE_E": null, "PROV_CODE": null, "PROV_NAM_T": "อุตรดิตถ์", "PROV_NAM_E": null, "NAME_EN": null, "TAM_NAM_E": null, "Plot_No1": 1012120002.0, "Shape_Le_1": 600.40558823900005, "TARGET_F_1": 344.0, "Shape_Leng": 600.40558823900005, "Shape_Area": 16241.4657088, "Cal_Rai": 10.1509, "layer": "AP1103PIA06", "path": "/Users/ponteerasingto/project11/อุทยานแห่งชาติต้นสักใหญ่/ส่งกรม/Shapefile/1.SHAPEFILE/บ้านเพีย/AP1103PIA06.shp" }, "geometry": { "type": "MultiPolygon", "coordinates": [ [ [ [ 100.618560522541117, 17.541093599155815 ], [ 100.619205194346094, 17.539148870846795 ], [ 100.618444976041957, 17.539684673274881 ], [ 100.617628902980371, 17.53980362056323 ], [ 100.617774085159212, 17.540157562696681 ], [ 100.617920084708089, 17.540674562446743 ], [ 100.618436390666034, 17.541099087053489 ], [ 100.618560522541117, 17.541093599155815 ] ] ] ] } },
{ "type": "Feature", "properties": { "OBJECTID_1": 373, "TARGET_FID": "0", "NAME_DNP": "ต้นสักใหญ่", "CODE_DNP": 1103, "APAR_CODE": "11031012320007PIA6", "APAR_NO": "10123", "NUM_APAR": "20007", "SPAR_CODE": "11030001500062PIA6", "SPAR_NO": "00015", "NUM_SPAR": "00062", "PAR_BAN": "เพีย", "BAN_E": "PIA", "PAR_MOO": "6", "PAR_TAM": "น้ำไผ่", "PAR_AMP": "น้ำปาด", "PAR_PROV": "อุตรดิตถ์", "NAME_TITLE": "นาย", "SURNAME": "เสนาจันทร์", "IDCARD": "3530400270145", "HOME_NO": "6", "HOME_BAN": "บ้านเพีย", "HOME_MOO": "6", "HOME_TAM": "น้ำไผ่", "HOME_AMP": "น้ำปาด", "HOME_PROV": "อุตรดิตถ์", "REMARK": "ขาดเอกสาร", "BAN_TYPE": 0, "YEAR": "2563", "NAME_DNP_T": "อุทยานแห่งชาติ", "E": 670830.0, "N": 1940249.0, "NAME": "ทำมา", "PERIMETER": 504.06102887399999, "AREA_RAI": 8.4040091836500004, "RAI": 8.0, "NGAN": 1.0, "WA_SQ": 60.0, "OBJECTID": 374.0, "Area": 13446.414693799999, "MUBAN": "บ้านเพีย", "TAMBOL": null, "HOME_BAN_E": null, "TAM_CODE": null, "TAM_NAM_T": "น้ำไผ่", "AMPHOE_T": "น้ำปาด", "AMPHOE_E": null, "PROV_CODE": null, "PROV_NAM_T": "อุตรดิตถ์", "PROV_NAM_E": null, "NAME_EN": null, "TAM_NAM_E": null, "Plot_No1": 1012320006.9999999, "Shape_Le_1": 503.20064114299998, "TARGET_F_1": 378.0, "Shape_Leng": 504.061023879, "Shape_Area": 13446.4146573, "Cal_Rai": 8.404, "layer": "AP1103PIA06", "path": "/Users/ponteerasingto/project11/อุทยานแห่งชาติต้นสักใหญ่/ส่งกรม/Shapefile/1.SHAPEFILE/บ้านเพีย/AP1103PIA06.shp" }, "geometry": { "type": "MultiPolygon", "coordinates": [ [ [ [ 100.609043891350524, 17.542438352126421 ], [ 100.609514835817933, 17.542609547867894 ], [ 100.610441495751957, 17.542602017485294 ], [ 100.610090439009596, 17.542200308642784 ], [ 100.609497607431706, 17.541669583997052 ], [ 100.609227462123258, 17.541557019830719 ], [ 100.608911913409628, 17.54138266269748 ], [ 100.608667902196117, 17.54157852432677 ], [ 100.608747016480123, 17.541900417386845 ], [ 100.608909829725903, 17.542265242574246 ], [ 100.609043891350524, 17.542438352126421 ] ] ] ] } },
{ "type": "Feature", "properties": { "OBJECTID_1": 374, "TARGET_FID": "0", "NAME_DNP": "ต้นสักใหญ่", "CODE_DNP": 1103, "APAR_CODE": "11031012120001PIA6", "APAR_NO": "10121", "NUM_APAR": "20001", "SPAR_CODE": "11030001500027PIA6", "SPAR_NO": "00015", "NUM_SPAR": "00027", "PAR_BAN": "เพีย", "BAN_E": "PIA", "PAR_MOO": "6", "PAR_TAM": "น้ำไผ่", "PAR_AMP": "น้ำปาด", "PAR_PROV": "อุตรดิตถ์", "NAME_TITLE": "นาย", "SURNAME": "มาวัน", "IDCARD": "3530400302055", "HOME_NO": "59", "HOME_BAN": "บ้านเพีย", "HOME_MOO": "6", "HOME_TAM": "น้ำไผ่", "HOME_AMP": "น้ำปาด", "HOME_PROV": "อุตรดิตถ์", "REMARK": "ขาดเอกสาร", "BAN_TYPE": 0, "YEAR": "2563", "NAME_DNP_T": "อุทยานแห่งชาติ", "E": 671721.0, "N": 1940132.0, "NAME": "ชริ", "PERIMETER": 297.00882635200003, "AREA_RAI": 2.3327494157, "RAI": 2.0, "NGAN": 1.0, "WA_SQ": 32.0, "OBJECTID": 375.0, "Area": 3732.3990651099998, "MUBAN": "บ้านเพีย", "TAMBOL": null, "HOME_BAN_E": null, "TAM_CODE": null, "TAM_NAM_T": "น้ำไผ่", "AMPHOE_T": "น้ำปาด", "AMPHOE_E": null, "PROV_CODE": null, "PROV_NAM_T": "อุตรดิตถ์", "PROV_NAM_E": null, "NAME_EN": null, "TAM_NAM_E": null, "Plot_No1": 1012120001.0000001, "Shape_Le_1": 292.39278298699998, "TARGET_F_1": 343.0, "Shape_Leng": 297.00881066, "Shape_Area": 3732.3960960200002, "Cal_Rai": 2.3327, "layer": "AP1103PIA06", "path": "/Users/ponteerasingto/project11/อุทยานแห่งชาติต้นสักใหญ่/ส่งกรม/Shapefile/1.SHAPEFILE/บ้านเพีย/AP1103PIA06.shp" }, "geometry": { "type": "MultiPolygon", "coordinates": [ [ [ [ 100.617235282371936, 17.541008526471753 ], [ 100.617238070101806, 17.541152061079298 ], [ 100.618436390666034, 17.541099087053489 ], [ 100.617920084708089, 17.540674562446743 ], [ 100.617235282371936, 17.541008526471753 ] ] ] ] } },
{ "type": "Feature", "properties": { "OBJECTID_1": 375, "TARGET_FID": "0", "NAME_DNP": "ต้นสักใหญ่", "CODE_DNP": 1103, "APAR_CODE": "11031011810008PIA6", "APAR_NO": "10118", "NUM_APAR": "10008", "SPAR_CODE": "11030001500022PIA6", "SPAR_NO": "00015", "NUM_SPAR": "00022", "PAR_BAN": "เพีย", "BAN_E": "PIA", "PAR_MOO": "6", "PAR_TAM": "น้ำไผ่", "PAR_AMP": "น้ำปาด", "PAR_PROV": "อุตรดิตถ์", "NAME_TITLE": "นาย", "SURNAME": "คำไวย์", "IDCARD": "3530400255928", "HOME_NO": "63/1", "HOME_BAN": "บ้านเพีย", "HOME_MOO": "6", "HOME_TAM": "น้ำไผ่", "HOME_AMP": "น้ำปาด", "HOME_PROV": "อุตรดิตถ์", "REMARK": null, "BAN_TYPE": 0, "YEAR": "2563", "NAME_DNP_T": "อุทยานแห่งชาติ", "E": 672281.0, "N": 1939150.0, "NAME": "ยก", "PERIMETER": 403.84513544499998, "AREA_RAI": 4.4421874900100002, "RAI": 4.0, "NGAN": 1.0, "WA_SQ": 76.0, "OBJECTID": 376.0, "Area": 7107.4999840099999, "MUBAN": "บ้านเพีย", "TAMBOL": null, "HOME_BAN_E": null, "TAM_CODE": null, "TAM_NAM_T": "น้ำไผ่", "AMPHOE_T": "น้ำปาด", "AMPHOE_E": null, "PROV_CODE": null, "PROV_NAM_T": "อุตรดิตถ์", "PROV_NAM_E": null, "NAME_EN": null, "TAM_NAM_E": null, "Plot_No1": 1011810008.0, "Shape_Le_1": 403.84513544499998, "TARGET_F_1": 338.0, "Shape_Leng": 403.84513544499998, "Shape_Area": 7107.4999840099999, "Cal_Rai": 4.4422, "layer": "AP1103PIA06", "path": "/Users/ponteerasingto/project11/อุทยานแห่งชาติต้นสักใหญ่/ส่งกรม/Shapefile/1.SHAPEFILE/บ้านเพีย/AP1103PIA06.shp" }, "geometry": { "type": "MultiPolygon", "coordinates": [ [ [ [ 100.622723648182003, 17.531835439612713 ], [ 100.622883227036212, 17.532229661354251 ], [ 100.622823925737194, 17.532442983726519 ], [ 100.622903683174926, 17.532809290477925 ], [ 100.623011295589293, 17.532867122998212 ], [ 100.62329850875858, 17.532475793656403 ], [ 100.623294525295364, 17.532028135437706 ], [ 100.623091921850801, 17.531611460242495 ], [ 100.623028378067744, 17.531347769146439 ], [ 100.62284375087026, 17.531231854293495 ], [ 100.622678274311568, 17.531548794344378 ], [ 100.622723648182003, 17.531835439612713 ] ] ] ] } },
{ "type": "Feature", "properties": { "OBJECTID_1": 376, "TARGET_FID": "0", "NAME_DNP": "ต้นสักใหญ่", "CODE_DNP": 1103, "APAR_CODE": "11031012110009PIA6", "APAR_NO": "10121", "NUM_APAR": "10009", "SPAR_CODE": "11030001500036PIA6", "SPAR_NO": "00015", "NUM_SPAR": "00036", "PAR_BAN": "เพีย", "BAN_E": "PIA", "PAR_MOO": "6", "PAR_TAM": "น้ำไผ่", "PAR_AMP": "น้ำปาด", "PAR_PROV": "อุตรดิตถ์", "NAME_TITLE": "นาย", "SURNAME": "มาวัน", "IDCARD": "1530400004741", "HOME_NO": "5/3", "HOME_BAN": "บ้านเพีย", "HOME_MOO": "6", "HOME_TAM": "น้ำไผ่", "HOME_AMP": "น้ำปาด", "HOME_PROV": "อุตรดิตถ์", "REMARK": null, "BAN_TYPE": 0, "YEAR": "2563", "NAME_DNP_T": "อุทยานแห่งชาติ", "E": 671344.0, "N": 1939458.0, "NAME": "อำนาจ", "PERIMETER": 526.68348315799994, "AREA_RAI": 8.4126076126899996, "RAI": 8.0, "NGAN": 1.0, "WA_SQ": 64.0, "OBJECTID": 377.0, "Area": 13460.1721803, "MUBAN": "บ้านเพีย", "TAMBOL": null, "HOME_BAN_E": null, "TAM_CODE": null, "TAM_NAM_T": "น้ำไผ่", "AMPHOE_T": "น้ำปาด", "AMPHOE_E": null, "PROV_CODE": null, "PROV_NAM_T": "อุตรดิตถ์", "PROV_NAM_E": null, "NAME_EN": null, "TAM_NAM_E": null, "Plot_No1": 1012110009.0000001, "Shape_Le_1": 526.68348315799994, "TARGET_F_1": 352.0, "Shape_Leng": 526.68348315799994, "Shape_Area": 13460.1721803, "Cal_Rai": 8.4126, "layer": "AP1103PIA06", "path": "/Users/ponteerasingto/project11/อุทยานแห่งชาติต้นสักใหญ่/ส่งกรม/Shapefile/1.SHAPEFILE/บ้านเพีย/AP1103PIA06.shp" }, "geometry": { "type": "MultiPolygon", "coordinates": [ [ [ [ 100.61499067933994, 17.535120872040125 ], [ 100.61467699953738, 17.534997999722599 ], [ 100.614490230387361, 17.534599041867903 ], [ 100.614367999694707, 17.534050000431122 ], [ 100.614138392139438, 17.533865368924701 ], [ 100.613652047386026, 17.534722014387516 ], [ 100.613729315519222, 17.535307922986878 ], [ 100.614210583671934, 17.535280240103461 ], [ 100.614420277484896, 17.5355463025784 ], [ 100.614753627816143, 17.535367622731236 ], [ 100.614936962041227, 17.535358478770245 ], [ 100.61499067933994, 17.535120872040125 ] ] ] ] } },
{ "type": "Feature", "properties": { "OBJECTID_1": 377, "TARGET_FID": "0", "NAME_DNP": "ต้นสักใหญ่", "CODE_DNP": 1103, "APAR_CODE": "11031012110021PIA6", "APAR_NO": "10121", "NUM_APAR": "10021", "SPAR_CODE": "11030001500049PIA6", "SPAR_NO": "00015", "NUM_SPAR": "00049", "PAR_BAN": "เพีย", "BAN_E": "PIA", "PAR_MOO": "6", "PAR_TAM": "น้ำไผ่", "PAR_AMP": "น้ำปาด", "PAR_PROV": "อุตรดิตถ์", "NAME_TITLE": "นาย", "SURNAME": "พากันหา", "IDCARD": "5530401028255", "HOME_NO": "49/2", "HOME_BAN": "บ้านเพีย", "HOME_MOO": "6", "HOME_TAM": "น้ำไผ่", "HOME_AMP": "น้ำปาด", "HOME_PROV": "อุตรดิตถ์", "REMARK": null, "BAN_TYPE": 0, "YEAR": "2563", "NAME_DNP_T": "อุทยานแห่งชาติ", "E": 670879.0, "N": 1939250.0, "NAME": "คำ", "PERIMETER": 395.73886750600002, "AREA_RAI": 6.0426284513799997, "RAI": 6.0, "NGAN": 0.0, "WA_SQ": 16.0, "OBJECTID": 378.0, "Area": 9668.2055222100007, "MUBAN": "บ้านเพีย", "TAMBOL": null, "HOME_BAN_E": null, "TAM_CODE": null, "TAM_NAM_T": "น้ำไผ่", "AMPHOE_T": "น้ำปาด", "AMPHOE_E": null, "PROV_CODE": null, "PROV_NAM_T": "อุตรดิตถ์", "PROV_NAM_E": null, "NAME_EN": null, "TAM_NAM_E": null, "Plot_No1": 1012110021.0, "Shape_Le_1": 395.18039401300001, "TARGET_F_1": 365.0, "Shape_Leng": 395.738885337, "Shape_Area": 9668.20619506, "Cal_Rai": 6.0426, "layer": "AP1103PIA06", "path": "/Users/ponteerasingto/project11/อุทยานแห่งชาติต้นสักใหญ่/ส่งกรม/Shapefile/1.SHAPEFILE/บ้านเพีย/AP1103PIA06.shp" }, "geometry": { "type": "MultiPolygon", "coordinates": [ [ [ [ 100.609751212190361, 17.533498971605699 ], [ 100.610271777165408, 17.53328231228112 ], [ 100.610397876101061, 17.532661589110578 ], [ 100.610129643144248, 17.532601010718007 ], [ 100.609419052122632, 17.532671842489219 ], [ 100.609399654622109, 17.532967579108149 ], [ 100.609161083497256, 17.533404648536571 ], [ 100.609240639020911, 17.533552913504252 ], [ 100.609751212190361, 17.533498971605699 ] ] ] ] } },
{ "type": "Feature", "properties": { "OBJECTID_1": 378, "TARGET_FID": "0", "NAME_DNP": "ต้นสักใหญ่", "CODE_DNP": 1103, "APAR_CODE": "11031012110024PIA6", "APAR_NO": "10121", "NUM_APAR": "10024", "SPAR_CODE": "11030001500052PIA6", "SPAR_NO": "00015", "NUM_SPAR": "00052", "PAR_BAN": "เพีย", "BAN_E": "PIA", "PAR_MOO": "6", "PAR_TAM": "น้ำไผ่", "PAR_AMP": "น้ำปาด", "PAR_PROV": "อุตรดิตถ์", "NAME_TITLE": "นาย", "SURNAME": "บรรจง", "IDCARD": "3530400270609", "HOME_NO": "56/1", "HOME_BAN": "บ้านเพีย", "HOME_MOO": "6", "HOME_TAM": "น้ำไผ่", "HOME_AMP": "น้ำปาด", "HOME_PROV": "อุตรดิตถ์", "REMARK": null, "BAN_TYPE": 0, "YEAR": "2563", "NAME_DNP_T": "อุทยานแห่งชาติ", "E": 670814.0, "N": 1938879.0, "NAME": "ธนภัทร", "PERIMETER": 312.86287304400003, "AREA_RAI": 3.9438185346500001, "RAI": 3.0, "NGAN": 3.0, "WA_SQ": 76.0, "OBJECTID": 379.0, "Area": 6310.1096554400001, "MUBAN": "บ้านเพีย", "TAMBOL": null, "HOME_BAN_E": null, "TAM_CODE": null, "TAM_NAM_T": "น้ำไผ่", "AMPHOE_T": "น้ำปาด", "AMPHOE_E": null, "PROV_CODE": null, "PROV_NAM_T": "อุตรดิตถ์", "PROV_NAM_E": null, "NAME_EN": null, "TAM_NAM_E": null, "Plot_No1": 1012110024.0, "Shape_Le_1": 312.86287304400003, "TARGET_F_1": 368.0, "Shape_Leng": 312.86287304400003, "Shape_Area": 6310.1096554400001, "Cal_Rai": 3.9438, "layer": "AP1103PIA06", "path": "/Users/ponteerasingto/project11/อุทยานแห่งชาติต้นสักใหญ่/ส่งกรม/Shapefile/1.SHAPEFILE/บ้านเพีย/AP1103PIA06.shp" }, "geometry": { "type": "MultiPolygon", "coordinates": [ [ [ [ 100.609357440085162, 17.529977754305825 ], [ 100.609715503700883, 17.529774246471987 ], [ 100.609517474143487, 17.52935985261032 ], [ 100.609072900471773, 17.52941256336576 ], [ 100.608780740504585, 17.529515859359243 ], [ 100.608564451624048, 17.529691364211285 ], [ 100.608784031123761, 17.529941284691276 ], [ 100.608927023528409, 17.530104035974713 ], [ 100.609357440085162, 17.529977754305825 ] ] ] ] } },
{ "type": "Feature", "properties": { "OBJECTID_1": 379, "TARGET_FID": "0", "NAME_DNP": "ต้นสักใหญ่", "CODE_DNP": 1103, "APAR_CODE": "11031012310003PIA6", "APAR_NO": "10123", "NUM_APAR": "10003", "SPAR_CODE": "11030001500058PIA6", "SPAR_NO": "00015", "NUM_SPAR": "00058", "PAR_BAN": "เพีย", "BAN_E": "PIA", "PAR_MOO": "6", "PAR_TAM": "น้ำไผ่", "PAR_AMP": "น้ำปาด", "PAR_PROV": "อุตรดิตถ์", "NAME_TITLE": "นาง", "SURNAME": "บุญสอาด", "IDCARD": "3530400302357", "HOME_NO": "41/1", "HOME_BAN": "บ้านเพีย", "HOME_MOO": "6", "HOME_TAM": "น้ำไผ่", "HOME_AMP": "น้ำปาด", "HOME_PROV": "อุตรดิตถ์", "REMARK": null, "BAN_TYPE": 0, "YEAR": "2563", "NAME_DNP_T": "อุทยานแห่งชาติ", "E": 671118.0, "N": 1940214.0, "NAME": "ทวี", "PERIMETER": 378.91346857000002, "AREA_RAI": 5.2018381954099997, "RAI": 5.0, "NGAN": 0.0, "WA_SQ": 80.0, "OBJECTID": 380.0, "Area": 8322.9411126499999, "MUBAN": "บ้านเพีย", "TAMBOL": null, "HOME_BAN_E": null, "TAM_CODE": null, "TAM_NAM_T": "น้ำไผ่", "AMPHOE_T": "น้ำปาด", "AMPHOE_E": null, "PROV_CODE": null, "PROV_NAM_T": "อุตรดิตถ์", "PROV_NAM_E": null, "NAME_EN": null, "TAM_NAM_E": null, "Plot_No1": 1012310003.0, "Shape_Le_1": 378.62582047900003, "TARGET_F_1": 374.0, "Shape_Leng": 378.91345276700002, "Shape_Area": 8322.9405191900005, "Cal_Rai": 5.2018, "layer": "AP1103PIA06", "path": "/Users/ponteerasingto/project11/อุทยานแห่งชาติต้นสักใหญ่/ส่งกรม/Shapefile/1.SHAPEFILE/บ้านเพีย/AP1103PIA06.shp" }, "geometry": { "type": "MultiPolygon", "coordinates": [ [ [ [ 100.612514867967036, 17.541286948706748 ], [ 100.612218951756347, 17.541076028022697 ], [ 100.611774796055769, 17.541576930273632 ], [ 100.611719300368222, 17.542065107035196 ], [ 100.612044123988369, 17.542496306851131 ], [ 100.612260008871473, 17.542338908288077 ], [ 100.612277421928383, 17.542032680872484 ], [ 100.612528296847927, 17.541693252143812 ], [ 100.612514867967036, 17.541286948706748 ] ] ] ] } },
{ "type": "Feature", "properties": { "OBJECTID_1": 380, "TARGET_FID": "0", "NAME_DNP": "ต้นสักใหญ่", "CODE_DNP": 1103, "APAR_CODE": "11031011410003PIA6", "APAR_NO": "10114", "NUM_APAR": "10003", "SPAR_CODE": "11030001500003PIA6", "SPAR_NO": "00015", "NUM_SPAR": "00003", "PAR_BAN": "เพีย", "BAN_E": "PIA", "PAR_MOO": "6", "PAR_TAM": "น้ำไผ่", "PAR_AMP": "น้ำปาด", "PAR_PROV": "อุตรดิตถ์", "NAME_TITLE": "นางสาว", "SURNAME": "อุศรี", "IDCARD": "3530400032571", "HOME_NO": "5", "HOME_BAN": "บ้านเพีย", "HOME_MOO": "6", "HOME_TAM": "น้ำไผ่", "HOME_AMP": "น้ำปาด", "HOME_PROV": "อุตรดิตถ์", "REMARK": null, "BAN_TYPE": 0, "YEAR": "2563", "NAME_DNP_T": "อุทยานแห่งชาติ", "E": 673841.0, "N": 1940495.0, "NAME": "บุญมา", "PERIMETER": 283.29744541399998, "AREA_RAI": 3.33861908551, "RAI": 3.0, "NGAN": 1.0, "WA_SQ": 34.0, "OBJECTID": 381.0, "Area": 5341.79053681, "MUBAN": "บ้านเพีย", "TAMBOL": null, "HOME_BAN_E": null, "TAM_CODE": null, "TAM_NAM_T": "น้ำไผ่", "AMPHOE_T": "น้ำปาด", "AMPHOE_E": null, "PROV_CODE": null, "PROV_NAM_T": "อุตรดิตถ์", "PROV_NAM_E": null, "NAME_EN": null, "TAM_NAM_E": null, "Plot_No1": 1011410003.0, "Shape_Le_1": 283.05401877600002, "TARGET_F_1": 319.0, "Shape_Leng": 283.29739722800002, "Shape_Area": 5341.7897144500002, "Cal_Rai": 3.3386, "layer": "AP1103PIA06", "path": "/Users/ponteerasingto/project11/อุทยานแห่งชาติต้นสักใหญ่/ส่งกรม/Shapefile/1.SHAPEFILE/บ้านเพีย/AP1103PIA06.shp" }, "geometry": { "type": "MultiPolygon", "coordinates": [ [ [ [ 100.63830242936956, 17.543758006646708 ], [ 100.638323218341327, 17.543344235451602 ], [ 100.638149471907539, 17.543295362567505 ], [ 100.63743799962954, 17.543351000144238 ], [ 100.637392827434738, 17.543663801162836 ], [ 100.637663051991822, 17.543860401210509 ], [ 100.637980390270272, 17.543897942397592 ], [ 100.63830242936956, 17.543758006646708 ] ] ] ] } },
{ "type": "Feature", "properties": { "OBJECTID_1": 208, "TARGET_FID": "0", "NAME_DNP": "ต้นสักใหญ่", "CODE_DNP": 1103, "APAR_CODE": "11031007910004PKE4", "APAR_NO": "10079", "NUM_APAR": "10004", "SPAR_CODE": "11030000800001PKE4", "SPAR_NO": "00008", "NUM_SPAR": "00001", "PAR_BAN": "ปางเกลือ", "BAN_E": "PKE", "PAR_MOO": "4", "PAR_TAM": "น้ำไคร้", "PAR_AMP": "น้ำปาด", "PAR_PROV": "อุตรดิตถ์", "NAME_TITLE": "นาง", "SURNAME": "เกินพา", "IDCARD": "5530401028191", "HOME_NO": "15", "HOME_BAN": "ปางเกลือ", "HOME_MOO": "4", "HOME_TAM": "น้ำไคร้", "HOME_AMP": "น้ำปาด", "HOME_PROV": "อุตรดิตถ์", "REMARK": null, "BAN_TYPE": 0, "YEAR": "2563", "NAME_DNP_T": "อุทยานแห่งชาติ", "E": 670131.0, "N": 1951035.0, "NAME": "สมจิต", "PERIMETER": 328.59471111900001, "AREA_RAI": 3.5865944512599999, "RAI": 3.0, "NGAN": 2.0, "WA_SQ": 32.0, "OBJECTID": 209.0, "Area": 5738.5511220099997, "MUBAN": "ปางเกลือ", "TAMBOL": null, "HOME_BAN_E": null, "TAM_CODE": null, "TAM_NAM_T": "น้ำไคร้", "AMPHOE_T": "น้ำปาด", "AMPHOE_E": null, "PROV_CODE": null, "PROV_NAM_T": "อุตรดิตถ์", "PROV_NAM_E": null, "NAME_EN": null, "TAM_NAM_E": null, "Plot_No1": 1007910003.9999999, "Shape_Le_1": 328.11446993700002, "TARGET_F_1": 209.0, "Shape_Leng": 328.594676445, "Shape_Area": 5738.5486041900003, "Cal_Rai": 3.5866, "layer": "AP1103PKE04", "path": "/Users/ponteerasingto/project11/อุทยานแห่งชาติต้นสักใหญ่/ส่งกรม/Shapefile/1.SHAPEFILE/บ้านปางเกลือ/AP1103PKE04.shp" }, "geometry": { "type": "MultiPolygon", "coordinates": [ [ [ [ 100.604123490806003, 17.64003876876475 ], [ 100.604248611698381, 17.639762392046283 ], [ 100.603502565515555, 17.639095030799339 ], [ 100.603120836267877, 17.639622227849458 ], [ 100.604123490806003, 17.64003876876475 ] ] ] ] } },
{ "type": "Feature", "properties": { "OBJECTID_1": 209, "TARGET_FID": "0", "NAME_DNP": "ต้นสักใหญ่", "CODE_DNP": 1103, "APAR_CODE": "11031007910003PKE4", "APAR_NO": "10079", "NUM_APAR": "10003", "SPAR_CODE": "11030000800002PKE4", "SPAR_NO": "00008", "NUM_SPAR": "00002", "PAR_BAN": "ปางเกลือ", "BAN_E": "PKE", "PAR_MOO": "4", "PAR_TAM": "น้ำไคร้", "PAR_AMP": "น้ำปาด", "PAR_PROV": "อุตรดิตถ์", "NAME_TITLE": "นาง", "SURNAME": "วันเกลี้ยง", "IDCARD": "3530400221861", "HOME_NO": "7", "HOME_BAN": "ปางเกลือ", "HOME_MOO": "4", "HOME_TAM": "น้ำไคร้", "HOME_AMP": "น้ำปาด", "HOME_PROV": "อุตรดิตถ์", "REMARK": null, "BAN_TYPE": 0, "YEAR": "2563", "NAME_DNP_T": "อุทยานแห่งชาติ", "E": 670042.0, "N": 1950997.0, "NAME": "เสลี่ยม", "PERIMETER": 385.56476684400002, "AREA_RAI": 6.1337401848499997, "RAI": 6.0, "NGAN": 0.0, "WA_SQ": 52.0, "OBJECTID": 210.0, "Area": 9813.9842957599994, "MUBAN": "ปางเกลือ", "TAMBOL": null, "HOME_BAN_E": null, "TAM_CODE": null, "TAM_NAM_T": "น้ำไคร้", "AMPHOE_T": "น้ำปาด", "AMPHOE_E": "NAMPAT", "PROV_CODE": "53", "PROV_NAM_T": "อุตรดิตถ์", "PROV_NAM_E": "Uttaradit", "NAME_EN": "Ton Sak Yai", "TAM_NAM_E": "NAMPAT", "Plot_No1": 1007910003.0, "Shape_Le_1": 385.56476684400002, "TARGET_F_1": 210.0, "Shape_Leng": 385.56476684400002, "Shape_Area": 9813.9842957599994, "Cal_Rai": 6.1337, "layer": "AP1103PKE04", "path": "/Users/ponteerasingto/project11/อุทยานแห่งชาติต้นสักใหญ่/ส่งกรม/Shapefile/1.SHAPEFILE/บ้านปางเกลือ/AP1103PKE04.shp" }, "geometry": { "type": "MultiPolygon", "coordinates": [ [ [ [ 100.603120836267877, 17.639622227849458 ], [ 100.603502565515555, 17.639095030799339 ], [ 100.603502565515555, 17.639095030799339 ], [ 100.602709612422558, 17.638639663259649 ], [ 100.602376492740774, 17.639111031153849 ], [ 100.60244218126499, 17.639727141991951 ], [ 100.602874203984967, 17.639856793536314 ], [ 100.603120836267877, 17.639622227849458 ] ] ] ] } },
{ "type": "Feature", "properties": { "OBJECTID_1": 210, "TARGET_FID": "0", "NAME_DNP": "ต้นสักใหญ่", "CODE_DNP": 1103, "APAR_CODE": "11031007910001PKE4", "APAR_NO": "10079", "NUM_APAR": "10001", "SPAR_CODE": "11030000800004PKE4", "SPAR_NO": "00008", "NUM_SPAR": "00004", "PAR_BAN": "ปางเกลือ", "BAN_E": "PKE", "PAR_MOO": "4", "PAR_TAM": "น้ำไคร้", "PAR_AMP": "น้ำปาด", "PAR_PROV": "อุตรดิตถ์", "NAME_TITLE": "นาง", "SURNAME": "เกินพา", "IDCARD": "5530401028191", "HOME_NO": "15", "HOME_BAN": "ปางเกลือ", "HOME_MOO": "4", "HOME_TAM": "น้ำไคร้", "HOME_AMP": "น้ำปาด", "HOME_PROV": "อุตรดิตถ์", "REMARK": null, "BAN_TYPE": 0, "YEAR": "2563", "NAME_DNP_T": "อุทยานแห่งชาติ", "E": 669867.0, "N": 1950883.0, "NAME": "สมจิต", "PERIMETER": 354.12266817900002, "AREA_RAI": 4.2352573207099997, "RAI": 4.0, "NGAN": 0.0, "WA_SQ": 92.0, "OBJECTID": 211.0, "Area": 6776.4117131399998, "MUBAN": "ปางเกลือ", "TAMBOL": null, "HOME_BAN_E": null, "TAM_CODE": null, "TAM_NAM_T": "น้ำไคร้", "AMPHOE_T": "น้ำปาด", "AMPHOE_E": null, "PROV_CODE": null, "PROV_NAM_T": "อุตรดิตถ์", "PROV_NAM_E": null, "NAME_EN": null, "TAM_NAM_E": null, "Plot_No1": 1007910001.0000001, "Shape_Le_1": 352.93343365200002, "TARGET_F_1": 212.0, "Shape_Leng": 354.12274291699998, "Shape_Area": 6776.4130249500004, "Cal_Rai": 4.2353, "layer": "AP1103PKE04", "path": "/Users/ponteerasingto/project11/อุทยานแห่งชาติต้นสักใหญ่/ส่งกรม/Shapefile/1.SHAPEFILE/บ้านปางเกลือ/AP1103PKE04.shp" }, "geometry": { "type": "MultiPolygon", "coordinates": [ [ [ [ 100.601862834080009, 17.638270532449763 ], [ 100.601107736135887, 17.637939299628886 ], [ 100.600946276945422, 17.637870976935336 ], [ 100.600622464105953, 17.63786416239207 ], [ 100.600687810101533, 17.638376941487198 ], [ 100.601027854305258, 17.638464542087817 ], [ 100.601683173547968, 17.638648112190186 ], [ 100.601862834080009, 17.638270532449763 ] ] ] ] } },
{ "type": "Feature", "properties": { "OBJECTID_1": 211, "TARGET_FID": "0", "NAME_DNP": "ต้นสักใหญ่", "CODE_DNP": 1103, "APAR_CODE": "11031007910002PKE4", "APAR_NO": "10079", "NUM_APAR": "10002", "SPAR_CODE": "11030000800003PKE4", "SPAR_NO": "00008", "NUM_SPAR": "00003", "PAR_BAN": "ปางเกลือ", "BAN_E": "PKE", "PAR_MOO": "4", "PAR_TAM": "น้ำไคร้", "PAR_AMP": "น้ำปาด", "PAR_PROV": "อุตรดิตถ์", "NAME_TITLE": "นาย", "SURNAME": "จำปาดี", "IDCARD": "3530400030942", "HOME_NO": "28/3", "HOME_BAN": "ปางเกลือ", "HOME_MOO": "4", "HOME_TAM": "น้ำไคร้", "HOME_AMP": "น้ำปาด", "HOME_PROV": "อุตรดิตถ์", "REMARK": null, "BAN_TYPE": 0, "YEAR": "2563", "NAME_DNP_T": "อุทยานแห่งชาติ", "E": 669965.0, "N": 1950940.0, "NAME": "ลออ", "PERIMETER": 322.95261949399998, "AREA_RAI": 4.3148523617399999, "RAI": 4.0, "NGAN": 1.0, "WA_SQ": 24.0, "OBJECTID": 212.0, "Area": 6903.7637787900003, "MUBAN": "ปางเกลือ", "TAMBOL": null, "HOME_BAN_E": null, "TAM_CODE": null, "TAM_NAM_T": "น้ำไคร้", "AMPHOE_T": "น้ำปาด", "AMPHOE_E": null, "PROV_CODE": null, "PROV_NAM_T": "อุตรดิตถ์", "PROV_NAM_E": null, "NAME_EN": null, "TAM_NAM_E": null, "Plot_No1": 1007910002.0, "Shape_Le_1": 322.95261949399998, "TARGET_F_1": 211.0, "Shape_Leng": 322.95261949399998, "Shape_Area": 6903.7637787900003, "Cal_Rai": 4.3149, "layer": "AP1103PKE04", "path": "/Users/ponteerasingto/project11/อุทยานแห่งชาติต้นสักใหญ่/ส่งกรม/Shapefile/1.SHAPEFILE/บ้านปางเกลือ/AP1103PKE04.shp" }, "geometry": { "type": "MultiPolygon", "coordinates": [ [ [ [ 100.602006680919729, 17.639203985155028 ], [ 100.602376492740774, 17.639111031153849 ], [ 100.602709612422558, 17.638639663259649 ], [ 100.601862834080009, 17.638270532449763 ], [ 100.601683914058384, 17.638652565475329 ], [ 100.601710983794376, 17.638925229474253 ], [ 100.602006680919729, 17.639203985155028 ] ] ] ] } },
{ "type": "Feature", "properties": { "OBJECTID_1": 212, "TARGET_FID": "0", "NAME_DNP": "ต้นสักใหญ่", "CODE_DNP": 1103, "APAR_CODE": "11031008010001PKE4", "APAR_NO": "10080", "NUM_APAR": "10001", "SPAR_CODE": "11030000800005PKE4", "SPAR_NO": "00008", "NUM_SPAR": "00005", "PAR_BAN": "ปางเกลือ", "BAN_E": "PKE", "PAR_MOO": "4", "PAR_TAM": "น้ำไคร้", "PAR_AMP": "น้ำปาด", "PAR_PROV": "อุตรดิตถ์", "NAME_TITLE": "นาย", "SURNAME": "มีสอน", "IDCARD": "3530400031345", "HOME_NO": "40/1", "HOME_BAN": "ห้วยหูด", "HOME_MOO": "3", "HOME_TAM": "แสนตอ", "HOME_AMP": "น้ำปาด", "HOME_PROV": "อุตรดิตถ์", "REMARK": null, "BAN_TYPE": 0, "YEAR": "2563", "NAME_DNP_T": "อุทยานแห่งชาติ", "E": 670192.0, "N": 1950561.0, "NAME": "สงบ", "PERIMETER": 692.52223434400003, "AREA_RAI": 12.2261674486, "RAI": 12.0, "NGAN": 0.0, "WA_SQ": 88.0, "OBJECTID": 213.0, "Area": 19561.867917799998, "MUBAN": "ห้วยหูด", "TAMBOL": null, "HOME_BAN_E": null, "TAM_CODE": null, "TAM_NAM_T": "น้ำไคร้", "AMPHOE_T": "น้ำปาด", "AMPHOE_E": null, "PROV_CODE": null, "PROV_NAM_T": "อุตรดิตถ์", "PROV_NAM_E": null, "NAME_EN": null, "TAM_NAM_E": null, "Plot_No1": 1008010001.0000001, "Shape_Le_1": 690.37329228900001, "TARGET_F_1": 213.0, "Shape_Leng": 692.52228537899998, "Shape_Area": 19561.8702433, "Cal_Rai": 12.2262, "layer": "AP1103PKE04", "path": "/Users/ponteerasingto/project11/อุทยานแห่งชาติต้นสักใหญ่/ส่งกรม/Shapefile/1.SHAPEFILE/บ้านปางเกลือ/AP1103PKE04.shp" }, "geometry": { "type": "MultiPolygon", "coordinates": [ [ [ [ 100.603717740357993, 17.635572442148685 ], [ 100.604164776774184, 17.636089790107 ], [ 100.604913108073845, 17.635996338181563 ], [ 100.605541912497316, 17.635702064369415 ], [ 100.605856975442933, 17.635025531689518 ], [ 100.605514904897703, 17.634780604355491 ], [ 100.605301651676285, 17.634782027865064 ], [ 100.604634994362627, 17.635566235970174 ], [ 100.604111727861536, 17.63481161398968 ], [ 100.603797457884099, 17.635033734003262 ], [ 100.603717740357993, 17.635572442148685 ] ] ] ] } },
{ "type": "Feature", "properties": { "OBJECTID_1": 224, "TARGET_FID": "0", "NAME_DNP": "ต้นสักใหญ่", "CODE_DNP": 1103, "APAR_CODE": "11031008610001PKM8", "APAR_NO": "10086", "NUM_APAR": "10001", "SPAR_CODE": "11030001100003PKM8", "SPAR_NO": "00011", "NUM_SPAR": "00003", "PAR_BAN": "ปางขามป้อม", "BAN_E": "PKM", "PAR_MOO": "8", "PAR_TAM": "น้ำไผ่", "PAR_AMP": "น้ำปาด", "PAR_PROV": "อุตรดิตถ์", "NAME_TITLE": "นาย", "SURNAME": "คำปาน", "IDCARD": "3530400259401", "HOME_NO": "44/2", "HOME_BAN": "ปางขามป้อม", "HOME_MOO": "8", "HOME_TAM": "น้ำไผ่", "HOME_AMP": "น้ำปาด", "HOME_PROV": "อุตรดิตถ์", "REMARK": null, "BAN_TYPE": 0, "YEAR": "2563", "NAME_DNP_T": "อุทยานแห่งชาติ", "E": 677924.0, "N": 1948646.0, "NAME": "มานะ", "PERIMETER": 405.31842487, "AREA_RAI": 6.0918369910300001, "RAI": 6.0, "NGAN": 0.0, "WA_SQ": 36.0, "OBJECTID": 225.0, "Area": 9746.9391856500006, "MUBAN": "ปางขามป้อม", "TAMBOL": null, "HOME_BAN_E": null, "TAM_CODE": null, "TAM_NAM_T": "น้ำไผ่", "AMPHOE_T": "น้ำปาด", "AMPHOE_E": null, "PROV_CODE": null, "PROV_NAM_T": "อุตรดิตถ์", "PROV_NAM_E": null, "NAME_EN": null, "TAM_NAM_E": null, "Plot_No1": 1008610001.0000001, "Shape_Le_1": 405.31842487, "TARGET_F_1": 227.0, "Shape_Leng": 405.31842487, "Shape_Area": 9746.9391856500006, "Cal_Rai": 6.0918, "layer": "AP1103PKM08", "path": "/Users/ponteerasingto/project11/อุทยานแห่งชาติต้นสักใหญ่/ส่งกรม/Shapefile/1.SHAPEFILE/บ้านปางขามป้อม/AP1103PKM08.shp" }, "geometry": { "type": "MultiPolygon", "coordinates": [ [ [ [ 100.677381239547529, 17.617480946373174 ], [ 100.677093763985667, 17.616823766379436 ], [ 100.676647001295521, 17.616692639507171 ], [ 100.676514202772722, 17.617190392981545 ], [ 100.676797175329213, 17.618135315965894 ], [ 100.677080938875307, 17.618153823551616 ], [ 100.677381239547529, 17.617480946373174 ] ] ] ] } },
{ "type": "Feature", "properties": { "OBJECTID_1": 225, "TARGET_FID": "0", "NAME_DNP": "ต้นสักใหญ่", "CODE_DNP": 1103, "APAR_CODE": "11031009010001PKM8", "APAR_NO": "10090", "NUM_APAR": "10001", "SPAR_CODE": "11030001100008PKM8", "SPAR_NO": "00011", "NUM_SPAR": "00008", "PAR_BAN": "ปางขามป้อม", "BAN_E": "PKM", "PAR_MOO": "8", "PAR_TAM": "น้ำไผ่", "PAR_AMP": "น้ำปาด", "PAR_PROV": "อุตรดิตถ์", "NAME_TITLE": "นาย", "SURNAME": "ทอนแสง", "IDCARD": "3530400260751", "HOME_NO": "29/2", "HOME_BAN": "ปางขามป้อม", "HOME_MOO": "8", "HOME_TAM": "น้ำไผ่", "HOME_AMP": "น้ำปาด", "HOME_PROV": "อุตรดิตถ์", "REMARK": null, "BAN_TYPE": 0, "YEAR": "2563", "NAME_DNP_T": "อุทยานแห่งชาติ", "E": 676745.0, "N": 1947128.0, "NAME": "บรรพต", "PERIMETER": 290.44683808299999, "AREA_RAI": 2.8766689425199998, "RAI": 2.0, "NGAN": 3.0, "WA_SQ": 48.0, "OBJECTID": 226.0, "Area": 4602.6703080400002, "MUBAN": "ปางขามป้อม", "TAMBOL": null, "HOME_BAN_E": null, "TAM_CODE": null, "TAM_NAM_T": "น้ำไผ่", "AMPHOE_T": "น้ำปาด", "AMPHOE_E": null, "PROV_CODE": null, "PROV_NAM_T": "อุตรดิตถ์", "PROV_NAM_E": null, "NAME_EN": null, "TAM_NAM_E": null, "Plot_No1": 1009010001.0000001, "Shape_Le_1": 292.39758128, "TARGET_F_1": 232.0, "Shape_Leng": 290.44685697, "Shape_Area": 4602.6713756099998, "Cal_Rai": 2.8767, "layer": "AP1103PKM08", "path": "/Users/ponteerasingto/project11/อุทยานแห่งชาติต้นสักใหญ่/ส่งกรม/Shapefile/1.SHAPEFILE/บ้านปางขามป้อม/AP1103PKM08.shp" }, "geometry": { "type": "MultiPolygon", "coordinates": [ [ [ [ 100.665527575036265, 17.603314183094607 ], [ 100.665396168350298, 17.603477702774693 ], [ 100.665455632095501, 17.604237886472603 ], [ 100.666203492382309, 17.603841607550645 ], [ 100.665993702837611, 17.603660531311323 ], [ 100.665527575036265, 17.603314183094607 ] ] ] ] } },
{ "type": "Feature", "properties": { "OBJECTID_1": 226, "TARGET_FID": "0", "NAME_DNP": "ต้นสักใหญ่", "CODE_DNP": 1103, "APAR_CODE": "11031009020002PKM8", "APAR_NO": "10090", "NUM_APAR": "20002", "SPAR_CODE": "11030001100009PKM8", "SPAR_NO": "00011", "NUM_SPAR": "00009", "PAR_BAN": "ปางขามป้อม", "BAN_E": "PKM", "PAR_MOO": "8", "PAR_TAM": "น้ำไผ่", "PAR_AMP": "น้ำปาด", "PAR_PROV": "อุตรดิตถ์", "NAME_TITLE": "นาย", "SURNAME": "ทอนแสง", "IDCARD": "1530400035123", "HOME_NO": "29/2", "HOME_BAN": "ปางขามป้อม", "HOME_MOO": "8", "HOME_TAM": "น้ำไผ่", "HOME_AMP": "น้ำปาด", "HOME_PROV": "อุตรดิตถ์", "REMARK": null, "BAN_TYPE": 0, "YEAR": "2563", "NAME_DNP_T": "อุทยานแห่งชาติ", "E": 676660.0, "N": 1947168.0, "NAME": "โต", "PERIMETER": 625.04090272200006, "AREA_RAI": 12.284329836, "RAI": 12.0, "NGAN": 1.0, "WA_SQ": 12.0, "OBJECTID": 227.0, "Area": 19654.927737599999, "MUBAN": "ปางขามป้อม", "TAMBOL": null, "HOME_BAN_E": null, "TAM_CODE": null, "TAM_NAM_T": "น้ำไผ่", "AMPHOE_T": "น้ำปาด", "AMPHOE_E": null, "PROV_CODE": null, "PROV_NAM_T": "อุตรดิตถ์", "PROV_NAM_E": null, "NAME_EN": null, "TAM_NAM_E": null, "Plot_No1": 1009020002.0, "Shape_Le_1": 619.69215748099998, "TARGET_F_1": 233.0, "Shape_Leng": 625.04086198899995, "Shape_Area": 19654.926184, "Cal_Rai": 12.2843, "layer": "AP1103PKM08", "path": "/Users/ponteerasingto/project11/อุทยานแห่งชาติต้นสักใหญ่/ส่งกรม/Shapefile/1.SHAPEFILE/บ้านปางขามป้อม/AP1103PKM08.shp" }, "geometry": { "type": "MultiPolygon", "coordinates": [ [ [ [ 100.665527575036265, 17.603314183094607 ], [ 100.6652051637261, 17.603074619517056 ], [ 100.664786383929979, 17.603260493821061 ], [ 100.664697918379531, 17.603582093235627 ], [ 100.66427214029143, 17.60383751229217 ], [ 100.664439719733437, 17.604270024984846 ], [ 100.664405342001274, 17.604863054089414 ], [ 100.664628334143046, 17.605265375052603 ], [ 100.665011875621374, 17.605246483369925 ], [ 100.665257970592421, 17.60434082185413 ], [ 100.665455632095501, 17.604237886472603 ], [ 100.665396168350298, 17.603477702774693 ], [ 100.665527575036265, 17.603314183094607 ] ] ] ] } },
{ "type": "Feature", "properties": { "OBJECTID_1": 227, "TARGET_FID": "0", "NAME_DNP": "ต้นสักใหญ่", "CODE_DNP": 1103, "APAR_CODE": "11031009610002PKM8", "APAR_NO": "10096", "NUM_APAR": "10002", "SPAR_CODE": "11030001100018PKM8", "SPAR_NO": "00011", "NUM_SPAR": "00018", "PAR_BAN": "ปางขามป้อม", "BAN_E": "PKM", "PAR_MOO": "8", "PAR_TAM": "น้ำไผ่", "PAR_AMP": "น้ำปาด", "PAR_PROV": "อุตรดิตถ์", "NAME_TITLE": "นาย", "SURNAME": "เพชรดำ", "IDCARD": "3530400258439", "HOME_NO": "34/1", "HOME_BAN": "ปางขามป้อม", "HOME_MOO": "8", "HOME_TAM": "น้ำไผ่", "HOME_AMP": "น้ำปาด", "HOME_PROV": "อุตรดิตถ์", "REMARK": null, "BAN_TYPE": 0, "YEAR": "2563", "NAME_DNP_T": "อุทยานแห่งชาติ", "E": 681188.0, "N": 1945177.0, "NAME": "ลัด", "PERIMETER": 634.76060921600003, "AREA_RAI": 6.2034371265499999, "RAI": 6.0, "NGAN": 0.0, "WA_SQ": 80.0, "OBJECTID": 228.0, "Area": 9925.4994024799998, "MUBAN": "ปางขามป้อม", "TAMBOL": null, "HOME_BAN_E": null, "TAM_CODE": null, "TAM_NAM_T": "น้ำไผ่", "AMPHOE_T": "น้ำปาด", "AMPHOE_E": null, "PROV_CODE": null, "PROV_NAM_T": "อุตรดิตถ์แแแแแแแแแแ", "PROV_NAM_E": null, "NAME_EN": null, "TAM_NAM_E": null, "Plot_No1": 1009610002.0, "Shape_Le_1": 636.85541186600005, "TARGET_F_1": 242.0, "Shape_Leng": 634.760555662, "Shape_Area": 9925.4922243399997, "Cal_Rai": 6.2034, "layer": "AP1103PKM08", "path": "/Users/ponteerasingto/project11/อุทยานแห่งชาติต้นสักใหญ่/ส่งกรม/Shapefile/1.SHAPEFILE/บ้านปางขามป้อม/AP1103PKM08.shp" }, "geometry": { "type": "MultiPolygon", "coordinates": [ [ [ [ 100.706532469307334, 17.585908001161904 ], [ 100.70645728515359, 17.586636287042072 ], [ 100.70853678375272, 17.58530256732395 ], [ 100.708370418394381, 17.585101377486037 ], [ 100.708021365894879, 17.584969477053303 ], [ 100.707642150467123, 17.585790042250281 ], [ 100.70710933464791, 17.585744521643406 ], [ 100.706532469307334, 17.585908001161904 ] ] ] ] } },
{ "type": "Feature", "properties": { "OBJECTID_1": 228, "TARGET_FID": "0", "NAME_DNP": "ต้นสักใหญ่", "CODE_DNP": 1103, "APAR_CODE": "11031008420001PKM8", "APAR_NO": "10084", "NUM_APAR": "20001", "SPAR_CODE": "11030001100001PKM8", "SPAR_NO": "00011", "NUM_SPAR": "00001", "PAR_BAN": "ปางขามป้อม", "BAN_E": "PKM", "PAR_MOO": "8", "PAR_TAM": "น้ำไผ่", "PAR_AMP": "น้ำปาด", "PAR_PROV": "อุตรดิตถ์", "NAME_TITLE": "นาง", "SURNAME": "อินดวง", "IDCARD": "3530400259109", "HOME_NO": "44/1", "HOME_BAN": "ปางขามป้อม", "HOME_MOO": "8", "HOME_TAM": "น้ำไผ่", "HOME_AMP": "น้ำปาด", "HOME_PROV": "อุตรดิตถ์", "REMARK": null, "BAN_TYPE": 0, "YEAR": "2563", "NAME_DNP_T": "อุทยานแห่งชาติ", "E": 677752.0, "N": 1949249.0, "NAME": "ศิลธรรม", "PERIMETER": 381.68825200600003, "AREA_RAI": 5.8703125, "RAI": 5.0, "NGAN": 3.0, "WA_SQ": 48.0, "OBJECTID": 229.0, "Area": 9392.5, "MUBAN": "ปางขามป้อม", "TAMBOL": null, "HOME_BAN_E": null, "TAM_CODE": null, "TAM_NAM_T": "น้ำไผ่", "AMPHOE_T": "น้ำปาด", "AMPHOE_E": null, "PROV_CODE": null, "PROV_NAM_T": "อุตรดิตถ์", "PROV_NAM_E": null, "NAME_EN": null, "TAM_NAM_E": null, "Plot_No1": 1008420001.0000001, "Shape_Le_1": 381.68825200600003, "TARGET_F_1": 225.0, "Shape_Leng": 381.68825200600003, "Shape_Area": 9392.5, "Cal_Rai": 5.8703, "layer": "AP1103PKM08", "path": "/Users/ponteerasingto/project11/อุทยานแห่งชาติต้นสักใหญ่/ส่งกรม/Shapefile/1.SHAPEFILE/บ้านปางขามป้อม/AP1103PKM08.shp" }, "geometry": { "type": "MultiPolygon", "coordinates": [ [ [ [ 100.676016184544537, 17.622511197397952 ], [ 100.675091714750948, 17.622401582507884 ], [ 100.674785199498132, 17.622883082596324 ], [ 100.675100641012392, 17.623368338605999 ], [ 100.675496880162186, 17.623419188943505 ], [ 100.675793971878733, 17.622937767885553 ], [ 100.676016184544537, 17.622511197397952 ] ] ] ] } },
{ "type": "Feature", "properties": { "OBJECTID_1": 229, "TARGET_FID": "0", "NAME_DNP": "ต้นสักใหญ่", "CODE_DNP": 1103, "APAR_CODE": "11031009610001PKM8", "APAR_NO": "10096", "NUM_APAR": "10001", "SPAR_CODE": "11030001100019PKM8", "SPAR_NO": "00011", "NUM_SPAR": "00019", "PAR_BAN": "ปางขามป้อม", "BAN_E": "PKM", "PAR_MOO": "8", "PAR_TAM": "น้ำไผ่", "PAR_AMP": "น้ำปาด", "PAR_PROV": "อุตรดิตถ์", "NAME_TITLE": "นาง", "SURNAME": "เพชรดำ", "IDCARD": "3530400258471", "HOME_NO": "34/5", "HOME_BAN": "ปางขามป้อม", "HOME_MOO": "8", "HOME_TAM": "น้ำไผ่", "HOME_AMP": "น้ำปาด", "HOME_PROV": "อุตรดิตถ์", "REMARK": null, "BAN_TYPE": 0, "YEAR": "2563", "NAME_DNP_T": "อุทยานแห่งชาติ", "E": 681023.0, "N": 1945249.0, "NAME": "อภิญญา", "PERIMETER": 459.07461754500002, "AREA_RAI": 7.3326158099400001, "RAI": 7.0, "NGAN": 1.0, "WA_SQ": 32.0, "OBJECTID": 230.0, "Area": 11732.185295900001, "MUBAN": "ปางขามป้อม", "TAMBOL": null, "HOME_BAN_E": null, "TAM_CODE": null, "TAM_NAM_T": "น้ำไผ่", "AMPHOE_T": "น้ำปาด", "AMPHOE_E": null, "PROV_CODE": null, "PROV_NAM_T": "อุตรดิตถ์", "PROV_NAM_E": null, "NAME_EN": null, "TAM_NAM_E": null, "Plot_No1": 1009610001.0000001, "Shape_Le_1": 459.07461754500002, "TARGET_F_1": 243.0, "Shape_Leng": 459.07461754500002, "Shape_Area": 11732.185295900001, "Cal_Rai": 7.3326, "layer": "AP1103PKM08", "path": "/Users/ponteerasingto/project11/อุทยานแห่งชาติต้นสักใหญ่/ส่งกรม/Shapefile/1.SHAPEFILE/บ้านปางขามป้อม/AP1103PKM08.shp" }, "geometry": { "type": "MultiPolygon", "coordinates": [ [ [ [ 100.706457286129535, 17.586636290647927 ], [ 100.706532470283264, 17.585908004767756 ], [ 100.705667332701069, 17.58607811514743 ], [ 100.705593919915032, 17.5862865703251 ], [ 100.705076990968294, 17.586417530397235 ], [ 100.705014183852825, 17.58675239411334 ], [ 100.705306854645315, 17.586931872275009 ], [ 100.706205039800565, 17.586798070744969 ], [ 100.706457286129535, 17.586636290647927 ] ] ] ] } },
{ "type": "Feature", "properties": { "OBJECTID_1": 230, "TARGET_FID": "0", "NAME_DNP": "ต้นสักใหญ่", "CODE_DNP": 1103, "APAR_CODE": "11031008720001PKM8", "APAR_NO": "10087", "NUM_APAR": "20001", "SPAR_CODE": "11030001100004PKM8", "SPAR_NO": "00011", "NUM_SPAR": "00004", "PAR_BAN": "ปางขามป้อม", "BAN_E": "PKM", "PAR_MOO": "8", "PAR_TAM": "น้ำไผ่", "PAR_AMP": "น้ำปาด", "PAR_PROV": "อุตรดิตถ์", "NAME_TITLE": "นาง", "SURNAME": "คำปาน", "IDCARD": "3530400257947", "HOME_NO": "32/7", "HOME_BAN": "ปางขามป้อม", "HOME_MOO": "8", "HOME_TAM": "น้ำไผ่", "HOME_AMP": "น้ำปาด", "HOME_PROV": "อุตรดิตถ์", "REMARK": null, "BAN_TYPE": 0, "YEAR": "2563", "NAME_DNP_T": "อุทยานแห่งชาติ", "E": 677352.0, "N": 1948045.0, "NAME": "ปุ่น", "PERIMETER": 577.677991883, "AREA_RAI": 11.545175260400001, "RAI": 11.0, "NGAN": 2.0, "WA_SQ": 16.0, "OBJECTID": 231.0, "Area": 18472.280416599999, "MUBAN": "ปางขามป้อม", "TAMBOL": null, "HOME_BAN_E": null, "TAM_CODE": null, "TAM_NAM_T": "น้ำไผ่", "AMPHOE_T": "น้ำปาด", "AMPHOE_E": null, "PROV_CODE": null, "PROV_NAM_T": "อุตรดิตถ์", "PROV_NAM_E": null, "NAME_EN": null, "TAM_NAM_E": null, "Plot_No1": 1008720001.0000001, "Shape_Le_1": 577.677991883, "TARGET_F_1": 228.0, "Shape_Leng": 577.677991883, "Shape_Area": 18472.280416599999, "Cal_Rai": 11.5452, "layer": "AP1103PKM08", "path": "/Users/ponteerasingto/project11/อุทยานแห่งชาติต้นสักใหญ่/ส่งกรม/Shapefile/1.SHAPEFILE/บ้านปางขามป้อม/AP1103PKM08.shp" }, "geometry": { "type": "MultiPolygon", "coordinates": [ [ [ [ 100.672007363723353, 17.61121862814819 ], [ 100.67198053495197, 17.611064627243429 ], [ 100.6711533371152, 17.611194403814252 ], [ 100.671166418303528, 17.611591869885697 ], [ 100.67102057694683, 17.61212621877856 ], [ 100.670866643636529, 17.612805209478083 ], [ 100.671349319127359, 17.613036055098103 ], [ 100.671956495218751, 17.612461655891185 ], [ 100.671967183961186, 17.611576053735657 ], [ 100.67207196957132, 17.611318352510743 ], [ 100.672007363723353, 17.61121862814819 ] ] ] ] } },
{ "type": "Feature", "properties": { "OBJECTID_1": 231, "TARGET_FID": "0", "NAME_DNP": "ต้นสักใหญ่", "CODE_DNP": 1103, "APAR_CODE": "11031009320002PKM8", "APAR_NO": "10093", "NUM_APAR": "20002", "SPAR_CODE": "11030001100014PKM8", "SPAR_NO": "00011", "NUM_SPAR": "00014", "PAR_BAN": "ปางขามป้อม", "BAN_E": "PKM", "PAR_MOO": "8", "PAR_TAM": "น้ำไผ่", "PAR_AMP": "น้ำปาด", "PAR_PROV": "อุตรดิตถ์", "NAME_TITLE": "นาย", "SURNAME": "อินวรรณ์", "IDCARD": "3530400260808", "HOME_NO": "9849/15", "HOME_BAN": "ห้วยคอม", "HOME_MOO": "4", "HOME_TAM": "น้ำไผ่", "HOME_AMP": "น้ำปาด", "HOME_PROV": "อุตรดิตถ์", "REMARK": null, "BAN_TYPE": 0, "YEAR": "2563", "NAME_DNP_T": "อุทยานแห่งชาติ", "E": 675995.0, "N": 1947061.0, "NAME": "สุริน", "PERIMETER": 531.08856569700004, "AREA_RAI": 10.104447058, "RAI": 10.0, "NGAN": 0.0, "WA_SQ": 40.0, "OBJECTID": 232.0, "Area": 16167.115292799999, "MUBAN": "ห้วยคอม", "TAMBOL": null, "HOME_BAN_E": null, "TAM_CODE": null, "TAM_NAM_T": "น้ำไผ่", "AMPHOE_T": "น้ำปาด", "AMPHOE_E": null, "PROV_CODE": null, "PROV_NAM_T": "อุตรดิตถ์", "PROV_NAM_E": null, "NAME_EN": null, "TAM_NAM_E": null, "Plot_No1": 1009320002.0, "Shape_Le_1": 531.08856569700004, "TARGET_F_1": 238.0, "Shape_Leng": 531.08856569700004, "Shape_Area": 16167.115292799999, "Cal_Rai": 10.1044, "layer": "AP1103PKM08", "path": "/Users/ponteerasingto/project11/อุทยานแห่งชาติต้นสักใหญ่/ส่งกรม/Shapefile/1.SHAPEFILE/บ้านปางขามป้อม/AP1103PKM08.shp" }, "geometry": { "type": "MultiPolygon", "coordinates": [ [ [ [ 100.659216144018885, 17.603349341085654 ], [ 100.659188516148632, 17.60306502583623 ], [ 100.658679222984901, 17.602165599916034 ], [ 100.658289122570238, 17.602707717514303 ], [ 100.658123058768624, 17.603621506496694 ], [ 100.657946001871466, 17.60377116895107 ], [ 100.65814253133199, 17.603999030638217 ], [ 100.658449795039559, 17.604068173865681 ], [ 100.65908204159669, 17.603689906248821 ], [ 100.659216144018885, 17.603349341085654 ] ] ] ] } },
{ "type": "Feature", "properties": { "OBJECTID_1": 232, "TARGET_FID": "0", "NAME_DNP": "ต้นสักใหญ่", "CODE_DNP": 1103, "APAR_CODE": "11031009220001PKM8", "APAR_NO": "10092", "NUM_APAR": "20001", "SPAR_CODE": "11030001100011PKM8", "SPAR_NO": "00011", "NUM_SPAR": "00011", "PAR_BAN": "ปางขามป้อม", "BAN_E": "PKM", "PAR_MOO": "8", "PAR_TAM": "น้ำไผ่", "PAR_AMP": "น้ำปาด", "PAR_PROV": "อุตรดิตถ์", "NAME_TITLE": "นางสาว", "SURNAME": "ทอนแสง", "IDCARD": "1530400003701", "HOME_NO": "29/5", "HOME_BAN": "ปางขามป้อม", "HOME_MOO": "8", "HOME_TAM": "น้ำไผ่", "HOME_AMP": "น้ำปาด", "HOME_PROV": "อุตรดิตถ์", "REMARK": null, "BAN_TYPE": 0, "YEAR": "2563", "NAME_DNP_T": "อุทยานแห่งชาติ", "E": 676417.0, "N": 1947162.0, "NAME": "นุจริน", "PERIMETER": 644.52290219099996, "AREA_RAI": 13.938178170700001, "RAI": 13.0, "NGAN": 3.0, "WA_SQ": 72.0, "OBJECTID": 233.0, "Area": 22301.0850732, "MUBAN": "ปางขามป้อม", "TAMBOL": null, "HOME_BAN_E": null, "TAM_CODE": null, "TAM_NAM_T": "น้ำไผ่", "AMPHOE_T": "น้ำปาด", "AMPHOE_E": null, "PROV_CODE": null, "PROV_NAM_T": "อุตรดิตถ์", "PROV_NAM_E": null, "NAME_EN": null, "TAM_NAM_E": null, "Plot_No1": 1009220001.0000001, "Shape_Le_1": 643.77913980200003, "TARGET_F_1": 235.0, "Shape_Leng": 644.52286572200001, "Shape_Area": 22301.084170400001, "Cal_Rai": 13.9382, "layer": "AP1103PKM08", "path": "/Users/ponteerasingto/project11/อุทยานแห่งชาติต้นสักใหญ่/ส่งกรม/Shapefile/1.SHAPEFILE/บ้านปางขามป้อม/AP1103PKM08.shp" }, "geometry": { "type": "MultiPolygon", "coordinates": [ [ [ [ 100.663416159707126, 17.603946007858536 ], [ 100.663423437711486, 17.603738947379622 ], [ 100.663206673910935, 17.603632487106974 ], [ 100.663131475114383, 17.603297951830942 ], [ 100.662793861122921, 17.603181257224122 ], [ 100.662640636016505, 17.603463459933394 ], [ 100.662200500224728, 17.603473414014363 ], [ 100.662131848450443, 17.603544099370076 ], [ 100.661973298152631, 17.60413424579864 ], [ 100.661602698453237, 17.604397522562003 ], [ 100.661722860390626, 17.604648626956074 ], [ 100.662053041185288, 17.604633894807833 ], [ 100.662420704620928, 17.604993492936273 ], [ 100.663403721457996, 17.604443216591807 ], [ 100.663226163480417, 17.604110007998806 ], [ 100.663416159707126, 17.603946007858536 ] ] ] ] } },
{ "type": "Feature", "properties": { "OBJECTID_1": 233, "TARGET_FID": "0", "NAME_DNP": "ต้นสักใหญ่", "CODE_DNP": 1103, "APAR_CODE": "11031008520001PKM8", "APAR_NO": "10085", "NUM_APAR": "20001", "SPAR_CODE": "11030001100002PKM8", "SPAR_NO": "00011", "NUM_SPAR": "00002", "PAR_BAN": "ปางขามป้อม", "BAN_E": "PKM", "PAR_MOO": "8", "PAR_TAM": "น้ำไผ่", "PAR_AMP": "น้ำปาด", "PAR_PROV": "อุตรดิตถ์", "NAME_TITLE": "นาย", "SURNAME": "คำปาน", "IDCARD": "3530400255022", "HOME_NO": "44", "HOME_BAN": "ปางขามป้อม", "HOME_MOO": "8", "HOME_TAM": "น้ำไผ่", "HOME_AMP": "น้ำปาด", "HOME_PROV": "อุตรดิตถ์", "REMARK": null, "BAN_TYPE": 0, "YEAR": "2563", "NAME_DNP_T": "อุทยานแห่งชาติ", "E": 677840.0, "N": 1949068.0, "NAME": "ชลยุทธ", "PERIMETER": 384.96022931499999, "AREA_RAI": 5.6425, "RAI": 5.0, "NGAN": 2.0, "WA_SQ": 56.0, "OBJECTID": 234.0, "Area": 9028.0, "MUBAN": "ปางขามป้อม", "TAMBOL": null, "HOME_BAN_E": null, "TAM_CODE": null, "TAM_NAM_T": "น้ำไผ่", "AMPHOE_T": "น้ำปาด", "AMPHOE_E": null, "PROV_CODE": null, "PROV_NAM_T": "อุตรดิตถ์", "PROV_NAM_E": null, "NAME_EN": null, "TAM_NAM_E": null, "Plot_No1": 1008520001.0000001, "Shape_Le_1": 384.96022931499999, "TARGET_F_1": 226.0, "Shape_Leng": 384.96022931499999, "Shape_Area": 9028.0, "Cal_Rai": 5.6425, "layer": "AP1103PKM08", "path": "/Users/ponteerasingto/project11/อุทยานแห่งชาติต้นสักใหญ่/ส่งกรม/Shapefile/1.SHAPEFILE/บ้านปางขามป้อม/AP1103PKM08.shp" }, "geometry": { "type": "MultiPolygon", "coordinates": [ [ [ [ 100.676470101364146, 17.620645964696624 ], [ 100.676026506893635, 17.620568410657548 ], [ 100.675926451238496, 17.620957800326622 ], [ 100.675694650789325, 17.621366380446311 ], [ 100.67587767917118, 17.621798544912298 ], [ 100.676601773713955, 17.621638784821428 ], [ 100.676470101364146, 17.620645964696624 ] ] ] ] } },
{ "type": "Feature", "properties": { "OBJECTID_1": 234, "TARGET_FID": "0", "NAME_DNP": "ต้นสักใหญ่", "CODE_DNP": 1103, "APAR_CODE": "11031009410001PKM8", "APAR_NO": "10094", "NUM_APAR": "10001", "SPAR_CODE": "11030001100016PKM8", "SPAR_NO": "00011", "NUM_SPAR": "00016", "PAR_BAN": "ปางขามป้อม", "BAN_E": "PKM", "PAR_MOO": "8", "PAR_TAM": "น้ำไผ่", "PAR_AMP": "น้ำปาด", "PAR_PROV": "อุตรดิตถ์", "NAME_TITLE": "นางสาว", "SURNAME": "ผุยดา", "IDCARD": "1530400056414", "HOME_NO": "53/2", "HOME_BAN": "ปางขามป้อม", "HOME_MOO": "8", "HOME_TAM": "น้ำไผ่", "HOME_AMP": "น้ำปาด", "HOME_PROV": "อุตรดิตถ์", "REMARK": null, "BAN_TYPE": 0, "YEAR": "2563", "NAME_DNP_T": "อุทยานแห่งชาติ", "E": 675264.0, "N": 1946328.0, "NAME": "รัสนีกร", "PERIMETER": 347.65593515900002, "AREA_RAI": 4.9044348296700004, "RAI": 4.0, "NGAN": 3.0, "WA_SQ": 60.0, "OBJECTID": 235.0, "Area": 7847.0957274700004, "MUBAN": "ปางขามป้อม", "TAMBOL": null, "HOME_BAN_E": null, "TAM_CODE": null, "TAM_NAM_T": "น้ำไผ่", "AMPHOE_T": "น้ำปาด", "AMPHOE_E": null, "PROV_CODE": null, "PROV_NAM_T": "อุตรดิตถ์", "PROV_NAM_E": null, "NAME_EN": null, "TAM_NAM_E": null, "Plot_No1": 1009410001.0000001, "Shape_Le_1": 347.352727297, "TARGET_F_1": 240.0, "Shape_Leng": 347.65587336599998, "Shape_Area": 7847.0913731099999, "Cal_Rai": 4.9044, "layer": "AP1103PKM08", "path": "/Users/ponteerasingto/project11/อุทยานแห่งชาติต้นสักใหญ่/ส่งกรม/Shapefile/1.SHAPEFILE/บ้านปางขามป้อม/AP1103PKM08.shp" }, "geometry": { "type": "MultiPolygon", "coordinates": [ [ [ [ 100.652129977555717, 17.596602964135283 ], [ 100.651454310865134, 17.596122934236348 ], [ 100.651261563949774, 17.596172360706827 ], [ 100.651151838765585, 17.596442237471237 ], [ 100.651499793429892, 17.597013112011055 ], [ 100.651718931903474, 17.597153500875535 ], [ 100.652056097471373, 17.597193744122112 ], [ 100.652178452271158, 17.596831205487131 ], [ 100.652129977555717, 17.596602964135283 ] ] ] ] } },
{ "type": "Feature", "properties": { "OBJECTID_1": 235, "TARGET_FID": "0", "NAME_DNP": "ต้นสักใหญ่", "CODE_DNP": 1103, "APAR_CODE": "11031008820001PKM8", "APAR_NO": "10088", "NUM_APAR": "20001", "SPAR_CODE": "11030001100005PKM8", "SPAR_NO": "00011", "NUM_SPAR": "00005", "PAR_BAN": "ปางขามป้อม", "BAN_E": "PKM", "PAR_MOO": "8", "PAR_TAM": "น้ำไผ่", "PAR_AMP": "น้ำปาด", "PAR_PROV": "อุตรดิตถ์", "NAME_TITLE": "นาย", "SURNAME": "ทอนแสง", "IDCARD": "3530400260760", "HOME_NO": "9849/23", "HOME_BAN": "ห้วยคอม", "HOME_MOO": "4", "HOME_TAM": "น้ำไผ่", "HOME_AMP": "น้ำปาด", "HOME_PROV": "อุตรดิตถ์", "REMARK": null, "BAN_TYPE": 0, "YEAR": "2563", "NAME_DNP_T": "อุทยานแห่งชาติ", "E": 677029.0, "N": 1947374.0, "NAME": "สุพิด", "PERIMETER": 371.53617737399998, "AREA_RAI": 4.9925636473099999, "RAI": 4.0, "NGAN": 3.0, "WA_SQ": 96.0, "OBJECTID": 236.0, "Area": 7988.1018356900004, "MUBAN": "ห้วยคอม", "TAMBOL": null, "HOME_BAN_E": null, "TAM_CODE": null, "TAM_NAM_T": "น้ำไผ่", "AMPHOE_T": "น้ำปาด", "AMPHOE_E": null, "PROV_CODE": null, "PROV_NAM_T": "อุตรดิตถ์", "PROV_NAM_E": null, "NAME_EN": null, "TAM_NAM_E": null, "Plot_No1": 1008820001.0000001, "Shape_Le_1": 371.53617737399998, "TARGET_F_1": 229.0, "Shape_Leng": 371.53617737399998, "Shape_Area": 7988.1018356900004, "Cal_Rai": 4.9926, "layer": "AP1103PKM08", "path": "/Users/ponteerasingto/project11/อุทยานแห่งชาติต้นสักใหญ่/ส่งกรม/Shapefile/1.SHAPEFILE/บ้านปางขามป้อม/AP1103PKM08.shp" }, "geometry": { "type": "MultiPolygon", "coordinates": [ [ [ [ 100.668632689792645, 17.606559038396863 ], [ 100.66897445246606, 17.606312295124315 ], [ 100.668876904460902, 17.606277258092085 ], [ 100.668870865215894, 17.605942124292746 ], [ 100.66839039577539, 17.605523236850527 ], [ 100.668182376454027, 17.605573076708506 ], [ 100.667816269510297, 17.605612030601968 ], [ 100.667758221418111, 17.605806170051856 ], [ 100.667931869246374, 17.605984009085006 ], [ 100.668632689792645, 17.606559038396863 ] ] ] ] } },
{ "type": "Feature", "properties": { "OBJECTID_1": 236, "TARGET_FID": "0", "NAME_DNP": "ต้นสักใหญ่", "CODE_DNP": 1103, "APAR_CODE": "11031008920001PKM8", "APAR_NO": "10089", "NUM_APAR": "20001", "SPAR_CODE": "11030001100007PKM8", "SPAR_NO": "00011", "NUM_SPAR": "00007", "PAR_BAN": "ปางขามป้อม", "BAN_E": "PKM", "PAR_MOO": "8", "PAR_TAM": "น้ำไผ่", "PAR_AMP": "น้ำปาด", "PAR_PROV": "อุตรดิตถ์", "NAME_TITLE": "นาง", "SURNAME": "หันถา", "IDCARD": "3530400259737", "HOME_NO": "53", "HOME_BAN": "ปางขามป้อม", "HOME_MOO": "8", "HOME_TAM": "น้ำไผ่", "HOME_AMP": "น้ำปาด", "HOME_PROV": "อุตรดิตถ์", "REMARK": null, "BAN_TYPE": 0, "YEAR": "2563", "NAME_DNP_T": "อุทยานแห่งชาติ", "E": 676795.0, "N": 1947302.0, "NAME": "ลำพูน", "PERIMETER": 469.116605548, "AREA_RAI": 7.4004798424400002, "RAI": 7.0, "NGAN": 1.0, "WA_SQ": 60.0, "OBJECTID": 237.0, "Area": 11840.767747899999, "MUBAN": "ปางขามป้อม", "TAMBOL": null, "HOME_BAN_E": null, "TAM_CODE": null, "TAM_NAM_T": "น้ำไผ่", "AMPHOE_T": "น้ำปาด", "AMPHOE_E": null, "PROV_CODE": null, "PROV_NAM_T": "อุตรดิตถ์", "PROV_NAM_E": null, "NAME_EN": null, "TAM_NAM_E": null, "Plot_No1": 1008920001.0000001, "Shape_Le_1": 468.813202434, "TARGET_F_1": 231.0, "Shape_Leng": 469.11658263200002, "Shape_Area": 11840.767359900001, "Cal_Rai": 7.4005, "layer": "AP1103PKM08", "path": "/Users/ponteerasingto/project11/อุทยานแห่งชาติต้นสักใหญ่/ส่งกรม/Shapefile/1.SHAPEFILE/บ้านปางขามป้อม/AP1103PKM08.shp" }, "geometry": { "type": "MultiPolygon", "coordinates": [ [ [ [ 100.665583611560137, 17.60599665799143 ], [ 100.666419867590747, 17.605846158443136 ], [ 100.666579388451183, 17.60529972223086 ], [ 100.666735050551054, 17.605147791559929 ], [ 100.666835214052, 17.60476887860634 ], [ 100.666737299378624, 17.604573939531907 ], [ 100.666550569765064, 17.604604259394026 ], [ 100.666140333765156, 17.604998183073828 ], [ 100.665933821688341, 17.605039796959737 ], [ 100.665654559421739, 17.605368187322661 ], [ 100.665497424042073, 17.605793576536946 ], [ 100.665583611560137, 17.60599665799143 ] ] ] ] } },
{ "type": "Feature", "properties": { "OBJECTID_1": 237, "TARGET_FID": "0", "NAME_DNP": "ต้นสักใหญ่", "CODE_DNP": 1103, "APAR_CODE": "11031008920002PKM8", "APAR_NO": "10089", "NUM_APAR": "20002", "SPAR_CODE": "11030001100006PKM8", "SPAR_NO": "00011", "NUM_SPAR": "00006", "PAR_BAN": "ปางขามป้อม", "BAN_E": "PKM", "PAR_MOO": "8", "PAR_TAM": "น้ำไผ่", "PAR_AMP": "น้ำปาด", "PAR_PROV": "อุตรดิตถ์", "NAME_TITLE": "นาย", "SURNAME": "ผุยสุ", "IDCARD": "3530400257874", "HOME_NO": "31/8", "HOME_BAN": "ปางขามป้อม", "HOME_MOO": "8", "HOME_TAM": "น้ำไผ่", "HOME_AMP": "น้ำปาด", "HOME_PROV": "อุตรดิตถ์", "REMARK": null, "BAN_TYPE": 0, "YEAR": "2563", "NAME_DNP_T": "อุทยานแห่งชาติ", "E": 676894.0, "N": 1947259.0, "NAME": "วิจารย์", "PERIMETER": 209.84647151600001, "AREA_RAI": 1.30123074459, "RAI": 1.0, "NGAN": 1.0, "WA_SQ": 20.0, "OBJECTID": 238.0, "Area": 2081.9691913500001, "MUBAN": "ปางขามป้อม", "TAMBOL": null, "HOME_BAN_E": null, "TAM_CODE": null, "TAM_NAM_T": "น้ำไผ่", "AMPHOE_T": "น้ำปาด", "AMPHOE_E": null, "PROV_CODE": null, "PROV_NAM_T": "อุตรดิตถ์", "PROV_NAM_E": null, "NAME_EN": null, "TAM_NAM_E": null, "Plot_No1": 1008920002.0, "Shape_Le_1": 209.84647151600001, "TARGET_F_1": 230.0, "Shape_Leng": 209.84647151600001, "Shape_Area": 2081.9691913500001, "Cal_Rai": 1.3012, "layer": "AP1103PKM08", "path": "/Users/ponteerasingto/project11/อุทยานแห่งชาติต้นสักใหญ่/ส่งกรม/Shapefile/1.SHAPEFILE/บ้านปางขามป้อม/AP1103PKM08.shp" }, "geometry": { "type": "MultiPolygon", "coordinates": [ [ [ [ 100.666832334333378, 17.605154143113502 ], [ 100.667161575613207, 17.605172880926524 ], [ 100.667368795298529, 17.604934448001149 ], [ 100.667580890594721, 17.604920052097469 ], [ 100.667334346829023, 17.604804500538549 ], [ 100.666901739377494, 17.604773626560522 ], [ 100.666832334333378, 17.605154143113502 ] ] ] ] } },
{ "type": "Feature", "properties": { "OBJECTID_1": 238, "TARGET_FID": "0", "NAME_DNP": "ต้นสักใหญ่", "CODE_DNP": 1103, "APAR_CODE": "11031009020003PKM8", "APAR_NO": "10090", "NUM_APAR": "20003", "SPAR_CODE": "11030001100010PKM8", "SPAR_NO": "00011", "NUM_SPAR": "00010", "PAR_BAN": "ปางขามป้อม", "BAN_E": "PKM", "PAR_MOO": "8", "PAR_TAM": "น้ำไผ่", "PAR_AMP": "น้ำปาด", "PAR_PROV": "อุตรดิตถ์", "NAME_TITLE": "นาย", "SURNAME": "อินวรรณ์", "IDCARD": "3530400260816", "HOME_NO": "36", "HOME_BAN": "ห้วยคอม", "HOME_MOO": "4", "HOME_TAM": "น้ำไผ่", "HOME_AMP": "น้ำปาด", "HOME_PROV": "อุตรดิตถ์", "REMARK": null, "BAN_TYPE": 0, "YEAR": "2563", "NAME_DNP_T": "อุทยานแห่งชาติ", "E": 676621.0, "N": 1947003.0, "NAME": "เอนก", "PERIMETER": 300.778606588, "AREA_RAI": 3.3037288039, "RAI": 3.0, "NGAN": 1.0, "WA_SQ": 20.0, "OBJECTID": 239.0, "Area": 5285.9660862399996, "MUBAN": "ห้วยคอม", "TAMBOL": null, "HOME_BAN_E": null, "TAM_CODE": null, "TAM_NAM_T": "น้ำไผ่", "AMPHOE_T": "น้ำปาด", "AMPHOE_E": null, "PROV_CODE": null, "PROV_NAM_T": "อุตรดิตถ์", "PROV_NAM_E": null, "NAME_EN": null, "TAM_NAM_E": null, "Plot_No1": 1009020003.0, "Shape_Le_1": 321.10677366599998, "TARGET_F_1": 234.0, "Shape_Leng": 300.778525817, "Shape_Area": 5285.9639761500002, "Cal_Rai": 3.3037, "layer": "AP1103PKM08", "path": "/Users/ponteerasingto/project11/อุทยานแห่งชาติต้นสักใหญ่/ส่งกรม/Shapefile/1.SHAPEFILE/บ้านปางขามป้อม/AP1103PKM08.shp" }, "geometry": { "type": "MultiPolygon", "coordinates": [ [ [ [ 100.66450379582777, 17.603063995314116 ], [ 100.665073574096297, 17.602915913407887 ], [ 100.664651981347404, 17.602397047736396 ], [ 100.664401140276468, 17.602239812402924 ], [ 100.664128699775802, 17.602242107189852 ], [ 100.66410530853976, 17.602528216391981 ], [ 100.66450379582777, 17.603063995314116 ] ] ] ] } },
{ "type": "Feature", "properties": { "OBJECTID_1": 239, "TARGET_FID": "0", "NAME_DNP": "ต้นสักใหญ่", "CODE_DNP": 1103, "APAR_CODE": "11031009120001PKM8", "APAR_NO": "10091", "NUM_APAR": "20001", "SPAR_CODE": "11030001100012PKM8", "SPAR_NO": "00011", "NUM_SPAR": "00012", "PAR_BAN": "ปางขามป้อม", "BAN_E": "PKM", "PAR_MOO": "8", "PAR_TAM": "น้ำไผ่", "PAR_AMP": "น้ำปาด", "PAR_PROV": "อุตรดิตถ์", "NAME_TITLE": "นาย", "SURNAME": "ดาทา", "IDCARD": "3530400259915", "HOME_NO": "9849/22", "HOME_BAN": "ห้วยคอม", "HOME_MOO": "4", "HOME_TAM": "น้ำไผ่", "HOME_AMP": "น้ำปาด", "HOME_PROV": "อุตรดิตถ์", "REMARK": null, "BAN_TYPE": 0, "YEAR": "2563", "NAME_DNP_T": "อุทยานแห่งชาติ", "E": 676413.0, "N": 1946989.0, "NAME": "คำทรัพย์", "PERIMETER": 348.42850625300002, "AREA_RAI": 3.7812821594899999, "RAI": 3.0, "NGAN": 3.0, "WA_SQ": 12.0, "OBJECTID": 240.0, "Area": 6050.0514551899996, "MUBAN": "ห้วยคอม", "TAMBOL": null, "HOME_BAN_E": null, "TAM_CODE": null, "TAM_NAM_T": "น้ำไผ่", "AMPHOE_T": "น้ำปาด", "AMPHOE_E": null, "PROV_CODE": null, "PROV_NAM_T": "อุตรดิตถ์", "PROV_NAM_E": null, "NAME_EN": null, "TAM_NAM_E": null, "Plot_No1": 1009120001.0000001, "Shape_Le_1": 348.42850625300002, "TARGET_F_1": 236.0, "Shape_Leng": 348.42850625300002, "Shape_Area": 6050.0514551899996, "Cal_Rai": 3.7813, "layer": "AP1103PKM08", "path": "/Users/ponteerasingto/project11/อุทยานแห่งชาติต้นสักใหญ่/ส่งกรม/Shapefile/1.SHAPEFILE/บ้านปางขามป้อม/AP1103PKM08.shp" }, "geometry": { "type": "MultiPolygon", "coordinates": [ [ [ [ 100.662857291838634, 17.602893833240667 ], [ 100.663011053498082, 17.602806471875866 ], [ 100.663113690648558, 17.60258087729396 ], [ 100.663080514784085, 17.602289139781671 ], [ 100.662323695897953, 17.60233698212172 ], [ 100.661776817621487, 17.602530881374467 ], [ 100.661997530869073, 17.602731247148721 ], [ 100.662177561555993, 17.602713077159084 ], [ 100.662776955182949, 17.602832350028294 ], [ 100.662857291838634, 17.602893833240667 ] ] ] ] } },
{ "type": "Feature", "properties": { "OBJECTID_1": 240, "TARGET_FID": "0", "NAME_DNP": "ต้นสักใหญ่", "CODE_DNP": 1103, "APAR_CODE": "11031009320001PKM8", "APAR_NO": "10093", "NUM_APAR": "20001", "SPAR_CODE": "11030001100013PKM8", "SPAR_NO": "00011", "NUM_SPAR": "00013", "PAR_BAN": "ปางขามป้อม", "BAN_E": "PKM", "PAR_MOO": "8", "PAR_TAM": "น้ำไผ่", "PAR_AMP": "น้ำปาด", "PAR_PROV": "อุตรดิตถ์", "NAME_TITLE": "นาย", "SURNAME": "คำย้อย", "IDCARD": "3530400099144", "HOME_NO": "63", "HOME_BAN": "ห้วยคอม", "HOME_MOO": "4", "HOME_TAM": "น้ำไผ่", "HOME_AMP": "น้ำปาด", "HOME_PROV": "อุตรดิตถ์", "REMARK": null, "BAN_TYPE": 0, "YEAR": "2563", "NAME_DNP_T": "อุทยานแห่งชาติ", "E": 676123.0, "N": 1947051.0, "NAME": "ดาวิต", "PERIMETER": 314.91616748400003, "AREA_RAI": 2.9564231696699999, "RAI": 2.0, "NGAN": 3.0, "WA_SQ": 80.0, "OBJECTID": 241.0, "Area": 4730.27707147, "MUBAN": "ห้วยคอม", "TAMBOL": null, "HOME_BAN_E": null, "TAM_CODE": null, "TAM_NAM_T": "น้ำไผ่", "AMPHOE_T": "น้ำปาด", "AMPHOE_E": null, "PROV_CODE": null, "PROV_NAM_T": "อุตรดิตถ์", "PROV_NAM_E": null, "NAME_EN": null, "TAM_NAM_E": null, "Plot_No1": 1009320001.0000001, "Shape_Le_1": 314.91616748400003, "TARGET_F_1": 237.0, "Shape_Leng": 314.91616748400003, "Shape_Area": 4730.27707147, "Cal_Rai": 2.9564, "layer": "AP1103PKM08", "path": "/Users/ponteerasingto/project11/อุทยานแห่งชาติต้นสักใหญ่/ส่งกรม/Shapefile/1.SHAPEFILE/บ้านปางขามป้อม/AP1103PKM08.shp" }, "geometry": { "type": "MultiPolygon", "coordinates": [ [ [ [ 100.659492166591392, 17.603557359331873 ], [ 100.659828294186411, 17.603511501240277 ], [ 100.659894418998022, 17.603381845271109 ], [ 100.659833674771818, 17.603281944517693 ], [ 100.660229038416659, 17.603171037385163 ], [ 100.660339573175989, 17.602990801882267 ], [ 100.660257433793362, 17.602852721086009 ], [ 100.659875808684149, 17.602835617924409 ], [ 100.659760421666277, 17.602734202921411 ], [ 100.65961135155051, 17.603045972975607 ], [ 100.659420898437915, 17.603124077440565 ], [ 100.659492166591392, 17.603557359331873 ] ] ] ] } },
{ "type": "Feature", "properties": { "OBJECTID_1": 241, "TARGET_FID": "0", "NAME_DNP": "ต้นสักใหญ่", "CODE_DNP": 1103, "APAR_CODE": "11031009410002PKM8", "APAR_NO": "10094", "NUM_APAR": "10002", "SPAR_CODE": "11030001100015PKM8", "SPAR_NO": "00011", "NUM_SPAR": "00015", "PAR_BAN": "ปางขามป้อม", "BAN_E": "PKM", "PAR_MOO": "8", "PAR_TAM": "น้ำไผ่", "PAR_AMP": "น้ำปาด", "PAR_PROV": "อุตรดิตถ์", "NAME_TITLE": "นาย", "SURNAME": "มีต่อม", "IDCARD": "3530400261022", "HOME_NO": "60/3", "HOME_BAN": "ปางขามป้อม", "HOME_MOO": "8", "HOME_TAM": "น้ำไผ่", "HOME_AMP": "น้ำปาด", "HOME_PROV": "อุตรดิตถ์", "REMARK": null, "BAN_TYPE": 0, "YEAR": "2563", "NAME_DNP_T": "อุทยานแห่งชาติ", "E": 675404.0, "N": 1946324.0, "NAME": "ทวี", "PERIMETER": 865.49889737299998, "AREA_RAI": 16.423687695200002, "RAI": 16.0, "NGAN": 1.0, "WA_SQ": 68.0, "OBJECTID": 242.0, "Area": 26277.9003123, "MUBAN": "ปางขามป้อม", "TAMBOL": null, "HOME_BAN_E": null, "TAM_CODE": null, "TAM_NAM_T": "น้ำไผ่", "AMPHOE_T": "น้ำปาด", "AMPHOE_E": null, "PROV_CODE": null, "PROV_NAM_T": "อุตรดิตถ์", "PROV_NAM_E": null, "NAME_EN": null, "TAM_NAM_E": null, "Plot_No1": 1009410002.0, "Shape_Le_1": 866.19646886299995, "TARGET_F_1": 239.0, "Shape_Leng": 865.49891435500001, "Shape_Area": 26277.901671, "Cal_Rai": 16.4237, "layer": "AP1103PKM08", "path": "/Users/ponteerasingto/project11/อุทยานแห่งชาติต้นสักใหญ่/ส่งกรม/Shapefile/1.SHAPEFILE/บ้านปางขามป้อม/AP1103PKM08.shp" }, "geometry": { "type": "MultiPolygon", "coordinates": [ [ [ [ 100.653057188492781, 17.597627660038437 ], [ 100.653296743795138, 17.597243134343525 ], [ 100.653722812898309, 17.596809231898682 ], [ 100.654306873628812, 17.59730042442451 ], [ 100.654615508600116, 17.597123495423329 ], [ 100.654517933249565, 17.597067684575862 ], [ 100.653596673117875, 17.596318484573587 ], [ 100.652845286785649, 17.595966233262832 ], [ 100.652385567385537, 17.595691213051161 ], [ 100.652119249142117, 17.595914159768448 ], [ 100.651646459189521, 17.596007766311892 ], [ 100.652052524879636, 17.596335701288872 ], [ 100.652342736419428, 17.596504004393385 ], [ 100.652363267951557, 17.59713909304935 ], [ 100.653057188492781, 17.597627660038437 ] ] ] ] } },
{ "type": "Feature", "properties": { "OBJECTID_1": 242, "TARGET_FID": "0", "NAME_DNP": "ต้นสักใหญ่", "CODE_DNP": 1103, "APAR_CODE": "11031009510001PKM8", "APAR_NO": "10095", "NUM_APAR": "10001", "SPAR_CODE": "11030001100017PKM8", "SPAR_NO": "00011", "NUM_SPAR": "00017", "PAR_BAN": "ปางขามป้อม", "BAN_E": "PKM", "PAR_MOO": "8", "PAR_TAM": "น้ำไผ่", "PAR_AMP": "น้ำปาด", "PAR_PROV": "อุตรดิตถ์", "NAME_TITLE": "นางสาว", "SURNAME": "ผุยดา", "IDCARD": "1530400056414", "HOME_NO": "53/2", "HOME_BAN": "ปางขามป้อม", "HOME_MOO": "8", "HOME_TAM": "น้ำไผ่", "HOME_AMP": "น้ำปาด", "HOME_PROV": "อุตรดิตถ์", "REMARK": null, "BAN_TYPE": 0, "YEAR": "2563", "NAME_DNP_T": "อุทยานแห่งชาติ", "E": 675305.0, "N": 1946139.0, "NAME": "รัสนีกร", "PERIMETER": 147.45427929100001, "AREA_RAI": 0.60050375647999998, "RAI": 0.0, "NGAN": 2.0, "WA_SQ": 40.0, "OBJECTID": 243.0, "Area": 960.80601037400004, "MUBAN": "ปางขามป้อม", "TAMBOL": null, "HOME_BAN_E": null, "TAM_CODE": null, "TAM_NAM_T": "น้ำไผ่", "AMPHOE_T": "น้ำปาด", "AMPHOE_E": null, "PROV_CODE": null, "PROV_NAM_T": "อุตรดิตถ์", "PROV_NAM_E": null, "NAME_EN": null, "TAM_NAM_E": null, "Plot_No1": 1009510001.0000001, "Shape_Le_1": 145.990424418, "TARGET_F_1": 241.0, "Shape_Leng": 147.45421697099999, "Shape_Area": 960.80568114100004, "Cal_Rai": 0.6005, "layer": "AP1103PKM08", "path": "/Users/ponteerasingto/project11/อุทยานแห่งชาติต้นสักใหญ่/ส่งกรม/Shapefile/1.SHAPEFILE/บ้านปางขามป้อม/AP1103PKM08.shp" }, "geometry": { "type": "MultiPolygon", "coordinates": [ [ [ [ 100.652157444843354, 17.595244905692962 ], [ 100.652128589744279, 17.594856773124473 ], [ 100.652169601612599, 17.594704035748471 ], [ 100.651966146483872, 17.594785248537196 ], [ 100.651912441940595, 17.595047486306257 ], [ 100.652157444843354, 17.595244905692962 ] ] ] ] } },
{ "type": "Feature", "properties": { "OBJECTID_1": 157, "TARGET_FID": "0", "NAME_DNP": "ต้นสักใหญ่", "CODE_DNP": 1103, "APAR_CODE": "11031006110001PWN7", "APAR_NO": "10061", "NUM_APAR": "10001", "SPAR_CODE": "11030000200003PWN7", "SPAR_NO": "00002", "NUM_SPAR": "00003", "PAR_BAN": "ปางวุ้น", "BAN_E": "PWN", "PAR_MOO": "7", "PAR_TAM": "ผักขวง", "PAR_AMP": "ทองแสนขัน", "PAR_PROV": "อุตรดิตถ์", "NAME_TITLE": "นาย", "SURNAME": "อินชายเขา", "IDCARD": "1530900006785", "HOME_NO": "7", "HOME_BAN": "ปางวุ้น", "HOME_MOO": "16", "HOME_TAM": "ผักขวง", "HOME_AMP": "ทองแสนขัน", "HOME_PROV": "อุตรดิตถ์", "REMARK": null, "BAN_TYPE": 0, "YEAR": "2563", "NAME_DNP_T": "อุทยานแห่งชาติ", "E": 648196.0, "N": 1945636.0, "NAME": "เอกวิน", "PERIMETER": 282.80246737700003, "AREA_RAI": 3.1416212562900001, "RAI": 3.0, "NGAN": 0.0, "WA_SQ": 56.0, "OBJECTID": 157.0, "Area": 5026.59401007, "MUBAN": "ปางวุ้น", "TAMBOL": null, "HOME_BAN_E": null, "TAM_CODE": null, "TAM_NAM_T": "ผักขวง", "AMPHOE_T": "ทองแสนขัน", "AMPHOE_E": null, "PROV_CODE": null, "PROV_NAM_T": "อุตรดิตถ์", "PROV_NAM_E": null, "NAME_EN": null, "TAM_NAM_E": null, "Plot_No1": 1006110001.0000001, "Shape_Le_1": 282.80246737700003, "TARGET_F_1": 159.0, "Shape_Leng": 282.80246737700003, "Shape_Area": 5026.59401007, "Cal_Rai": null, "layer": "AP1103PWN07", "path": "/Users/ponteerasingto/project11/อุทยานแห่งชาติต้นสักใหญ่/ส่งกรม/Shapefile/1.SHAPEFILE/บ้านปางวุ้น/AP1103PWN07.shp" }, "geometry": { "type": "MultiPolygon", "coordinates": [ [ [ [ 100.396703039996808, 17.592763358114691 ], [ 100.396942799026093, 17.592461580929349 ], [ 100.397126700487547, 17.592191260609287 ], [ 100.39632869575631, 17.592043168312259 ], [ 100.396224988334112, 17.592273917622446 ], [ 100.396267886254634, 17.592665736969025 ], [ 100.396703039996808, 17.592763358114691 ] ] ] ] } },
{ "type": "Feature", "properties": { "OBJECTID_1": 158, "TARGET_FID": "0", "NAME_DNP": "ต้นสักใหญ่", "CODE_DNP": 1103, "APAR_CODE": "11031006110003PWN7", "APAR_NO": "10061", "NUM_APAR": "10003", "SPAR_CODE": "11030000200005PWN7", "SPAR_NO": "00002", "NUM_SPAR": "00005", "PAR_BAN": "ปางวุ้น", "BAN_E": "PWN", "PAR_MOO": "7", "PAR_TAM": "ผักขวง", "PAR_AMP": "ทองแสนขัน", "PAR_PROV": "อุตรดิตถ์", "NAME_TITLE": "นาย", "SURNAME": "คณะใน", "IDCARD": "3530900006625", "HOME_NO": "170/1", "HOME_BAN": "น้ำหมีใหญ่", "HOME_MOO": "1", "HOME_TAM": "ผักขวง", "HOME_AMP": "ทองแสนขัน", "HOME_PROV": "อุตรดิตถ์", "REMARK": null, "BAN_TYPE": 0, "YEAR": "2563", "NAME_DNP_T": "อุทยานแห่งชาติ", "E": 648346.0, "N": 1945398.0, "NAME": "ไพรสนต์", "PERIMETER": 468.274578975, "AREA_RAI": 4.3504676389199997, "RAI": 4.0, "NGAN": 1.0, "WA_SQ": 40.0, "OBJECTID": 158.0, "Area": 6960.74822227, "MUBAN": "น้ำหมีใหญ่", "TAMBOL": null, "HOME_BAN_E": null, "TAM_CODE": null, "TAM_NAM_T": "ผักขวง", "AMPHOE_T": "ทองแสนขัน", "AMPHOE_E": null, "PROV_CODE": null, "PROV_NAM_T": "อุตรดิตถ์", "PROV_NAM_E": null, "NAME_EN": null, "TAM_NAM_E": null, "Plot_No1": 1006110003.0, "Shape_Le_1": 468.274578975, "TARGET_F_1": 161.0, "Shape_Leng": 468.274578975, "Shape_Area": 6960.74822227, "Cal_Rai": null, "layer": "AP1103PWN07", "path": "/Users/ponteerasingto/project11/อุทยานแห่งชาติต้นสักใหญ่/ส่งกรม/Shapefile/1.SHAPEFILE/บ้านปางวุ้น/AP1103PWN07.shp" }, "geometry": { "type": "MultiPolygon", "coordinates": [ [ [ [ 100.397591011735202, 17.590616663440251 ], [ 100.397460478742545, 17.5910837961362 ], [ 100.398361912453467, 17.590319671497873 ], [ 100.398248295720904, 17.589242701888612 ], [ 100.397591011735202, 17.590616663440251 ] ] ] ] } },
{ "type": "Feature", "properties": { "OBJECTID_1": 159, "TARGET_FID": "0", "NAME_DNP": "ต้นสักใหญ่", "CODE_DNP": 1103, "APAR_CODE": "11031006310002PWN7", "APAR_NO": "10063", "NUM_APAR": "10002", "SPAR_CODE": "11030000200009PWN7", "SPAR_NO": "00002", "NUM_SPAR": "00009", "PAR_BAN": "ปางวุ้น", "BAN_E": "PWN", "PAR_MOO": "7", "PAR_TAM": "ผักขวง", "PAR_AMP": "ทองแสนขัน", "PAR_PROV": "อุตรดิตถ์", "NAME_TITLE": "นาง", "SURNAME": "ผาผึ้ง", "IDCARD": "3530900129166", "HOME_NO": "226", "HOME_BAN": "ปางวุ้น", "HOME_MOO": "16", "HOME_TAM": "ผักขวง", "HOME_AMP": "ทองแสนขัน", "HOME_PROV": "อุตรดิตถ์", "REMARK": null, "BAN_TYPE": 0, "YEAR": "2563", "NAME_DNP_T": "อุทยานแห่งชาติ", "E": 647697.0, "N": 1945342.0, "NAME": "ระมัย", "PERIMETER": 184.74615985, "AREA_RAI": 0.86489608414999997, "RAI": 0.0, "NGAN": 3.0, "WA_SQ": 44.0, "OBJECTID": 159.0, "Area": 1383.83373465, "MUBAN": "ปางวุ้น", "TAMBOL": null, "HOME_BAN_E": null, "TAM_CODE": null, "TAM_NAM_T": "ผักขวง", "AMPHOE_T": "ทองแสนขัน", "AMPHOE_E": null, "PROV_CODE": null, "PROV_NAM_T": "อุตรดิตถ์", "PROV_NAM_E": null, "NAME_EN": null, "TAM_NAM_E": null, "Plot_No1": 1006310002.0, "Shape_Le_1": 184.56973325499999, "TARGET_F_1": 165.0, "Shape_Leng": 184.74614888400001, "Shape_Area": 1383.83278266, "Cal_Rai": null, "layer": "AP1103PWN07", "path": "/Users/ponteerasingto/project11/อุทยานแห่งชาติต้นสักใหญ่/ส่งกรม/Shapefile/1.SHAPEFILE/บ้านปางวุ้น/AP1103PWN07.shp" }, "geometry": { "type": "MultiPolygon", "coordinates": [ [ [ [ 100.392034007020612, 17.589848220323734 ], [ 100.391801380785338, 17.589344185047722 ], [ 100.391734683031657, 17.589640599856086 ], [ 100.391851574026248, 17.590064961083474 ], [ 100.391958131736672, 17.590104588977855 ], [ 100.392034007020612, 17.589848220323734 ] ] ] ] } },
{ "type": "Feature", "properties": { "OBJECTID_1": 160, "TARGET_FID": "0", "NAME_DNP": "ต้นสักใหญ่", "CODE_DNP": 1103, "APAR_CODE": "11031006310004PWN7", "APAR_NO": "10063", "NUM_APAR": "10004", "SPAR_CODE": "11030000200011PWN7", "SPAR_NO": "00002", "NUM_SPAR": "00011", "PAR_BAN": "ปางวุ้น", "BAN_E": "PWN", "PAR_MOO": "7", "PAR_TAM": "ผักขวง", "PAR_AMP": "ทองแสนขัน", "PAR_PROV": "อุตรดิตถ์", "NAME_TITLE": "นาย", "SURNAME": "น้อยคำ", "IDCARD": "3530900132451", "HOME_NO": "63/2", "HOME_BAN": "ปางวุ้น", "HOME_MOO": "14", "HOME_TAM": "ผักขวง", "HOME_AMP": "ทองแสนขัน", "HOME_PROV": "อุตรดิตถ์", "REMARK": null, "BAN_TYPE": 0, "YEAR": "2563", "NAME_DNP_T": "อุทยานแห่งชาติ", "E": 647595.0, "N": 1945191.0, "NAME": "สนั่น", "PERIMETER": 369.92476864100001, "AREA_RAI": 4.7352992986200002, "RAI": 4.0, "NGAN": 2.0, "WA_SQ": 92.0, "OBJECTID": 160.0, "Area": 7576.4788778000002, "MUBAN": "ปางวุ้น", "TAMBOL": null, "HOME_BAN_E": null, "TAM_CODE": null, "TAM_NAM_T": "ผักขวง", "AMPHOE_T": "ทองแสนขัน", "AMPHOE_E": null, "PROV_CODE": null, "PROV_NAM_T": "อุตรดิตถ์", "PROV_NAM_E": null, "NAME_EN": null, "TAM_NAM_E": null, "Plot_No1": 1006310003.9999999, "Shape_Le_1": 367.38300854599999, "TARGET_F_1": 167.0, "Shape_Leng": 369.92471063199997, "Shape_Area": 7576.4778637899999, "Cal_Rai": null, "layer": "AP1103PWN07", "path": "/Users/ponteerasingto/project11/อุทยานแห่งชาติต้นสักใหญ่/ส่งกรม/Shapefile/1.SHAPEFILE/บ้านปางวุ้น/AP1103PWN07.shp" }, "geometry": { "type": "MultiPolygon", "coordinates": [ [ [ [ 100.390542587819027, 17.588918588815027 ], [ 100.391492509671437, 17.588674943562108 ], [ 100.391410779308757, 17.588497855829569 ], [ 100.390805345659615, 17.587754985326722 ], [ 100.390559454807061, 17.587990680624916 ], [ 100.390569334538128, 17.588741502918722 ], [ 100.390542587819027, 17.588918588815027 ] ] ] ] } },
{ "type": "Feature", "properties": { "OBJECTID_1": 161, "TARGET_FID": "0", "NAME_DNP": "ต้นสักใหญ่", "CODE_DNP": 1103, "APAR_CODE": "11031006310005PWN7", "APAR_NO": "10063", "NUM_APAR": "10005", "SPAR_CODE": "11030000200012PWN7", "SPAR_NO": "00002", "NUM_SPAR": "00012", "PAR_BAN": "ปางวุ้น", "BAN_E": "PWN", "PAR_MOO": "7", "PAR_TAM": "ผักขวง", "PAR_AMP": "ทองแสนขัน", "PAR_PROV": "อุตรดิตถ์", "NAME_TITLE": "นาง", "SURNAME": "มาเกาะ", "IDCARD": "3530900127431", "HOME_NO": "216", "HOME_BAN": "ปางวุ้น", "HOME_MOO": "7", "HOME_TAM": "ผักขวง", "HOME_AMP": "ทองแสนขัน", "HOME_PROV": "อุตรดิตถ์", "REMARK": null, "BAN_TYPE": 0, "YEAR": "2563", "NAME_DNP_T": "อุทยานแห่งชาติ", "E": 647528.0, "N": 1945111.0, "NAME": "พัดชนี", "PERIMETER": 471.31857261499999, "AREA_RAI": 4.7919706929299997, "RAI": 4.0, "NGAN": 3.0, "WA_SQ": 16.0, "OBJECTID": 161.0, "Area": 7667.1531086900004, "MUBAN": "ปางวุ้น", "TAMBOL": null, "HOME_BAN_E": null, "TAM_CODE": null, "TAM_NAM_T": "ผักขวง", "AMPHOE_T": "ทองแสนขัน", "AMPHOE_E": null, "PROV_CODE": null, "PROV_NAM_T": "อุตรดิตถ์", "PROV_NAM_E": null, "NAME_EN": null, "TAM_NAM_E": null, "Plot_No1": 1006310005.0, "Shape_Le_1": 471.31857261499999, "TARGET_F_1": 168.0, "Shape_Leng": 471.31857261499999, "Shape_Area": 7667.1531086900004, "Cal_Rai": null, "layer": "AP1103PWN07", "path": "/Users/ponteerasingto/project11/อุทยานแห่งชาติต้นสักใหญ่/ส่งกรม/Shapefile/1.SHAPEFILE/บ้านปางวุ้น/AP1103PWN07.shp" }, "geometry": { "type": "MultiPolygon", "coordinates": [ [ [ [ 100.389925368032621, 17.588588035151808 ], [ 100.390389836820049, 17.588297848217199 ], [ 100.390430648160574, 17.588068627519839 ], [ 100.390769128595295, 17.587710546709207 ], [ 100.390036982184483, 17.586812187986347 ], [ 100.389933052203062, 17.58724519565029 ], [ 100.390176400375111, 17.587771416936771 ], [ 100.389925368032621, 17.588588035151808 ] ] ] ] } },
{ "type": "Feature", "properties": { "OBJECTID_1": 162, "TARGET_FID": "0", "NAME_DNP": "ต้นสักใหญ่", "CODE_DNP": 1103, "APAR_CODE": "11031006120002PWN7", "APAR_NO": "10061", "NUM_APAR": "20002", "SPAR_CODE": "11030000200004PWN7", "SPAR_NO": "00002", "NUM_SPAR": "00004", "PAR_BAN": "ปางวุ้น", "BAN_E": "PWN", "PAR_MOO": "7", "PAR_TAM": "ผักขวง", "PAR_AMP": "ทองแสนขัน", "PAR_PROV": "อุตรดิตถ์", "NAME_TITLE": "นางสาว", "SURNAME": "ผุยสุดา", "IDCARD": "3530900138106", "HOME_NO": "139", "HOME_BAN": "ปางวุ้น", "HOME_MOO": "7", "HOME_TAM": "ผักขวง", "HOME_AMP": "ทองแสนขัน", "HOME_PROV": "อุตรดิตถ์", "REMARK": null, "BAN_TYPE": 0, "YEAR": "2563", "NAME_DNP_T": "อุทยานแห่งชาติ", "E": 648208.0, "N": 1945509.0, "NAME": "หนูนา", "PERIMETER": 513.36650469300002, "AREA_RAI": 8.3272884769100006, "RAI": 8.0, "NGAN": 1.0, "WA_SQ": 28.0, "OBJECTID": 162.0, "Area": 13323.661563, "MUBAN": "ปางวุ้น", "TAMBOL": null, "HOME_BAN_E": null, "TAM_CODE": null, "TAM_NAM_T": "ผักขวง", "AMPHOE_T": "ทองแสนขัน", "AMPHOE_E": null, "PROV_CODE": null, "PROV_NAM_T": "อุตรดิตถ์", "PROV_NAM_E": null, "NAME_EN": null, "TAM_NAM_E": null, "Plot_No1": 1006120002.0, "Shape_Le_1": 512.96989779900002, "TARGET_F_1": 160.0, "Shape_Leng": 513.36643023399995, "Shape_Area": 13323.657903, "Cal_Rai": null, "layer": "AP1103PWN07", "path": "/Users/ponteerasingto/project11/อุทยานแห่งชาติต้นสักใหญ่/ส่งกรม/Shapefile/1.SHAPEFILE/บ้านปางวุ้น/AP1103PWN07.shp" }, "geometry": { "type": "MultiPolygon", "coordinates": [ [ [ [ 100.397460478742545, 17.5910837961362 ], [ 100.397591011735202, 17.590616663440251 ], [ 100.396716501140233, 17.590818944351316 ], [ 100.395916391275733, 17.591092976938906 ], [ 100.39632869575631, 17.592043168312259 ], [ 100.397460478742545, 17.5910837961362 ] ] ] ] } },
{ "type": "Feature", "properties": { "OBJECTID_1": 163, "TARGET_FID": "0", "NAME_DNP": "ต้นสักใหญ่", "CODE_DNP": 1103, "APAR_CODE": "11031006610001PWN7", "APAR_NO": "10066", "NUM_APAR": "10001", "SPAR_CODE": "11030000200016PWN7", "SPAR_NO": "00002", "NUM_SPAR": "00016", "PAR_BAN": "ปางวุ้น", "BAN_E": "PWN", "PAR_MOO": "7", "PAR_TAM": "ผักขวง", "PAR_AMP": "ทองแสนขัน", "PAR_PROV": "อุตรดิตถ์", "NAME_TITLE": "นาย", "SURNAME": "น้อยคำ", "IDCARD": "3530900022892", "HOME_NO": "19/1", "HOME_BAN": "วังโป่ง", "HOME_MOO": "2", "HOME_TAM": "ผักขวง", "HOME_AMP": "ทองแสนขัน", "HOME_PROV": "อุตรดิตถ์", "REMARK": null, "BAN_TYPE": 0, "YEAR": "2563", "NAME_DNP_T": "อุทยานแห่งชาติ", "E": 645692.0, "N": 1945334.0, "NAME": "นาค", "PERIMETER": 179.92420822700001, "AREA_RAI": 1.0702163868800001, "RAI": 1.0, "NGAN": 0.0, "WA_SQ": 28.0, "OBJECTID": 163.0, "Area": 1712.346219, "MUBAN": "วังโป่ง", "TAMBOL": null, "HOME_BAN_E": null, "TAM_CODE": null, "TAM_NAM_T": "ผักขวง", "AMPHOE_T": "ทองแสนขัน", "AMPHOE_E": null, "PROV_CODE": null, "PROV_NAM_T": "อุตรดิตถ์", "PROV_NAM_E": null, "NAME_EN": null, "TAM_NAM_E": null, "Plot_No1": 1006610001.0000001, "Shape_Le_1": 179.604098166, "TARGET_F_1": 172.0, "Shape_Leng": 179.92418603499999, "Shape_Area": 1712.3454824099999, "Cal_Rai": null, "layer": "AP1103PWN07", "path": "/Users/ponteerasingto/project11/อุทยานแห่งชาติต้นสักใหญ่/ส่งกรม/Shapefile/1.SHAPEFILE/บ้านปางวุ้น/AP1103PWN07.shp" }, "geometry": { "type": "MultiPolygon", "coordinates": [ [ [ [ 100.372961146592147, 17.590128989069672 ], [ 100.373094500703246, 17.590095198226336 ], [ 100.373199466081076, 17.589757053485673 ], [ 100.372835605322123, 17.589467981731072 ], [ 100.372860166482553, 17.589962320221296 ], [ 100.372961146592147, 17.590128989069672 ] ] ] ] } },
{ "type": "Feature", "properties": { "OBJECTID_1": 164, "TARGET_FID": "0", "NAME_DNP": "ต้นสักใหญ่", "CODE_DNP": 1103, "APAR_CODE": "11031005910001PWN7", "APAR_NO": "10059", "NUM_APAR": "10001", "SPAR_CODE": "11030000200001PWN7", "SPAR_NO": "00002", "NUM_SPAR": "00001", "PAR_BAN": "ปางวุ้น", "BAN_E": "PWN", "PAR_MOO": "7", "PAR_TAM": "ผักขวง", "PAR_AMP": "ทองแสนขัน", "PAR_PROV": "อุตรดิตถ์", "NAME_TITLE": "นาง", "SURNAME": "ล่าแยง", "IDCARD": "3530900132493", "HOME_NO": "72", "HOME_BAN": "ปางวุ้น", "HOME_MOO": "7", "HOME_TAM": "ผักขวง", "HOME_AMP": "ทองแสนขัน", "HOME_PROV": "อุตรดิตถ์", "REMARK": null, "BAN_TYPE": 0, "YEAR": "2563", "NAME_DNP_T": "อุทยานแห่งชาติ", "E": 648507.0, "N": 1946000.0, "NAME": "พลอย", "PERIMETER": 291.26525933800002, "AREA_RAI": 1.83233574578, "RAI": 1.0, "NGAN": 3.0, "WA_SQ": 32.0, "OBJECTID": 164.0, "Area": 2931.73719325, "MUBAN": "ปางวุ้น", "TAMBOL": null, "HOME_BAN_E": null, "TAM_CODE": null, "TAM_NAM_T": "ผักขวง", "AMPHOE_T": "ทองแสนขัน", "AMPHOE_E": null, "PROV_CODE": null, "PROV_NAM_T": "อุตรดิตถ์", "PROV_NAM_E": null, "NAME_EN": null, "TAM_NAM_E": null, "Plot_No1": 1005910001.0000001, "Shape_Le_1": 291.26525933800002, "TARGET_F_1": 157.0, "Shape_Leng": 291.26525933800002, "Shape_Area": 2931.73719325, "Cal_Rai": null, "layer": "AP1103PWN07", "path": "/Users/ponteerasingto/project11/อุทยานแห่งชาติต้นสักใหญ่/ส่งกรม/Shapefile/1.SHAPEFILE/บ้านปางวุ้น/AP1103PWN07.shp" }, "geometry": { "type": "MultiPolygon", "coordinates": [ [ [ [ 100.3994027761631, 17.595260481205745 ], [ 100.399339489568192, 17.595652756712084 ], [ 100.399372100036288, 17.596002566901209 ], [ 100.399653746002926, 17.596057955602518 ], [ 100.399634161687146, 17.595845773962846 ], [ 100.399721919770826, 17.595586925913835 ], [ 100.400093472767054, 17.595638835928387 ], [ 100.3994027761631, 17.595260481205745 ] ] ] ] } },
{ "type": "Feature", "properties": { "OBJECTID_1": 165, "TARGET_FID": "0", "NAME_DNP": "ต้นสักใหญ่", "CODE_DNP": 1103, "APAR_CODE": "11031006010001PWN7", "APAR_NO": "10060", "NUM_APAR": "10001", "SPAR_CODE": "11030000200002PWN7", "SPAR_NO": "00002", "NUM_SPAR": "00002", "PAR_BAN": "ปางวุ้น", "BAN_E": "PWN", "PAR_MOO": "7", "PAR_TAM": "ผักขวง", "PAR_AMP": "ทองแสนขัน", "PAR_PROV": "อุตรดิตถ์", "NAME_TITLE": "นางสาว", "SURNAME": "ทิแก้ว", "IDCARD": "1530900035050", "HOME_NO": "77/1", "HOME_BAN": "ปางวุ้น", "HOME_MOO": "7", "HOME_TAM": "ผักขวง", "HOME_AMP": "ทองแสนขัน", "HOME_PROV": "อุตรดิตถ์", "REMARK": null, "BAN_TYPE": 0, "YEAR": "2563", "NAME_DNP_T": "อุทยานแห่งชาติ", "E": 648391.0, "N": 1945888.0, "NAME": "วันวิสา", "PERIMETER": 367.32308481699999, "AREA_RAI": 4.2345872444200001, "RAI": 4.0, "NGAN": 0.0, "WA_SQ": 92.0, "OBJECTID": 165.0, "Area": 6775.3395910700001, "MUBAN": "ปางวุ้น", "TAMBOL": null, "HOME_BAN_E": null, "TAM_CODE": null, "TAM_NAM_T": "ผักขวง", "AMPHOE_T": "ทองแสนขัน", "AMPHOE_E": null, "PROV_CODE": null, "PROV_NAM_T": "อุตรดิตถ์", "PROV_NAM_E": null, "NAME_EN": null, "TAM_NAM_E": null, "Plot_No1": 1006010001.0000001, "Shape_Le_1": 367.32308481699999, "TARGET_F_1": 158.0, "Shape_Leng": 367.32308481699999, "Shape_Area": 6775.3395910700001, "Cal_Rai": null, "layer": "AP1103PWN07", "path": "/Users/ponteerasingto/project11/อุทยานแห่งชาติต้นสักใหญ่/ส่งกรม/Shapefile/1.SHAPEFILE/บ้านปางวุ้น/AP1103PWN07.shp" }, "geometry": { "type": "MultiPolygon", "coordinates": [ [ [ [ 100.398870685813336, 17.594041233187454 ], [ 100.39786444289274, 17.594813471012394 ], [ 100.398126725133807, 17.595203738341656 ], [ 100.398727256290357, 17.594840839366103 ], [ 100.398780260317807, 17.594601364954595 ], [ 100.398963714698027, 17.594519994763179 ], [ 100.398986396016909, 17.594346928625377 ], [ 100.398870685813336, 17.594041233187454 ] ] ] ] } },
{ "type": "Feature", "properties": { "OBJECTID_1": 166, "TARGET_FID": "0", "NAME_DNP": "ต้นสักใหญ่", "CODE_DNP": 1103, "APAR_CODE": "11031006320003PWN7", "APAR_NO": "10063", "NUM_APAR": "20003", "SPAR_CODE": "11030000200010PWN7", "SPAR_NO": "00002", "NUM_SPAR": "00010", "PAR_BAN": "ปางวุ้น", "BAN_E": "PWN", "PAR_MOO": "7", "PAR_TAM": "ผักขวง", "PAR_AMP": "ทองแสนขัน", "PAR_PROV": "อุตรดิตถ์", "NAME_TITLE": "นาง", "SURNAME": "ตันใจ", "IDCARD": "3530900066059", "HOME_NO": "44/4", "HOME_BAN": "ปางวุ้น", "HOME_MOO": "7", "HOME_TAM": "ผักขวง", "HOME_AMP": "ทองแสนขัน", "HOME_PROV": "อุตรดิตถ์", "REMARK": null, "BAN_TYPE": 0, "YEAR": "2563", "NAME_DNP_T": "อุทยานแห่งชาติ", "E": 647601.0, "N": 1945285.0, "NAME": "บัวผัน", "PERIMETER": 480.15312762000002, "AREA_RAI": 8.0329905570599998, "RAI": 8.0, "NGAN": 0.0, "WA_SQ": 12.0, "OBJECTID": 166.0, "Area": 12852.7848913, "MUBAN": "ปางวุ้น", "TAMBOL": null, "HOME_BAN_E": null, "TAM_CODE": null, "TAM_NAM_T": "ผักขวง", "AMPHOE_T": "ทองแสนขัน", "AMPHOE_E": null, "PROV_CODE": null, "PROV_NAM_T": "อุตรดิตถ์", "PROV_NAM_E": null, "NAME_EN": null, "TAM_NAM_E": null, "Plot_No1": 1006320003.0, "Shape_Le_1": 480.15312762000002, "TARGET_F_1": 166.0, "Shape_Leng": 480.15312762000002, "Shape_Area": 12852.7848913, "Cal_Rai": null, "layer": "AP1103PWN07", "path": "/Users/ponteerasingto/project11/อุทยานแห่งชาติต้นสักใหญ่/ส่งกรม/Shapefile/1.SHAPEFILE/บ้านปางวุ้น/AP1103PWN07.shp" }, "geometry": { "type": "MultiPolygon", "coordinates": [ [ [ [ 100.390542587819027, 17.588918588815027 ], [ 100.390274324591445, 17.589200116094755 ], [ 100.390115279127087, 17.589611195040042 ], [ 100.390761343042868, 17.589595173229345 ], [ 100.39143964958987, 17.589883056669155 ], [ 100.391607316491445, 17.588923699870822 ], [ 100.391492509671437, 17.588674943562108 ], [ 100.390542587819027, 17.588918588815027 ] ] ] ] } },
{ "type": "Feature", "properties": { "OBJECTID_1": 167, "TARGET_FID": "0", "NAME_DNP": "ต้นสักใหญ่", "CODE_DNP": 1103, "APAR_CODE": "11031006110004PWN7", "APAR_NO": "10061", "NUM_APAR": "10004", "SPAR_CODE": "11030000200006PWN7", "SPAR_NO": "00002", "NUM_SPAR": "00006", "PAR_BAN": "ปางวุ้น", "BAN_E": "PWN", "PAR_MOO": "7", "PAR_TAM": "ผักขวง", "PAR_AMP": "ทองแสนขัน", "PAR_PROV": "อุตรดิตถ์", "NAME_TITLE": "นาย", "SURNAME": "สอยตา", "IDCARD": "3530900137665", "HOME_NO": "210", "HOME_BAN": "ปางวุ้น", "HOME_MOO": "16", "HOME_TAM": "ผักขวง", "HOME_AMP": "ทองแสนขัน", "HOME_PROV": "อุตรดิตถ์", "REMARK": null, "BAN_TYPE": 0, "YEAR": "2563", "NAME_DNP_T": "อุทยานแห่งชาติ", "E": 648311.0, "N": 1945378.0, "NAME": "วิเชียร", "PERIMETER": 388.86933111600001, "AREA_RAI": 3.2504418778900002, "RAI": 3.0, "NGAN": 1.0, "WA_SQ": 0.0, "OBJECTID": 167.0, "Area": 5200.7070046199997, "MUBAN": "ปางวุ้น", "TAMBOL": null, "HOME_BAN_E": null, "TAM_CODE": null, "TAM_NAM_T": "ผักขวง", "AMPHOE_T": "ทองแสนขัน", "AMPHOE_E": null, "PROV_CODE": null, "PROV_NAM_T": "อุตรดิตถ์", "PROV_NAM_E": null, "NAME_EN": null, "TAM_NAM_E": null, "Plot_No1": 1006110003.9999999, "Shape_Le_1": 388.86933111600001, "TARGET_F_1": 162.0, "Shape_Leng": 388.86933111600001, "Shape_Area": 5200.7070046199997, "Cal_Rai": null, "layer": "AP1103PWN07", "path": "/Users/ponteerasingto/project11/อุทยานแห่งชาติต้นสักใหญ่/ส่งกรม/Shapefile/1.SHAPEFILE/บ้านปางวุ้น/AP1103PWN07.shp" }, "geometry": { "type": "MultiPolygon", "coordinates": [ [ [ [ 100.397353893640584, 17.590031215200575 ], [ 100.397253839987499, 17.590522269606556 ], [ 100.397591011735202, 17.590616663440251 ], [ 100.398248295720904, 17.589242701888612 ], [ 100.397353893640584, 17.590031215200575 ] ] ] ] } },
{ "type": "Feature", "properties": { "OBJECTID_1": 168, "TARGET_FID": "0", "NAME_DNP": "ต้นสักใหญ่", "CODE_DNP": 1103, "APAR_CODE": "11031006210001PWN7", "APAR_NO": "10062", "NUM_APAR": "10001", "SPAR_CODE": "11030000200007PWN7", "SPAR_NO": "00002", "NUM_SPAR": "00007", "PAR_BAN": "ปางวุ้น", "BAN_E": "PWN", "PAR_MOO": "7", "PAR_TAM": "ผักขวง", "PAR_AMP": "ทองแสนขัน", "PAR_PROV": "อุตรดิตถ์", "NAME_TITLE": "นาย", "SURNAME": "มงคลเสถียร", "IDCARD": "3530400229757", "HOME_NO": "56/2", "HOME_BAN": "ปางวุ้น", "HOME_MOO": "14", "HOME_TAM": "ผักขวง", "HOME_AMP": "ทองแสนขัน", "HOME_PROV": "อุตรดิตถ์", "REMARK": null, "BAN_TYPE": 0, "YEAR": "2563", "NAME_DNP_T": "อุทยานแห่งชาติ", "E": 648026.0, "N": 1945196.0, "NAME": "ศรายุทธ", "PERIMETER": 110.102754121, "AREA_RAI": 0.3201063402, "RAI": 0.0, "NGAN": 1.0, "WA_SQ": 28.0, "OBJECTID": 168.0, "Area": 512.17014431600001, "MUBAN": "ปางวุ้น", "TAMBOL": null, "HOME_BAN_E": null, "TAM_CODE": null, "TAM_NAM_T": "ผักขวง", "AMPHOE_T": "ทองแสนขัน", "AMPHOE_E": null, "PROV_CODE": null, "PROV_NAM_T": "อุตรดิตถ์", "PROV_NAM_E": null, "NAME_EN": null, "TAM_NAM_E": null, "Plot_No1": 1006210001.0000001, "Shape_Le_1": 109.468715557, "TARGET_F_1": 163.0, "Shape_Leng": 110.102806595, "Shape_Area": 512.17046294900001, "Cal_Rai": null, "layer": "AP1103PWN07", "path": "/Users/ponteerasingto/project11/อุทยานแห่งชาติต้นสักใหญ่/ส่งกรม/Shapefile/1.SHAPEFILE/บ้านปางวุ้น/AP1103PWN07.shp" }, "geometry": { "type": "MultiPolygon", "coordinates": [ [ [ [ 100.394834092660659, 17.58846058732178 ], [ 100.395150140587532, 17.58858570265922 ], [ 100.394939907848823, 17.588226520853521 ], [ 100.394834092660659, 17.58846058732178 ] ] ] ] } },
{ "type": "Feature", "properties": { "OBJECTID_1": 169, "TARGET_FID": "0", "NAME_DNP": "ต้นสักใหญ่", "CODE_DNP": 1103, "APAR_CODE": "11031006310001PWN7", "APAR_NO": "10063", "NUM_APAR": "10001", "SPAR_CODE": "11030000200008PWN7", "SPAR_NO": "00002", "NUM_SPAR": "00008", "PAR_BAN": "ปางวุ้น", "BAN_E": "PWN", "PAR_MOO": "7", "PAR_TAM": "ผักขวง", "PAR_AMP": "ทองแสนขัน", "PAR_PROV": "อุตรดิตถ์", "NAME_TITLE": "นาย", "SURNAME": "ตันใจ", "IDCARD": "4530900001681", "HOME_NO": "55/6", "HOME_BAN": "ปางวุ้น", "HOME_MOO": "7", "HOME_TAM": "ผักขวง", "HOME_AMP": "ทองแสนขัน", "HOME_PROV": "อุตรดิตถ์", "REMARK": null, "BAN_TYPE": 0, "YEAR": "2563", "NAME_DNP_T": "อุทยานแห่งชาติ", "E": 647716.0, "N": 1945373.0, "NAME": "สายทอง", "PERIMETER": 99.645695567299995, "AREA_RAI": 0.25135620678999998, "RAI": 0.0, "NGAN": 1.0, "WA_SQ": 0.0, "OBJECTID": 169.0, "Area": 402.16993085899998, "MUBAN": "ปางวุ้น", "TAMBOL": null, "HOME_BAN_E": null, "TAM_CODE": null, "TAM_NAM_T": "ผักขวง", "AMPHOE_T": "ทองแสนขัน", "AMPHOE_E": null, "PROV_CODE": null, "PROV_NAM_T": "อุตรดิตถ์", "PROV_NAM_E": null, "NAME_EN": null, "TAM_NAM_E": null, "Plot_No1": 1006310001.0000001, "Shape_Le_1": 97.753177432399994, "TARGET_F_1": 164.0, "Shape_Leng": 99.645761253100005, "Shape_Area": 402.17054876100002, "Cal_Rai": null, "layer": "AP1103PWN07", "path": "/Users/ponteerasingto/project11/อุทยานแห่งชาติต้นสักใหญ่/ส่งกรม/Shapefile/1.SHAPEFILE/บ้านปางวุ้น/AP1103PWN07.shp" }, "geometry": { "type": "MultiPolygon", "coordinates": [ [ [ [ 100.392034007020612, 17.589848220323734 ], [ 100.391958131736672, 17.590104588977855 ], [ 100.392196768209246, 17.590200875442182 ], [ 100.392034007020612, 17.589848220323734 ] ] ] ] } },
{ "type": "Feature", "properties": { "OBJECTID_1": 170, "TARGET_FID": "0", "NAME_DNP": "ต้นสักใหญ่", "CODE_DNP": 1103, "APAR_CODE": "11031006410001PWN7", "APAR_NO": "10064", "NUM_APAR": "10001", "SPAR_CODE": "11030000200013PWN7", "SPAR_NO": "00002", "NUM_SPAR": "00013", "PAR_BAN": "ปางวุ้น", "BAN_E": "PWN", "PAR_MOO": "7", "PAR_TAM": "ผักขวง", "PAR_AMP": "ทองแสนขัน", "PAR_PROV": "อุตรดิตถ์", "NAME_TITLE": "นาง", "SURNAME": "มาบุญ", "IDCARD": "3530900135671", "HOME_NO": "25", "HOME_BAN": "ปางวุ้น", "HOME_MOO": "7", "HOME_TAM": "ผักขวง", "HOME_AMP": "ทองแสนขัน", "HOME_PROV": "อุตรดิตถ์", "REMARK": null, "BAN_TYPE": 0, "YEAR": "2563", "NAME_DNP_T": "อุทยานแห่งชาติ", "E": 647161.0, "N": 1945457.0, "NAME": "ทองเยี่ยม", "PERIMETER": 345.60281692699999, "AREA_RAI": 1.38421043334, "RAI": 1.0, "NGAN": 1.0, "WA_SQ": 52.0, "OBJECTID": 170.0, "Area": 2214.7366933500002, "MUBAN": "ปางวุ้น", "TAMBOL": null, "HOME_BAN_E": null, "TAM_CODE": null, "TAM_NAM_T": "ผักขวง", "AMPHOE_T": "ทองแสนขัน", "AMPHOE_E": null, "PROV_CODE": null, "PROV_NAM_T": "อุตรดิตถ์", "PROV_NAM_E": null, "NAME_EN": null, "TAM_NAM_E": null, "Plot_No1": 1006410001.0000001, "Shape_Le_1": 345.60281692699999, "TARGET_F_1": 169.0, "Shape_Leng": 345.60281692699999, "Shape_Area": 2214.7366933500002, "Cal_Rai": null, "layer": "AP1103PWN07", "path": "/Users/ponteerasingto/project11/อุทยานแห่งชาติต้นสักใหญ่/ส่งกรม/Shapefile/1.SHAPEFILE/บ้านปางวุ้น/AP1103PWN07.shp" }, "geometry": { "type": "MultiPolygon", "coordinates": [ [ [ [ 100.386108039746304, 17.590764811296378 ], [ 100.386386527343362, 17.59100820723879 ], [ 100.386698201384462, 17.590772431886712 ], [ 100.387132589268305, 17.591011814791283 ], [ 100.387573161626364, 17.590753390757865 ], [ 100.386108039746304, 17.590764811296378 ] ] ] ] } },
{ "type": "Feature", "properties": { "OBJECTID_1": 171, "TARGET_FID": "0", "NAME_DNP": "ต้นสักใหญ่", "CODE_DNP": 1103, "APAR_CODE": "11031006510002PWN7", "APAR_NO": "10065", "NUM_APAR": "10002", "SPAR_CODE": "11030000200014PWN7", "SPAR_NO": "00002", "NUM_SPAR": "00014", "PAR_BAN": "ปางวุ้น", "BAN_E": "PWN", "PAR_MOO": "7", "PAR_TAM": "ผักขวง", "PAR_AMP": "ทองแสนขัน", "PAR_PROV": "อุตรดิตถ์", "NAME_TITLE": "นาง", "SURNAME": "สอยตา", "IDCARD": "3530900134186", "HOME_NO": "54/1", "HOME_BAN": "ปางวุ้น", "HOME_MOO": "14", "HOME_TAM": "ผักขวง", "HOME_AMP": "ทองแสนขัน", "HOME_PROV": "อุตรดิตถ์", "REMARK": null, "BAN_TYPE": 0, "YEAR": "2563", "NAME_DNP_T": "อุทยานแห่งชาติ", "E": 646041.0, "N": 1945365.0, "NAME": "ประกายแก้ว", "PERIMETER": 167.041526586, "AREA_RAI": 0.81230312542000005, "RAI": 0.0, "NGAN": 3.0, "WA_SQ": 24.0, "OBJECTID": 171.0, "Area": 1299.68500068, "MUBAN": "ปางวุ้น", "TAMBOL": null, "HOME_BAN_E": null, "TAM_CODE": null, "TAM_NAM_T": "ผักขวง", "AMPHOE_T": "ทองแสนขัน", "AMPHOE_E": null, "PROV_CODE": null, "PROV_NAM_T": "อุตรดิตถ์", "PROV_NAM_E": null, "NAME_EN": null, "TAM_NAM_E": null, "Plot_No1": 1006510002.0, "Shape_Le_1": 165.84262018300001, "TARGET_F_1": 170.0, "Shape_Leng": 167.04157046099999, "Shape_Area": 1299.6856543900001, "Cal_Rai": null, "layer": "AP1103PWN07", "path": "/Users/ponteerasingto/project11/อุทยานแห่งชาติต้นสักใหญ่/ส่งกรม/Shapefile/1.SHAPEFILE/บ้านปางวุ้น/AP1103PWN07.shp" }, "geometry": { "type": "MultiPolygon", "coordinates": [ [ [ [ 100.37660366591652, 17.590048765722564 ], [ 100.376449400763462, 17.589929267480567 ], [ 100.37590126488378, 17.590069391769745 ], [ 100.376227286812707, 17.590250884873448 ], [ 100.37660366591652, 17.590048765722564 ] ] ] ] } },
{ "type": "Feature", "properties": { "OBJECTID_1": 172, "TARGET_FID": "0", "NAME_DNP": "ต้นสักใหญ่", "CODE_DNP": 1103, "APAR_CODE": "11031006510001PWN7", "APAR_NO": "10065", "NUM_APAR": "10001", "SPAR_CODE": "11030000200015PWN7", "SPAR_NO": "00002", "NUM_SPAR": "00015", "PAR_BAN": "ปางวุ้น", "BAN_E": "PWN", "PAR_MOO": "7", "PAR_TAM": "ผักขวง", "PAR_AMP": "ทองแสนขัน", "PAR_PROV": "อุตรดิตถ์", "NAME_TITLE": "นาย", "SURNAME": "มีเถื่อน", "IDCARD": "3530900133295", "HOME_NO": "44/1", "HOME_BAN": "ปางวุ้น", "HOME_MOO": "17", "HOME_TAM": "ผักขวง", "HOME_AMP": "ทองแสนขัน", "HOME_PROV": "อุตรดิตถ์", "REMARK": null, "BAN_TYPE": 0, "YEAR": "2563", "NAME_DNP_T": "อุทยานแห่งชาติ", "E": 646102.0, "N": 1945402.0, "NAME": "เฉลิม", "PERIMETER": 131.777519711, "AREA_RAI": 0.64294403726000005, "RAI": 0.0, "NGAN": 2.0, "WA_SQ": 56.0, "OBJECTID": 172.0, "Area": 1028.7104596199999, "MUBAN": "ปางวุ้น", "TAMBOL": null, "HOME_BAN_E": null, "TAM_CODE": null, "TAM_NAM_T": "ผักขวง", "AMPHOE_T": "ทองแสนขัน", "AMPHOE_E": null, "PROV_CODE": null, "PROV_NAM_T": "อุตรดิตถ์", "PROV_NAM_E": null, "NAME_EN": null, "TAM_NAM_E": null, "Plot_No1": 1006510001.0000001, "Shape_Le_1": 131.777519711, "TARGET_F_1": 171.0, "Shape_Leng": 131.777519711, "Shape_Area": 1028.7104596199999, "Cal_Rai": null, "layer": "AP1103PWN07", "path": "/Users/ponteerasingto/project11/อุทยานแห่งชาติต้นสักใหญ่/ส่งกรม/Shapefile/1.SHAPEFILE/บ้านปางวุ้น/AP1103PWN07.shp" }, "geometry": { "type": "MultiPolygon", "coordinates": [ [ [ [ 100.376793797114829, 17.590196047262644 ], [ 100.376649347475052, 17.590487223768324 ], [ 100.37687061607194, 17.590576330341328 ], [ 100.377098928720471, 17.590432408045356 ], [ 100.376793797114829, 17.590196047262644 ] ] ] ] } },
{ "type": "Feature", "properties": { "OBJECTID_1": 216, "TARGET_FID": "0", "NAME_DNP": "ต้นสักใหญ่", "CODE_DNP": 1103, "APAR_CODE": "11031008310004TKN3", "APAR_NO": "10083", "NUM_APAR": "10004", "SPAR_CODE": "11030001000003TKN3", "SPAR_NO": "00010", "NUM_SPAR": "00003", "PAR_BAN": "ต้นขนุน", "BAN_E": "TKN", "PAR_MOO": "3", "PAR_TAM": "น้ำไผ่", "PAR_AMP": "น้ำปาด", "PAR_PROV": "อุตรดิตถ์", "NAME_TITLE": "นาง", "SURNAME": "ล้นลุย", "IDCARD": "3530400253364", "HOME_NO": "23", "HOME_BAN": "ต้นขนุน", "HOME_MOO": "3", "HOME_TAM": "น้ำไผ่", "HOME_AMP": "น้ำปาด", "HOME_PROV": "อุตรดิตถ์", "REMARK": null, "BAN_TYPE": 0, "YEAR": "2563", "NAME_DNP_T": "อุทยานแห่งชาติ", "E": 684001.0, "N": 1951221.0, "NAME": "สังวาน", "PERIMETER": 516.52579030899994, "AREA_RAI": 6.77463111, "RAI": 6.0, "NGAN": 3.0, "WA_SQ": 8.0, "OBJECTID": 217.0, "Area": 10839.409776, "MUBAN": "ต้นขนุน", "TAMBOL": null, "HOME_BAN_E": null, "TAM_CODE": null, "TAM_NAM_T": "น้ำไผ่", "AMPHOE_T": "น้ำปาด", "AMPHOE_E": null, "PROV_CODE": null, "PROV_NAM_T": "อุตรดิตถ์", "PROV_NAM_E": null, "NAME_EN": null, "TAM_NAM_E": null, "Plot_No1": 1008310003.9999999, "Shape_Le_1": 516.52579030899994, "TARGET_F_1": 219.0, "Shape_Leng": 516.52579030899994, "Shape_Area": 10839.409776, "Cal_Rai": 6.7746, "layer": "AP1103TKN03", "path": "/Users/ponteerasingto/project11/อุทยานแห่งชาติต้นสักใหญ่/ส่งกรม/Shapefile/1.SHAPEFILE/บ้านต้นขนุน/AP1103TKN03.shp" }, "geometry": { "type": "MultiPolygon", "coordinates": [ [ [ [ 100.734273093057567, 17.640868626184826 ], [ 100.735148520360951, 17.640636350641369 ], [ 100.734963724470092, 17.640195845210464 ], [ 100.734115051546326, 17.639523091368421 ], [ 100.733645936830825, 17.63962577194749 ], [ 100.733538812695414, 17.639943369230345 ], [ 100.733901435588962, 17.639894060741931 ], [ 100.734282068658828, 17.640282952901384 ], [ 100.734273093057567, 17.640868626184826 ] ] ] ] } },
{ "type": "Feature", "properties": { "OBJECTID_1": 217, "TARGET_FID": "0", "NAME_DNP": "ต้นสักใหญ่", "CODE_DNP": 1103, "APAR_CODE": "11031008320007TKN3", "APAR_NO": "10083", "NUM_APAR": "20007", "SPAR_CODE": "11030001000004TKN3", "SPAR_NO": "00010", "NUM_SPAR": "00004", "PAR_BAN": "ต้นขนุน", "BAN_E": "TKN", "PAR_MOO": "3", "PAR_TAM": "น้ำไผ่", "PAR_AMP": "น้ำปาด", "PAR_PROV": "อุตรดิตถ์", "NAME_TITLE": "นาง", "SURNAME": "ป้องสา", "IDCARD": "3530400254387", "HOME_NO": "35", "HOME_BAN": "ต้นขนุน", "HOME_MOO": "3", "HOME_TAM": "น้ำไผ่", "HOME_AMP": "น้ำปาด", "HOME_PROV": "อุตรดิตถ์", "REMARK": null, "BAN_TYPE": 0, "YEAR": "2563", "NAME_DNP_T": "อุทยานแห่งชาติ", "E": 684080.0, "N": 1951055.0, "NAME": "ลำไพร", "PERIMETER": 862.82771999600004, "AREA_RAI": 15.313156191199999, "RAI": 15.0, "NGAN": 1.0, "WA_SQ": 24.0, "OBJECTID": 218.0, "Area": 24501.049905899999, "MUBAN": "ต้นขนุน", "TAMBOL": null, "HOME_BAN_E": null, "TAM_CODE": null, "TAM_NAM_T": "น้ำไผ่", "AMPHOE_T": "น้ำปาด", "AMPHOE_E": null, "PROV_CODE": null, "PROV_NAM_T": "อุตรดิตถ์", "PROV_NAM_E": null, "NAME_EN": null, "TAM_NAM_E": null, "Plot_No1": 1008320006.9999999, "Shape_Le_1": 862.82771999600004, "TARGET_F_1": 220.0, "Shape_Leng": 862.82771999600004, "Shape_Area": 24501.049905899999, "Cal_Rai": 15.3132, "layer": "AP1103TKN03", "path": "/Users/ponteerasingto/project11/อุทยานแห่งชาติต้นสักใหญ่/ส่งกรม/Shapefile/1.SHAPEFILE/บ้านต้นขนุน/AP1103TKN03.shp" }, "geometry": { "type": "MultiPolygon", "coordinates": [ [ [ [ 100.733587757170568, 17.638760804008992 ], [ 100.733843482625758, 17.639142972646422 ], [ 100.734867462433058, 17.63880868375092 ], [ 100.735222489820842, 17.639012822458607 ], [ 100.735714320632539, 17.639598376939897 ], [ 100.735865940461593, 17.639974442052736 ], [ 100.735928810567103, 17.639156850339504 ], [ 100.736048780403806, 17.639159707213292 ], [ 100.735996387205518, 17.638608999206863 ], [ 100.735936561907835, 17.638266174555298 ], [ 100.735883922672073, 17.637966772048554 ], [ 100.735445773880457, 17.637805714896103 ], [ 100.73506360398035, 17.638023291091343 ], [ 100.735016732056522, 17.638250319247753 ], [ 100.734791315861912, 17.638198388548926 ], [ 100.733587757170568, 17.638760804008992 ] ] ] ] } },
{ "type": "Feature", "properties": { "OBJECTID_1": 218, "TARGET_FID": "0", "NAME_DNP": "ต้นสักใหญ่", "CODE_DNP": 1103, "APAR_CODE": "11031008320001TKN3", "APAR_NO": "10083", "NUM_APAR": "20001", "SPAR_CODE": "11030001000001TKN3", "SPAR_NO": "00010", "NUM_SPAR": "00001", "PAR_BAN": "ต้นขนุน", "BAN_E": "TKN", "PAR_MOO": "3", "PAR_TAM": "น้ำไผ่", "PAR_AMP": "น้ำปาด", "PAR_PROV": "อุตรดิตถ์", "NAME_TITLE": "นาง", "SURNAME": "ทาสา", "IDCARD": "3530400250390", "HOME_NO": "2/1", "HOME_BAN": "ต้นขนุน", "HOME_MOO": "3", "HOME_TAM": "น้ำไผ่", "HOME_AMP": "น้ำปาด", "HOME_PROV": "อุตรดิตถ์", "REMARK": null, "BAN_TYPE": 0, "YEAR": "2563", "NAME_DNP_T": "อุทยานแห่งชาติ", "E": 683911.0, "N": 1951304.0, "NAME": "มิตร", "PERIMETER": 510.434976694, "AREA_RAI": 9.6671972135599997, "RAI": 9.0, "NGAN": 2.0, "WA_SQ": 64.0, "OBJECTID": 219.0, "Area": 15467.515541700001, "MUBAN": "ต้นขนุน", "TAMBOL": null, "HOME_BAN_E": null, "TAM_CODE": null, "TAM_NAM_T": "น้ำไผ่", "AMPHOE_T": "น้ำปาด", "AMPHOE_E": null, "PROV_CODE": null, "PROV_NAM_T": "อุตรดิตถ์", "PROV_NAM_E": null, "NAME_EN": null, "TAM_NAM_E": null, "Plot_No1": 1008320001.0000001, "Shape_Le_1": 510.434976694, "TARGET_F_1": 217.0, "Shape_Leng": 510.434976694, "Shape_Area": 15467.515541700001, "Cal_Rai": 9.6672, "layer": "AP1103TKN03", "path": "/Users/ponteerasingto/project11/อุทยานแห่งชาติต้นสักใหญ่/ส่งกรม/Shapefile/1.SHAPEFILE/บ้านต้นขนุน/AP1103TKN03.shp" }, "geometry": { "type": "MultiPolygon", "coordinates": [ [ [ [ 100.734138951413229, 17.641406796483963 ], [ 100.734071619758694, 17.640333661370466 ], [ 100.733439764359034, 17.640285005080226 ], [ 100.733042230593369, 17.640427668948259 ], [ 100.732976697329804, 17.640811152812795 ], [ 100.733060749429683, 17.640881677442909 ], [ 100.733091307479597, 17.640948347925466 ], [ 100.733057272548606, 17.641039491710885 ], [ 100.7329127336657, 17.64118545085444 ], [ 100.732877400197196, 17.641392211681744 ], [ 100.734151767863935, 17.641611044802758 ], [ 100.734138951413229, 17.641406796483963 ] ] ] ] } },
{ "type": "Feature", "properties": { "OBJECTID_1": 219, "TARGET_FID": "0", "NAME_DNP": "ต้นสักใหญ่", "CODE_DNP": 1103, "APAR_CODE": "11031008320008TKN3", "APAR_NO": "10083", "NUM_APAR": "20008", "SPAR_CODE": "11030001000008TKN3", "SPAR_NO": "00010", "NUM_SPAR": "00008", "PAR_BAN": "ต้นขนุน", "BAN_E": "TKN", "PAR_MOO": "3", "PAR_TAM": "น้ำไผ่", "PAR_AMP": "น้ำปาด", "PAR_PROV": "อุตรดิตถ์", "NAME_TITLE": "นาย", "SURNAME": "ทุมมา", "IDCARD": "3530400251710", "HOME_NO": "12/4", "HOME_BAN": "ต้นขนุน", "HOME_MOO": "3", "HOME_TAM": "น้ำไผ่", "HOME_AMP": "น้ำปาด", "HOME_PROV": "อุตรดิตถ์", "REMARK": null, "BAN_TYPE": 0, "YEAR": "2563", "NAME_DNP_T": "อุทยานแห่งชาติ", "E": 684253.0, "N": 1951063.0, "NAME": "วอน", "PERIMETER": 586.53966949200003, "AREA_RAI": 11.378070383700001, "RAI": 11.0, "NGAN": 1.0, "WA_SQ": 48.0, "OBJECTID": 220.0, "Area": 18204.9126139, "MUBAN": "ต้นขนุน", "TAMBOL": null, "HOME_BAN_E": null, "TAM_CODE": null, "TAM_NAM_T": "น้ำไผ่", "AMPHOE_T": "น้ำปาด", "AMPHOE_E": null, "PROV_CODE": null, "PROV_NAM_T": "อุตรดิตถ์", "PROV_NAM_E": null, "NAME_EN": null, "TAM_NAM_E": null, "Plot_No1": 1008320008.0, "Shape_Le_1": 586.42673773700005, "TARGET_F_1": 224.0, "Shape_Leng": 586.53970854600004, "Shape_Area": 18204.913445300001, "Cal_Rai": 11.3781, "layer": "AP1103TKN03", "path": "/Users/ponteerasingto/project11/อุทยานแห่งชาติต้นสักใหญ่/ส่งกรม/Shapefile/1.SHAPEFILE/บ้านต้นขนุน/AP1103TKN03.shp" }, "geometry": { "type": "MultiPolygon", "coordinates": [ [ [ [ 100.736048780403806, 17.639159707213292 ], [ 100.73680014208513, 17.639327976102752 ], [ 100.736864954282865, 17.639220201794679 ], [ 100.737552124691803, 17.639251263612525 ], [ 100.73754820984027, 17.638288119424864 ], [ 100.737377040323437, 17.638126987865842 ], [ 100.737254803638379, 17.638155171702405 ], [ 100.736964947751076, 17.638392650202086 ], [ 100.73666350400589, 17.638404341375516 ], [ 100.736633417617909, 17.63821485960792 ], [ 100.736246130182039, 17.638118879511261 ], [ 100.735936561907835, 17.638266174555298 ], [ 100.735996387205518, 17.638608999206863 ], [ 100.736048780403806, 17.639159707213292 ] ] ] ] } },
{ "type": "Feature", "properties": { "OBJECTID_1": 220, "TARGET_FID": "0", "NAME_DNP": "ต้นสักใหญ่", "CODE_DNP": 1103, "APAR_CODE": "11031008320006TKN3", "APAR_NO": "10083", "NUM_APAR": "20006", "SPAR_CODE": "11030001000007TKN3", "SPAR_NO": "00010", "NUM_SPAR": "00007", "PAR_BAN": "ต้นขนุน", "BAN_E": "TKN", "PAR_MOO": "3", "PAR_TAM": "น้ำไผ่", "PAR_AMP": "น้ำปาด", "PAR_PROV": "อุตรดิตถ์", "NAME_TITLE": "นาย", "SURNAME": "มะลิวงษ์", "IDCARD": "3530400254344", "HOME_NO": "44/2", "HOME_BAN": "ต้นขนุน", "HOME_MOO": "3", "HOME_TAM": "น้ำไผ่", "HOME_AMP": "น้ำปาด", "HOME_PROV": "อุตรดิตถ์", "REMARK": null, "BAN_TYPE": 0, "YEAR": "2563", "NAME_DNP_T": "อุทยานแห่งชาติ", "E": 684179.0, "N": 1951193.0, "NAME": "วินัย", "PERIMETER": 521.54508833600005, "AREA_RAI": 7.2947450889900001, "RAI": 7.0, "NGAN": 1.0, "WA_SQ": 16.0, "OBJECTID": 221.0, "Area": 11671.592142400001, "MUBAN": "ต้นขนุน", "TAMBOL": null, "HOME_BAN_E": null, "TAM_CODE": null, "TAM_NAM_T": "น้ำไผ่", "AMPHOE_T": "น้ำปาด", "AMPHOE_E": null, "PROV_CODE": null, "PROV_NAM_T": "อุตรดิตถ์", "PROV_NAM_E": null, "NAME_EN": null, "TAM_NAM_E": null, "Plot_No1": 1008320006.0, "Shape_Le_1": 521.98047192900003, "TARGET_F_1": 223.0, "Shape_Leng": 521.54515306300004, "Shape_Area": 11671.5956766, "Cal_Rai": 7.2947, "layer": "AP1103TKN03", "path": "/Users/ponteerasingto/project11/อุทยานแห่งชาติต้นสักใหญ่/ส่งกรม/Shapefile/1.SHAPEFILE/บ้านต้นขนุน/AP1103TKN03.shp" }, "geometry": { "type": "MultiPolygon", "coordinates": [ [ [ [ 100.73680014208513, 17.639327976102752 ], [ 100.736048780403806, 17.639159707213292 ], [ 100.735928810567103, 17.639156850339504 ], [ 100.735865940461593, 17.639974442052736 ], [ 100.735317377763991, 17.640480559399894 ], [ 100.735941068941557, 17.640756549350179 ], [ 100.73680014208513, 17.639327976102752 ] ] ] ] } },
{ "type": "Feature", "properties": { "OBJECTID_1": 221, "TARGET_FID": "0", "NAME_DNP": "ต้นสักใหญ่", "CODE_DNP": 1103, "APAR_CODE": "11031008320005TKN3", "APAR_NO": "10083", "NUM_APAR": "20005", "SPAR_CODE": "11030001000006TKN3", "SPAR_NO": "00010", "NUM_SPAR": "00006", "PAR_BAN": "ต้นขนุน", "BAN_E": "TKN", "PAR_MOO": "3", "PAR_TAM": "น้ำไผ่", "PAR_AMP": "น้ำปาด", "PAR_PROV": "อุตรดิตถ์", "NAME_TITLE": "นาย", "SURNAME": "ลีปัสสา", "IDCARD": "3530400251302", "HOME_NO": "10/3", "HOME_BAN": "ต้นขนุน", "HOME_MOO": "3", "HOME_TAM": "น้ำไผ่", "HOME_AMP": "น้ำปาด", "HOME_PROV": "อุตรดิตถ์", "REMARK": null, "BAN_TYPE": 0, "YEAR": "2563", "NAME_DNP_T": "อุทยานแห่งชาติ", "E": 684113.0, "N": 1951301.0, "NAME": "วาส", "PERIMETER": 278.41928266600002, "AREA_RAI": 3.17451980354, "RAI": 3.0, "NGAN": 0.0, "WA_SQ": 68.0, "OBJECTID": 222.0, "Area": 5079.2316856699999, "MUBAN": "ต้นขนุน", "TAMBOL": null, "HOME_BAN_E": null, "TAM_CODE": null, "TAM_NAM_T": "น้ำไผ่", "AMPHOE_T": "น้ำปาด", "AMPHOE_E": null, "PROV_CODE": null, "PROV_NAM_T": "อุตรดิตถ์", "PROV_NAM_E": null, "NAME_EN": null, "TAM_NAM_E": null, "Plot_No1": 1008320005.0, "Shape_Le_1": 278.09532189399999, "TARGET_F_1": 222.0, "Shape_Leng": 278.419264064, "Shape_Area": 5079.2310479600001, "Cal_Rai": 3.1745, "layer": "AP1103TKN03", "path": "/Users/ponteerasingto/project11/อุทยานแห่งชาติต้นสักใหญ่/ส่งกรม/Shapefile/1.SHAPEFILE/บ้านต้นขนุน/AP1103TKN03.shp" }, "geometry": { "type": "MultiPolygon", "coordinates": [ [ [ [ 100.735941068941557, 17.640756549350179 ], [ 100.735317377763991, 17.640480559399894 ], [ 100.735148520360951, 17.640636350641369 ], [ 100.735152500981002, 17.6412045415174 ], [ 100.735626816261771, 17.641279120691713 ], [ 100.735941068941557, 17.640756549350179 ] ] ] ] } },
{ "type": "Feature", "properties": { "OBJECTID_1": 222, "TARGET_FID": "0", "NAME_DNP": "ต้นสักใหญ่", "CODE_DNP": 1103, "APAR_CODE": "11031008320002TKN3", "APAR_NO": "10083", "NUM_APAR": "20002", "SPAR_CODE": "11030001000005TKN3", "SPAR_NO": "00010", "NUM_SPAR": "00005", "PAR_BAN": "ต้นขนุน", "BAN_E": "TKN", "PAR_MOO": "3", "PAR_TAM": "น้ำไผ่", "PAR_AMP": "น้ำปาด", "PAR_PROV": "อุตรดิตถ์", "NAME_TITLE": "นาย", "SURNAME": "ศรีสมุดคำ", "IDCARD": "3530400253755", "HOME_NO": "27/3", "HOME_BAN": "ต้นขนุน", "HOME_MOO": "3", "HOME_TAM": "น้ำไผ่", "HOME_AMP": "น้ำปาด", "HOME_PROV": "อุตรดิตถ์", "REMARK": null, "BAN_TYPE": 0, "YEAR": "2563", "NAME_DNP_T": "อุทยานแห่งชาติ", "E": 684047.0, "N": 1951361.0, "NAME": "ต้อย", "PERIMETER": 391.06875926100003, "AREA_RAI": 5.2545964026199998, "RAI": 5.0, "NGAN": 1.0, "WA_SQ": 0.0, "OBJECTID": 223.0, "Area": 8407.3542441900008, "MUBAN": "ต้นขนุน", "TAMBOL": null, "HOME_BAN_E": null, "TAM_CODE": null, "TAM_NAM_T": "น้ำไผ่", "AMPHOE_T": "น้ำปาด", "AMPHOE_E": null, "PROV_CODE": null, "PROV_NAM_T": "อุตรดิตถ์", "PROV_NAM_E": null, "NAME_EN": null, "TAM_NAM_E": null, "Plot_No1": 1008320002.0, "Shape_Le_1": 391.06875926100003, "TARGET_F_1": 221.0, "Shape_Leng": 391.06875926100003, "Shape_Area": 8407.3542441900008, "Cal_Rai": 5.2546, "layer": "AP1103TKN03", "path": "/Users/ponteerasingto/project11/อุทยานแห่งชาติต้นสักใหญ่/ส่งกรม/Shapefile/1.SHAPEFILE/บ้านต้นขนุน/AP1103TKN03.shp" }, "geometry": { "type": "MultiPolygon", "coordinates": [ [ [ [ 100.735626816261771, 17.641279120691713 ], [ 100.735152500981002, 17.6412045415174 ], [ 100.734540261635104, 17.64105238379906 ], [ 100.734138951413229, 17.641406796483963 ], [ 100.734151767863935, 17.641611044802758 ], [ 100.735307832906813, 17.641809554479696 ], [ 100.735626816261771, 17.641279120691713 ] ] ] ] } },
{ "type": "Feature", "properties": { "OBJECTID_1": 223, "TARGET_FID": "0", "NAME_DNP": "ต้นสักใหญ่", "CODE_DNP": 1103, "APAR_CODE": "11031008320003TKN3", "APAR_NO": "10083", "NUM_APAR": "20003", "SPAR_CODE": "11030001000002TKN3", "SPAR_NO": "00010", "NUM_SPAR": "00002", "PAR_BAN": "ต้นขนุน", "BAN_E": "TKN", "PAR_MOO": "3", "PAR_TAM": "น้ำไผ่", "PAR_AMP": "น้ำปาด", "PAR_PROV": "อุตรดิตถ์", "NAME_TITLE": "นาย", "SURNAME": "ทองศรี", "IDCARD": "3530600094103", "HOME_NO": "23", "HOME_BAN": "ต้นขนุน", "HOME_MOO": "3", "HOME_TAM": "น้ำไผ่", "HOME_AMP": "น้ำปาด", "HOME_PROV": "อุตรดิตถ์", "REMARK": null, "BAN_TYPE": 0, "YEAR": "2563", "NAME_DNP_T": "อุทยานแห่งชาติ", "E": 684007.0, "N": 1951182.0, "NAME": "อวิรุทธ์", "PERIMETER": 1580.6540607899999, "AREA_RAI": 24.6719447274, "RAI": 24.0, "NGAN": 2.0, "WA_SQ": 68.0, "OBJECTID": 224.0, "Area": 39475.111563799997, "MUBAN": "ต้นขนุน", "TAMBOL": null, "HOME_BAN_E": null, "TAM_CODE": null, "TAM_NAM_T": "น้ำไผ่", "AMPHOE_T": "น้ำปาด", "AMPHOE_E": null, "PROV_CODE": null, "PROV_NAM_T": "อุตรดิตถ์", "PROV_NAM_E": null, "NAME_EN": null, "TAM_NAM_E": null, "Plot_No1": 1008320003.0, "Shape_Le_1": 1580.6540607899999, "TARGET_F_1": 218.0, "Shape_Leng": 1580.6540607899999, "Shape_Area": 39475.111563799997, "Cal_Rai": 24.6719, "layer": "AP1103TKN03", "path": "/Users/ponteerasingto/project11/อุทยานแห่งชาติต้นสักใหญ่/ส่งกรม/Shapefile/1.SHAPEFILE/บ้านต้นขนุน/AP1103TKN03.shp" }, "geometry": { "type": "MultiPolygon", "coordinates": [ [ [ [ 100.735152500981002, 17.6412045415174 ], [ 100.735148520360951, 17.640636350641369 ], [ 100.734273093057567, 17.640868626184826 ], [ 100.734282068658828, 17.640282952901384 ], [ 100.733901435588962, 17.639894060741931 ], [ 100.733538812695414, 17.639943369230345 ], [ 100.733645936830825, 17.63962577194749 ], [ 100.734115051546326, 17.639523091368421 ], [ 100.734963724470092, 17.640195845210464 ], [ 100.735148520360951, 17.640636350641369 ], [ 100.735865940461593, 17.639974442052736 ], [ 100.735714320632539, 17.639598376939897 ], [ 100.735222489820842, 17.639012822458607 ], [ 100.734867462433058, 17.63880868375092 ], [ 100.733843482625758, 17.639142972646422 ], [ 100.733587757170568, 17.638760804008992 ], [ 100.733290858331401, 17.638972747113009 ], [ 100.733042230593369, 17.640427668948259 ], [ 100.733439764359034, 17.640285005080226 ], [ 100.734071619758694, 17.640333661370466 ], [ 100.734138951413229, 17.641406796483963 ], [ 100.734540261635104, 17.64105238379906 ], [ 100.735152500981002, 17.6412045415174 ] ] ] ] } },
{ "type": "Feature", "properties": { "OBJECTID_1": null, "TARGET_FID": "102", "NAME_DNP": "ต้นสักใหญ่", "CODE_DNP": 1103, "APAR_CODE": "11031003310007WBN08", "APAR_NO": "10033", "NUM_APAR": "10007", "SPAR_CODE": "11030000100102WBN08", "SPAR_NO": "00001", "NUM_SPAR": "00102", "PAR_BAN": "วังเบน", "BAN_E": "WBN", "PAR_MOO": "08", "PAR_TAM": "บ่อทอง", "PAR_AMP": "ทองแสนขัน", "PAR_PROV": "อุตรดิตถ์", "NAME_TITLE": "นาย", "SURNAME": "พิมพ์ดา", "IDCARD": "1530900005959", "HOME_NO": "132", "HOME_BAN": "โคกงาม", "HOME_MOO": "9", "HOME_TAM": "ผักขวง", "HOME_AMP": "ทองแสนขัน", "HOME_PROV": "อุตรดิตถ์", "REMARK": "ไม่ล่อแหลม", "BAN_TYPE": 2, "YEAR": "2562", "NAME_DNP_T": "อุทยานแห่งชาติ", "E": 656058.0, "N": 1931366.0, "NAME": "ภูวินัย", "PERIMETER": 1076.09924898601, "AREA_RAI": 18.802525366339999, "RAI": 18.0, "NGAN": 3.0, "WA_SQ": 21.0, "OBJECTID": null, "Area": null, "MUBAN": null, "TAMBOL": null, "HOME_BAN_E": null, "TAM_CODE": null, "TAM_NAM_T": null, "AMPHOE_T": null, "AMPHOE_E": null, "PROV_CODE": null, "PROV_NAM_T": null, "PROV_NAM_E": null, "NAME_EN": null, "TAM_NAM_E": null, "Plot_No1": null, "Shape_Le_1": null, "TARGET_F_1": null, "Shape_Leng": null, "Shape_Area": null, "Cal_Rai": null, "layer": "AP1103WBN08", "path": "/Users/ponteerasingto/project11/อุทยานแห่งชาติต้นสักใหญ่/ส่งกรม/Shapefile/1.SHAPEFILE/บ้านวังเบน/AP1103WBN08.shp" }, "geometry": { "type": "MultiPolygon", "coordinates": [ [ [ [ 100.468745270295415, 17.463465017076096 ], [ 100.469114016095688, 17.463327067456191 ], [ 100.469551689423682, 17.46343877619584 ], [ 100.469866337948233, 17.462733194581439 ], [ 100.470624045385691, 17.462862526408095 ], [ 100.470458870671067, 17.462517012277228 ], [ 100.468987862136203, 17.461651195112449 ], [ 100.468970469434666, 17.462117853785742 ], [ 100.468862312155849, 17.462247117401564 ], [ 100.468543795371531, 17.462306684817001 ], [ 100.468745270295415, 17.463465017076096 ] ] ], [ [ [ 100.469872380274836, 17.463486307368168 ], [ 100.470383837137504, 17.464314130601171 ], [ 100.470920917506888, 17.463988876739528 ], [ 100.470485987013049, 17.46310732798139 ], [ 100.469872380274836, 17.463486307368168 ] ] ] ] } },
{ "type": "Feature", "properties": { "OBJECTID_1": null, "TARGET_FID": "146", "NAME_DNP": "ต้นสักใหญ่", "CODE_DNP": 1103, "APAR_CODE": "11031005210001WBN08", "APAR_NO": "10052", "NUM_APAR": "10001", "SPAR_CODE": "11030000100147WBN08", "SPAR_NO": "00001", "NUM_SPAR": "00147", "PAR_BAN": "วังเบน", "BAN_E": "WBN", "PAR_MOO": "08", "PAR_TAM": "บ่อทอง", "PAR_AMP": "ทองแสนขัน", "PAR_PROV": "อุตรดิตถ์", "NAME_TITLE": "นาย", "SURNAME": "ติอินทร์", "IDCARD": "3530900141883", "HOME_NO": "111", "HOME_BAN": "วังตะเคียน", "HOME_MOO": "8", "HOME_TAM": "ผักขวง", "HOME_AMP": "ทองแสนขัน", "HOME_PROV": "อุตรดิตถ์", "REMARK": "ไม่ล่อแหลม", "BAN_TYPE": 2, "YEAR": "2562", "NAME_DNP_T": "อุทยานแห่งชาติ", "E": 656778.0, "N": 1928334.0, "NAME": "จะลิม", "PERIMETER": 349.64786778595999, "AREA_RAI": 3.4426654673299999, "RAI": 3.0, "NGAN": 1.0, "WA_SQ": 77.0, "OBJECTID": null, "Area": null, "MUBAN": null, "TAMBOL": null, "HOME_BAN_E": null, "TAM_CODE": null, "TAM_NAM_T": null, "AMPHOE_T": null, "AMPHOE_E": null, "PROV_CODE": null, "PROV_NAM_T": null, "PROV_NAM_E": null, "NAME_EN": null, "TAM_NAM_E": null, "Plot_No1": null, "Shape_Le_1": null, "TARGET_F_1": null, "Shape_Leng": null, "Shape_Area": null, "Cal_Rai": null, "layer": "AP1103WBN08", "path": "/Users/ponteerasingto/project11/อุทยานแห่งชาติต้นสักใหญ่/ส่งกรม/Shapefile/1.SHAPEFILE/บ้านวังเบน/AP1103WBN08.shp" }, "geometry": { "type": "MultiPolygon", "coordinates": [ [ [ [ 100.476220856427744, 17.435383135387692 ], [ 100.475893992470574, 17.435003004401089 ], [ 100.475576462443186, 17.435078028344709 ], [ 100.475600865032987, 17.435216573283974 ], [ 100.476209706587781, 17.43580739619696 ], [ 100.476633681734086, 17.435849436549731 ], [ 100.476800363649986, 17.435504805959134 ], [ 100.476631914242148, 17.435392042783832 ], [ 100.476220856427744, 17.435383135387692 ] ] ] ] } },
{ "type": "Feature", "properties": { "OBJECTID_1": null, "TARGET_FID": "142", "NAME_DNP": "ต้นสักใหญ่", "CODE_DNP": 1103, "APAR_CODE": "11031004910003WBN08", "APAR_NO": "10049", "NUM_APAR": "10003", "SPAR_CODE": "11030000100142WBN08", "SPAR_NO": "00001", "NUM_SPAR": "00142", "PAR_BAN": "วังเบน", "BAN_E": "WBN", "PAR_MOO": "08", "PAR_TAM": "บ่อทอง", "PAR_AMP": "ทองแสนขัน", "PAR_PROV": "อุตรดิตถ์", "NAME_TITLE": "นาย", "SURNAME": "วงษ์มี", "IDCARD": "3530900143444", "HOME_NO": "89", "HOME_BAN": "วังตะเคียน", "HOME_MOO": "8", "HOME_TAM": "ผักขวง", "HOME_AMP": "ทองแสนขัน", "HOME_PROV": "อุตรดิตถ์", "REMARK": "ไม่ล่อแหลม", "BAN_TYPE": 2, "YEAR": "2562", "NAME_DNP_T": "อุทยานแห่งชาติ", "E": 656787.0, "N": 1928560.0, "NAME": "วันชัย", "PERIMETER": 379.02734692973002, "AREA_RAI": 5.9866641808300001, "RAI": 5.0, "NGAN": 3.0, "WA_SQ": 95.0, "OBJECTID": null, "Area": null, "MUBAN": null, "TAMBOL": null, "HOME_BAN_E": null, "TAM_CODE": null, "TAM_NAM_T": null, "AMPHOE_T": null, "AMPHOE_E": null, "PROV_CODE": null, "PROV_NAM_T": null, "PROV_NAM_E": null, "NAME_EN": null, "TAM_NAM_E": null, "Plot_No1": null, "Shape_Le_1": null, "TARGET_F_1": null, "Shape_Leng": null, "Shape_Area": null, "Cal_Rai": null, "layer": "AP1103WBN08", "path": "/Users/ponteerasingto/project11/อุทยานแห่งชาติต้นสักใหญ่/ส่งกรม/Shapefile/1.SHAPEFILE/บ้านวังเบน/AP1103WBN08.shp" }, "geometry": { "type": "MultiPolygon", "coordinates": [ [ [ [ 100.476466949902118, 17.436998868274976 ], [ 100.475956885216377, 17.436932177877495 ], [ 100.475905904836992, 17.437154597782175 ], [ 100.475910031207889, 17.437174159627062 ], [ 100.47573690662972, 17.437891913108153 ], [ 100.476258515003238, 17.437976962558427 ], [ 100.476749235871637, 17.437754123110246 ], [ 100.476872118858935, 17.437479264137554 ], [ 100.476466949902118, 17.436998868274976 ] ] ] ] } },
{ "type": "Feature", "properties": { "OBJECTID_1": null, "TARGET_FID": "143", "NAME_DNP": "ต้นสักใหญ่", "CODE_DNP": 1103, "APAR_CODE": "11031004910004WBN08", "APAR_NO": "10049", "NUM_APAR": "10004", "SPAR_CODE": "11030000100143WBN08", "SPAR_NO": "00001", "NUM_SPAR": "00143", "PAR_BAN": "วังเบน", "BAN_E": "WBN", "PAR_MOO": "08", "PAR_TAM": "บ่อทอง", "PAR_AMP": "ทองแสนขัน", "PAR_PROV": "อุตรดิตถ์", "NAME_TITLE": "นาง", "SURNAME": "นำยศ", "IDCARD": "3830600142979", "HOME_NO": "75", "HOME_BAN": "วังตะเคียน", "HOME_MOO": "8", "HOME_TAM": "ผักขวง", "HOME_AMP": "ทองแสนขัน", "HOME_PROV": "อุตรดิตถ์", "REMARK": "ไม่ล่อแหลม", "BAN_TYPE": 2, "YEAR": "2562", "NAME_DNP_T": "อุทยานแห่งชาติ", "E": 656927.0, "N": 1928496.0, "NAME": "พิมพา", "PERIMETER": 603.22927420226995, "AREA_RAI": 10.055583068640001, "RAI": 10.0, "NGAN": 0.0, "WA_SQ": 22.0, "OBJECTID": null, "Area": null, "MUBAN": null, "TAMBOL": null, "HOME_BAN_E": null, "TAM_CODE": null, "TAM_NAM_T": null, "AMPHOE_T": null, "AMPHOE_E": null, "PROV_CODE": null, "PROV_NAM_T": null, "PROV_NAM_E": null, "NAME_EN": null, "TAM_NAM_E": null, "Plot_No1": null, "Shape_Le_1": null, "TARGET_F_1": null, "Shape_Leng": null, "Shape_Area": null, "Cal_Rai": null, "layer": "AP1103WBN08", "path": "/Users/ponteerasingto/project11/อุทยานแห่งชาติต้นสักใหญ่/ส่งกรม/Shapefile/1.SHAPEFILE/บ้านวังเบน/AP1103WBN08.shp" }, "geometry": { "type": "MultiPolygon", "coordinates": [ [ [ [ 100.478414833411605, 17.43718398976208 ], [ 100.478595759860738, 17.436453404306995 ], [ 100.477998765875583, 17.436553473580648 ], [ 100.47769338885638, 17.436510293351628 ], [ 100.477543585709327, 17.436401292030769 ], [ 100.477189291990143, 17.43655947942009 ], [ 100.477103754081398, 17.4367633460155 ], [ 100.476816362001941, 17.436645929395752 ], [ 100.476429701060269, 17.436835931486826 ], [ 100.47703698070508, 17.437393551218154 ], [ 100.477667625274776, 17.437189535478275 ], [ 100.477868806450701, 17.437427137620912 ], [ 100.478414833411605, 17.43718398976208 ] ] ] ] } },
{ "type": "Feature", "properties": { "OBJECTID_1": null, "TARGET_FID": "144", "NAME_DNP": "ต้นสักใหญ่", "CODE_DNP": 1103, "APAR_CODE": "11031005010001WBN08", "APAR_NO": "10050", "NUM_APAR": "10001", "SPAR_CODE": "11030000100144WBN08", "SPAR_NO": "00001", "NUM_SPAR": "00144", "PAR_BAN": "วังเบน", "BAN_E": "WBN", "PAR_MOO": "08", "PAR_TAM": "บ่อทอง", "PAR_AMP": "ทองแสนขัน", "PAR_PROV": "อุตรดิตถ์", "NAME_TITLE": "นาง", "SURNAME": "โสปัญญะ", "IDCARD": "3530900139935", "HOME_NO": "102", "HOME_BAN": "วังตะเคียน", "HOME_MOO": "8", "HOME_TAM": "ผักขวง", "HOME_AMP": "ทองแสนขัน", "HOME_PROV": "อุตรดิตถ์", "REMARK": "ล่อแหลม", "BAN_TYPE": 2, "YEAR": "2562", "NAME_DNP_T": "อุทยานแห่งชาติ", "E": 656969.0, "N": 1928813.0, "NAME": "จำปี", "PERIMETER": 513.05010606087001, "AREA_RAI": 11.261952872609999, "RAI": 11.0, "NGAN": 1.0, "WA_SQ": 5.0, "OBJECTID": null, "Area": null, "MUBAN": null, "TAMBOL": null, "HOME_BAN_E": null, "TAM_CODE": null, "TAM_NAM_T": null, "AMPHOE_T": null, "AMPHOE_E": null, "PROV_CODE": null, "PROV_NAM_T": null, "PROV_NAM_E": null, "NAME_EN": null, "TAM_NAM_E": null, "Plot_No1": null, "Shape_Le_1": null, "TARGET_F_1": null, "Shape_Leng": null, "Shape_Area": null, "Cal_Rai": null, "layer": "AP1103WBN08", "path": "/Users/ponteerasingto/project11/อุทยานแห่งชาติต้นสักใหญ่/ส่งกรม/Shapefile/1.SHAPEFILE/บ้านวังเบน/AP1103WBN08.shp" }, "geometry": { "type": "MultiPolygon", "coordinates": [ [ [ [ 100.47848044464105, 17.439144086984378 ], [ 100.477658409798792, 17.439138234158619 ], [ 100.477474493470382, 17.43949824273038 ], [ 100.477316639473756, 17.440001514992488 ], [ 100.477414314214755, 17.440434291215777 ], [ 100.478214708581604, 17.44045546071245 ], [ 100.478913945474702, 17.439547581159637 ], [ 100.47848044464105, 17.439144086984378 ] ] ] ] } },
{ "type": "Feature", "properties": { "OBJECTID_1": null, "TARGET_FID": "145", "NAME_DNP": "ต้นสักใหญ่", "CODE_DNP": 1103, "APAR_CODE": "11031005010002WBN08", "APAR_NO": "10050", "NUM_APAR": "10002", "SPAR_CODE": "11030000100145WBN08", "SPAR_NO": "00001", "NUM_SPAR": "00145", "PAR_BAN": "วังเบน", "BAN_E": "WBN", "PAR_MOO": "08", "PAR_TAM": "บ่อทอง", "PAR_AMP": "ทองแสนขัน", "PAR_PROV": "อุตรดิตถ์", "NAME_TITLE": "นาง", "SURNAME": "จันทร์มูล", "IDCARD": "3530900141662", "HOME_NO": "28", "HOME_BAN": "วังตะเคียน", "HOME_MOO": "8", "HOME_TAM": "ผักขวง", "HOME_AMP": "ทองแสนขัน", "HOME_PROV": "อุตรดิตถ์", "REMARK": "ล่อแหลม", "BAN_TYPE": 2, "YEAR": "2562", "NAME_DNP_T": "อุทยานแห่งชาติ", "E": 657075.0, "N": 1928873.0, "NAME": "ฉ่ำ", "PERIMETER": 502.73802658807, "AREA_RAI": 9.6675502741, "RAI": 9.0, "NGAN": 2.0, "WA_SQ": 67.0, "OBJECTID": null, "Area": null, "MUBAN": null, "TAMBOL": null, "HOME_BAN_E": null, "TAM_CODE": null, "TAM_NAM_T": null, "AMPHOE_T": null, "AMPHOE_E": null, "PROV_CODE": null, "PROV_NAM_T": null, "PROV_NAM_E": null, "NAME_EN": null, "TAM_NAM_E": null, "Plot_No1": null, "Shape_Le_1": null, "TARGET_F_1": null, "Shape_Leng": null, "Shape_Area": null, "Cal_Rai": null, "layer": "AP1103WBN08", "path": "/Users/ponteerasingto/project11/อุทยานแห่งชาติต้นสักใหญ่/ส่งกรม/Shapefile/1.SHAPEFILE/บ้านวังเบน/AP1103WBN08.shp" }, "geometry": { "type": "MultiPolygon", "coordinates": [ [ [ [ 100.478913945474716, 17.439547581159637 ], [ 100.478214708581604, 17.44045546071245 ], [ 100.478415529655067, 17.440842548279754 ], [ 100.479563289410791, 17.440743656031046 ], [ 100.479806214203322, 17.440433066799606 ], [ 100.479645529668147, 17.43981261244549 ], [ 100.479488366736732, 17.439892823290961 ], [ 100.479094022017321, 17.439762913391348 ], [ 100.478913945474716, 17.439547581159637 ] ] ] ] } },
{ "type": "Feature", "properties": { "OBJECTID_1": null, "TARGET_FID": "141", "NAME_DNP": "ต้นสักใหญ่", "CODE_DNP": 1103, "APAR_CODE": "11031004910002WBN08", "APAR_NO": "10049", "NUM_APAR": "10002", "SPAR_CODE": "11030000100141WBN08", "SPAR_NO": "00001", "NUM_SPAR": "00141", "PAR_BAN": "วังเบน", "BAN_E": "WBN", "PAR_MOO": "08", "PAR_TAM": "บ่อทอง", "PAR_AMP": "ทองแสนขัน", "PAR_PROV": "อุตรดิตถ์", "NAME_TITLE": "นาง", "SURNAME": "จันทร์มูล", "IDCARD": "3530900142359", "HOME_NO": "5", "HOME_BAN": "วังตะเคียน", "HOME_MOO": "8", "HOME_TAM": "ผักขวง", "HOME_AMP": "ทองแสนขัน", "HOME_PROV": "อุตรดิตถ์", "REMARK": "ไม่ล่อแหลม", "BAN_TYPE": 2, "YEAR": "2562", "NAME_DNP_T": "อุทยานแห่งชาติ", "E": 656724.0, "N": 1928706.0, "NAME": "จันทา", "PERIMETER": 523.59145052585995, "AREA_RAI": 8.3079146386900007, "RAI": 8.0, "NGAN": 1.0, "WA_SQ": 23.0, "OBJECTID": null, "Area": null, "MUBAN": null, "TAMBOL": null, "HOME_BAN_E": null, "TAM_CODE": null, "TAM_NAM_T": null, "AMPHOE_T": null, "AMPHOE_E": null, "PROV_CODE": null, "PROV_NAM_T": null, "PROV_NAM_E": null, "NAME_EN": null, "TAM_NAM_E": null, "Plot_No1": null, "Shape_Le_1": null, "TARGET_F_1": null, "Shape_Leng": null, "Shape_Area": null, "Cal_Rai": null, "layer": "AP1103WBN08", "path": "/Users/ponteerasingto/project11/อุทยานแห่งชาติต้นสักใหญ่/ส่งกรม/Shapefile/1.SHAPEFILE/บ้านวังเบน/AP1103WBN08.shp" }, "geometry": { "type": "MultiPolygon", "coordinates": [ [ [ [ 100.476621549169579, 17.43902140934874 ], [ 100.476770866033277, 17.43865490495542 ], [ 100.476502392523059, 17.438492884397466 ], [ 100.476444929010427, 17.438617589925673 ], [ 100.476153685465434, 17.438599160296871 ], [ 100.475944126857215, 17.438460414710079 ], [ 100.475286503201815, 17.438429604691446 ], [ 100.474919988242362, 17.438585468483407 ], [ 100.474910205425985, 17.439278082813132 ], [ 100.476621549169579, 17.43902140934874 ] ] ] ] } },
{ "type": "Feature", "properties": { "OBJECTID_1": null, "TARGET_FID": "140", "NAME_DNP": "ต้นสักใหญ่", "CODE_DNP": 1103, "APAR_CODE": "11031004910001WBN08", "APAR_NO": "10049", "NUM_APAR": "10001", "SPAR_CODE": "11030000100140WBN08", "SPAR_NO": "00001", "NUM_SPAR": "00140", "PAR_BAN": "วังเบน", "BAN_E": "WBN", "PAR_MOO": "08", "PAR_TAM": "บ่อทอง", "PAR_AMP": "ทองแสนขัน", "PAR_PROV": "อุตรดิตถ์", "NAME_TITLE": "นาง", "SURNAME": "แดงด่อน", "IDCARD": "3530900141671", "HOME_NO": "98", "HOME_BAN": "วังตะเคียน", "HOME_MOO": "8", "HOME_TAM": "ผักขวง", "HOME_AMP": "ทองแสนขัน", "HOME_PROV": "อุตรดิตถ์", "REMARK": "ไม่ล่อแหลม", "BAN_TYPE": 2, "YEAR": "2562", "NAME_DNP_T": "อุทยานแห่งชาติ", "E": 656654.0, "N": 1928909.0, "NAME": "เสียน", "PERIMETER": 728.86607037783006, "AREA_RAI": 16.187555368560002, "RAI": 16.0, "NGAN": 0.0, "WA_SQ": 75.0, "OBJECTID": null, "Area": null, "MUBAN": null, "TAMBOL": null, "HOME_BAN_E": null, "TAM_CODE": null, "TAM_NAM_T": null, "AMPHOE_T": null, "AMPHOE_E": null, "PROV_CODE": null, "PROV_NAM_T": null, "PROV_NAM_E": null, "NAME_EN": null, "TAM_NAM_E": null, "Plot_No1": null, "Shape_Le_1": null, "TARGET_F_1": null, "Shape_Leng": null, "Shape_Area": null, "Cal_Rai": null, "layer": "AP1103WBN08", "path": "/Users/ponteerasingto/project11/อุทยานแห่งชาติต้นสักใหญ่/ส่งกรม/Shapefile/1.SHAPEFILE/บ้านวังเบน/AP1103WBN08.shp" }, "geometry": { "type": "MultiPolygon", "coordinates": [ [ [ [ 100.475859443993897, 17.439983069334819 ], [ 100.475515477391937, 17.439800319602178 ], [ 100.475273749002369, 17.439783794263501 ], [ 100.474750700495889, 17.439960761950267 ], [ 100.474223069201514, 17.440944963057152 ], [ 100.474215322783053, 17.441530805273761 ], [ 100.474392749759389, 17.441912044918364 ], [ 100.474874614580983, 17.441644503070524 ], [ 100.475100770772329, 17.441050373372487 ], [ 100.475337563072898, 17.440910560454519 ], [ 100.476415284474754, 17.440297113767016 ], [ 100.476451011023215, 17.440225871189373 ], [ 100.475859443993897, 17.439983069334819 ] ] ] ] } },
{ "type": "Feature", "properties": { "OBJECTID_1": null, "TARGET_FID": "139", "NAME_DNP": "ต้นสักใหญ่", "CODE_DNP": 1103, "APAR_CODE": "11031004810001WBN08", "APAR_NO": "10048", "NUM_APAR": "10001", "SPAR_CODE": "11030000100139WBN08", "SPAR_NO": "00001", "NUM_SPAR": "00139", "PAR_BAN": "วังเบน", "BAN_E": "WBN", "PAR_MOO": "08", "PAR_TAM": "บ่อทอง", "PAR_AMP": "ทองแสนขัน", "PAR_PROV": "อุตรดิตถ์", "NAME_TITLE": "นาย", "SURNAME": "นำยศ", "IDCARD": "3530900142782", "HOME_NO": "53", "HOME_BAN": "วังตะเคียน", "HOME_MOO": "8", "HOME_TAM": "ผักขวง", "HOME_AMP": "ทองแสนขัน", "HOME_PROV": "อุตรดิตถ์", "REMARK": "ไม่ล่อแหลม", "BAN_TYPE": 2, "YEAR": "2562", "NAME_DNP_T": "อุทยานแห่งชาติ", "E": 656189.0, "N": 1929041.0, "NAME": "สมหมาย", "PERIMETER": 345.5147591233, "AREA_RAI": 2.9679006079599999, "RAI": 2.0, "NGAN": 3.0, "WA_SQ": 87.0, "OBJECTID": null, "Area": null, "MUBAN": null, "TAMBOL": null, "HOME_BAN_E": null, "TAM_CODE": null, "TAM_NAM_T": null, "AMPHOE_T": null, "AMPHOE_E": null, "PROV_CODE": null, "PROV_NAM_T": null, "PROV_NAM_E": null, "NAME_EN": null, "TAM_NAM_E": null, "Plot_No1": null, "Shape_Le_1": null, "TARGET_F_1": null, "Shape_Leng": null, "Shape_Area": null, "Cal_Rai": null, "layer": "AP1103WBN08", "path": "/Users/ponteerasingto/project11/อุทยานแห่งชาติต้นสักใหญ่/ส่งกรม/Shapefile/1.SHAPEFILE/บ้านวังเบน/AP1103WBN08.shp" }, "geometry": { "type": "MultiPolygon", "coordinates": [ [ [ [ 100.471079190951812, 17.441850528511683 ], [ 100.470247843484259, 17.44134582157675 ], [ 100.470145871601986, 17.441558551829388 ], [ 100.470628194639673, 17.441910645640949 ], [ 100.470737324306612, 17.442400710852503 ], [ 100.471009794922978, 17.442442673746466 ], [ 100.471079190951812, 17.441850528511683 ] ] ] ] } },
{ "type": "Feature", "properties": { "OBJECTID_1": null, "TARGET_FID": "138", "NAME_DNP": "ต้นสักใหญ่", "CODE_DNP": 1103, "APAR_CODE": "11031004710001WBN08", "APAR_NO": "10047", "NUM_APAR": "10001", "SPAR_CODE": "11030000100138WBN08", "SPAR_NO": "00001", "NUM_SPAR": "00138", "PAR_BAN": "วังเบน", "BAN_E": "WBN", "PAR_MOO": "08", "PAR_TAM": "บ่อทอง", "PAR_AMP": "ทองแสนขัน", "PAR_PROV": "อุตรดิตถ์", "NAME_TITLE": "นาง", "SURNAME": "จำเริญสุข", "IDCARD": "3530900142740", "HOME_NO": "69/1", "HOME_BAN": "วังตะเคียน", "HOME_MOO": "8", "HOME_TAM": "ผักขวง", "HOME_AMP": "ทองแสนขัน", "HOME_PROV": "อุตรดิตถ์", "REMARK": "ไม่ล่อแหลม", "BAN_TYPE": 2, "YEAR": "2562", "NAME_DNP_T": "อุทยานแห่งชาติ", "E": 655790.0, "N": 1929152.0, "NAME": "คำวัน", "PERIMETER": 327.18977283241998, "AREA_RAI": 3.4141476272400002, "RAI": 3.0, "NGAN": 1.0, "WA_SQ": 66.0, "OBJECTID": null, "Area": null, "MUBAN": null, "TAMBOL": null, "HOME_BAN_E": null, "TAM_CODE": null, "TAM_NAM_T": null, "AMPHOE_T": null, "AMPHOE_E": null, "PROV_CODE": null, "PROV_NAM_T": null, "PROV_NAM_E": null, "NAME_EN": null, "TAM_NAM_E": null, "Plot_No1": null, "Shape_Le_1": null, "TARGET_F_1": null, "Shape_Leng": null, "Shape_Area": null, "Cal_Rai": null, "layer": "AP1103WBN08", "path": "/Users/ponteerasingto/project11/อุทยานแห่งชาติต้นสักใหญ่/ส่งกรม/Shapefile/1.SHAPEFILE/บ้านวังเบน/AP1103WBN08.shp" }, "geometry": { "type": "MultiPolygon", "coordinates": [ [ [ [ 100.467279582141231, 17.442587263790397 ], [ 100.467265956055201, 17.442421368986416 ], [ 100.467067076244945, 17.442470653203781 ], [ 100.466864206434721, 17.442402421287742 ], [ 100.466771547016464, 17.442893641142785 ], [ 100.466672832752025, 17.443009134554064 ], [ 100.466442900401404, 17.443141237037093 ], [ 100.466828021608961, 17.443404307688226 ], [ 100.467077095810907, 17.443326156620643 ], [ 100.467231577321058, 17.443020169997272 ], [ 100.467279582141231, 17.442587263790397 ] ] ] ] } },
{ "type": "Feature", "properties": { "OBJECTID_1": null, "TARGET_FID": "135", "NAME_DNP": "ต้นสักใหญ่", "CODE_DNP": 1103, "APAR_CODE": "11031004410001WBN08", "APAR_NO": "10044", "NUM_APAR": "10001", "SPAR_CODE": "11030000100135WBN08", "SPAR_NO": "00001", "NUM_SPAR": "00135", "PAR_BAN": "วังเบน", "BAN_E": "WBN", "PAR_MOO": "08", "PAR_TAM": "บ่อทอง", "PAR_AMP": "ทองแสนขัน", "PAR_PROV": "อุตรดิตถ์", "NAME_TITLE": "นาง", "SURNAME": "ทาต่อย", "IDCARD": "3530900139625", "HOME_NO": "14", "HOME_BAN": "วังตะเคียน", "HOME_MOO": "8", "HOME_TAM": "ผักขวง", "HOME_AMP": "ทองแสนขัน", "HOME_PROV": "อุตรดิตถ์", "REMARK": "ไม่ล่อแหลม", "BAN_TYPE": 2, "YEAR": "2562", "NAME_DNP_T": "อุทยานแห่งชาติ", "E": 656377.0, "N": 1929867.0, "NAME": "มานิตย์", "PERIMETER": 571.63252652128006, "AREA_RAI": 7.6739822114300003, "RAI": 7.0, "NGAN": 2.0, "WA_SQ": 70.0, "OBJECTID": null, "Area": null, "MUBAN": null, "TAMBOL": null, "HOME_BAN_E": null, "TAM_CODE": null, "TAM_NAM_T": null, "AMPHOE_T": null, "AMPHOE_E": null, "PROV_CODE": null, "PROV_NAM_T": null, "PROV_NAM_E": null, "NAME_EN": null, "TAM_NAM_E": null, "Plot_No1": null, "Shape_Le_1": null, "TARGET_F_1": null, "Shape_Leng": null, "Shape_Area": null, "Cal_Rai": null, "layer": "AP1103WBN08", "path": "/Users/ponteerasingto/project11/อุทยานแห่งชาติต้นสักใหญ่/ส่งกรม/Shapefile/1.SHAPEFILE/บ้านวังเบน/AP1103WBN08.shp" }, "geometry": { "type": "MultiPolygon", "coordinates": [ [ [ [ 100.47234910684341, 17.44938012856143 ], [ 100.472360379627119, 17.449762049662986 ], [ 100.472099843961274, 17.450080977511035 ], [ 100.472585235849081, 17.450334255892628 ], [ 100.472801788251033, 17.450017336930969 ], [ 100.472682012499604, 17.449635837548986 ], [ 100.473116179339897, 17.449106613779975 ], [ 100.473044668606562, 17.448887174912972 ], [ 100.47220703571422, 17.448465482812768 ], [ 100.472171798363746, 17.448982080702105 ], [ 100.471935814634435, 17.449152513889981 ], [ 100.47234910684341, 17.44938012856143 ] ] ] ] } },
{ "type": "Feature", "properties": { "OBJECTID_1": null, "TARGET_FID": "137", "NAME_DNP": "ต้นสักใหญ่", "CODE_DNP": 1103, "APAR_CODE": "11031004610001WBN08", "APAR_NO": "10046", "NUM_APAR": "10001", "SPAR_CODE": "11030000100137WBN08", "SPAR_NO": "00001", "NUM_SPAR": "00137", "PAR_BAN": "วังเบน", "BAN_E": "WBN", "PAR_MOO": "08", "PAR_TAM": "บ่อทอง", "PAR_AMP": "ทองแสนขัน", "PAR_PROV": "อุตรดิตถ์", "NAME_TITLE": "นาง", "SURNAME": "อินทร์ราง", "IDCARD": "3530900039744", "HOME_NO": "12/1", "HOME_BAN": "วังตะเคียน", "HOME_MOO": "8", "HOME_TAM": "ผักขวง", "HOME_AMP": "ทองแสนขัน", "HOME_PROV": "อุตรดิตถ์", "REMARK": "ไม่ล่อแหลม", "BAN_TYPE": 2, "YEAR": "2562", "NAME_DNP_T": "อุทยานแห่งชาติ", "E": 655967.0, "N": 1929808.0, "NAME": "แต่ง", "PERIMETER": 237.58924644036, "AREA_RAI": 2.00455799143, "RAI": 2.0, "NGAN": 0.0, "WA_SQ": 2.0, "OBJECTID": null, "Area": null, "MUBAN": null, "TAMBOL": null, "HOME_BAN_E": null, "TAM_CODE": null, "TAM_NAM_T": null, "AMPHOE_T": null, "AMPHOE_E": null, "PROV_CODE": null, "PROV_NAM_T": null, "PROV_NAM_E": null, "NAME_EN": null, "TAM_NAM_E": null, "Plot_No1": null, "Shape_Le_1": null, "TARGET_F_1": null, "Shape_Leng": null, "Shape_Area": null, "Cal_Rai": null, "layer": "AP1103WBN08", "path": "/Users/ponteerasingto/project11/อุทยานแห่งชาติต้นสักใหญ่/ส่งกรม/Shapefile/1.SHAPEFILE/บ้านวังเบน/AP1103WBN08.shp" }, "geometry": { "type": "MultiPolygon", "coordinates": [ [ [ [ 100.46898828660801, 17.448760122112159 ], [ 100.468577584523345, 17.448518320451608 ], [ 100.468206828637435, 17.448872616188737 ], [ 100.46896188924768, 17.4491613256336 ], [ 100.46898828660801, 17.448760122112159 ] ] ] ] } },
{ "type": "Feature", "properties": { "OBJECTID_1": null, "TARGET_FID": "136", "NAME_DNP": "ต้นสักใหญ่", "CODE_DNP": 1103, "APAR_CODE": "11031004510001WBN08", "APAR_NO": "10045", "NUM_APAR": "10001", "SPAR_CODE": "11030000100136WBN08", "SPAR_NO": "00001", "NUM_SPAR": "00136", "PAR_BAN": "วังเบน", "BAN_E": "WBN", "PAR_MOO": "08", "PAR_TAM": "บ่อทอง", "PAR_AMP": "ทองแสนขัน", "PAR_PROV": "อุตรดิตถ์", "NAME_TITLE": "นาง", "SURNAME": "สุพรรณ์", "IDCARD": "3530900143371", "HOME_NO": "84", "HOME_BAN": "วังตะเคียน", "HOME_MOO": "8", "HOME_TAM": "ผักขวง", "HOME_AMP": "ทองแสนขัน", "HOME_PROV": "อุตรดิตถ์", "REMARK": "ไม่ล่อแหลม", "BAN_TYPE": 2, "YEAR": "2562", "NAME_DNP_T": "อุทยานแห่งชาติ", "E": 656190.0, "N": 1929777.0, "NAME": "สายชล", "PERIMETER": 337.99937353856001, "AREA_RAI": 4.6734245645300003, "RAI": 4.0, "NGAN": 2.0, "WA_SQ": 69.0, "OBJECTID": null, "Area": null, "MUBAN": null, "TAMBOL": null, "HOME_BAN_E": null, "TAM_CODE": null, "TAM_NAM_T": null, "AMPHOE_T": null, "AMPHOE_E": null, "PROV_CODE": null, "PROV_NAM_T": null, "PROV_NAM_E": null, "NAME_EN": null, "TAM_NAM_E": null, "Plot_No1": null, "Shape_Le_1": null, "TARGET_F_1": null, "Shape_Leng": null, "Shape_Area": null, "Cal_Rai": null, "layer": "AP1103WBN08", "path": "/Users/ponteerasingto/project11/อุทยานแห่งชาติต้นสักใหญ่/ส่งกรม/Shapefile/1.SHAPEFILE/บ้านวังเบน/AP1103WBN08.shp" }, "geometry": { "type": "MultiPolygon", "coordinates": [ [ [ [ 100.4712572280703, 17.448632815135923 ], [ 100.471014384779551, 17.448170763559062 ], [ 100.470634624682788, 17.448030112161941 ], [ 100.470303649430036, 17.448381637853164 ], [ 100.470312196883611, 17.448826293668109 ], [ 100.470660414346852, 17.448843565679468 ], [ 100.471071221904879, 17.449045435380814 ], [ 100.4712572280703, 17.448632815135923 ] ] ] ] } },
{ "type": "Feature", "properties": { "OBJECTID_1": null, "TARGET_FID": "149", "NAME_DNP": "ต้นสักใหญ่", "CODE_DNP": 1103, "APAR_CODE": "11031005210003WBN08", "APAR_NO": "10052", "NUM_APAR": "10003", "SPAR_CODE": "11030000100150WBN08", "SPAR_NO": "00001", "NUM_SPAR": "00150", "PAR_BAN": "วังเบน", "BAN_E": "WBN", "PAR_MOO": "08", "PAR_TAM": "บ่อทอง", "PAR_AMP": "ทองแสนขัน", "PAR_PROV": "อุตรดิตถ์", "NAME_TITLE": "นาย", "SURNAME": "โสปัญญะ", "IDCARD": "3530900274638", "HOME_NO": "90", "HOME_BAN": "วังเบน", "HOME_MOO": "8", "HOME_TAM": "บ่อทอง", "HOME_AMP": "ทองแสนขัน", "HOME_PROV": "อุตรดิตถ์", "REMARK": "ไม่ล่อแหลม", "BAN_TYPE": 2, "YEAR": "2562", "NAME_DNP_T": "อุทยานแห่งชาติ", "E": 654666.0, "N": 1927630.0, "NAME": "วินัย", "PERIMETER": 539.18167971302, "AREA_RAI": 6.9474157554799998, "RAI": 6.0, "NGAN": 3.0, "WA_SQ": 79.0, "OBJECTID": null, "Area": null, "MUBAN": null, "TAMBOL": null, "HOME_BAN_E": null, "TAM_CODE": null, "TAM_NAM_T": null, "AMPHOE_T": null, "AMPHOE_E": null, "PROV_CODE": null, "PROV_NAM_T": null, "PROV_NAM_E": null, "NAME_EN": null, "TAM_NAM_E": null, "Plot_No1": null, "Shape_Le_1": null, "TARGET_F_1": null, "Shape_Leng": null, "Shape_Area": null, "Cal_Rai": null, "layer": "AP1103WBN08", "path": "/Users/ponteerasingto/project11/อุทยานแห่งชาติต้นสักใหญ่/ส่งกรม/Shapefile/1.SHAPEFILE/บ้านวังเบน/AP1103WBN08.shp" }, "geometry": { "type": "MultiPolygon", "coordinates": [ [ [ [ 100.456814173054028, 17.429109951142969 ], [ 100.456635997266076, 17.428487132781438 ], [ 100.455934520371997, 17.428743388750792 ], [ 100.456208552832663, 17.429456185710386 ], [ 100.455635066715573, 17.429379083431346 ], [ 100.455473927698023, 17.429675670249487 ], [ 100.455653230762806, 17.4297580720553 ], [ 100.455747820159331, 17.429758585457655 ], [ 100.456042570840154, 17.429776298300727 ], [ 100.456240275827653, 17.4299131105264 ], [ 100.456471405687864, 17.429858442597755 ], [ 100.456563203826988, 17.429499124680042 ], [ 100.456814173054028, 17.429109951142969 ] ] ] ] } },
{ "type": "Feature", "properties": { "OBJECTID_1": null, "TARGET_FID": "147", "NAME_DNP": "ต้นสักใหญ่", "CODE_DNP": 1103, "APAR_CODE": "11031005310001WBN08", "APAR_NO": "10053", "NUM_APAR": "10001", "SPAR_CODE": "11030000100148WBN08", "SPAR_NO": "00001", "NUM_SPAR": "00148", "PAR_BAN": "วังเบน", "BAN_E": "WBN", "PAR_MOO": "08", "PAR_TAM": "บ่อทอง", "PAR_AMP": "ทองแสนขัน", "PAR_PROV": "อุตรดิตถ์", "NAME_TITLE": "นาย", "SURNAME": "บุญสอาด", "IDCARD": "3530900001140", "HOME_NO": "12/1", "HOME_BAN": "วังเบน", "HOME_MOO": "8", "HOME_TAM": "บ่อทอง", "HOME_AMP": "ทองแสนขัน", "HOME_PROV": "อุตรดิตถ์", "REMARK": "ไม่ล่อแหลม", "BAN_TYPE": 2, "YEAR": "2562", "NAME_DNP_T": "อุทยานแห่งชาติ", "E": 655027.0, "N": 1928361.0, "NAME": "ถาวร", "PERIMETER": 1400.6570146588799, "AREA_RAI": 58.18581794995, "RAI": 58.0, "NGAN": 0.0, "WA_SQ": 74.0, "OBJECTID": null, "Area": null, "MUBAN": null, "TAMBOL": null, "HOME_BAN_E": null, "TAM_CODE": null, "TAM_NAM_T": null, "AMPHOE_T": null, "AMPHOE_E": null, "PROV_CODE": null, "PROV_NAM_T": null, "PROV_NAM_E": null, "NAME_EN": null, "TAM_NAM_E": null, "Plot_No1": null, "Shape_Le_1": null, "TARGET_F_1": null, "Shape_Leng": null, "Shape_Area": null, "Cal_Rai": null, "layer": "AP1103WBN08", "path": "/Users/ponteerasingto/project11/อุทยานแห่งชาติต้นสักใหญ่/ส่งกรม/Shapefile/1.SHAPEFILE/บ้านวังเบน/AP1103WBN08.shp" }, "geometry": { "type": "MultiPolygon", "coordinates": [ [ [ [ 100.461170176706773, 17.43635206027712 ], [ 100.461305818415667, 17.435180504269766 ], [ 100.460341837858309, 17.435183357014836 ], [ 100.459885814578911, 17.434662567709164 ], [ 100.459931157288949, 17.434445352791734 ], [ 100.460005460388814, 17.434318293843106 ], [ 100.460038513926875, 17.433739698652825 ], [ 100.458961931890784, 17.433636379671235 ], [ 100.458819257338419, 17.434491183547749 ], [ 100.458678371694944, 17.43462850100077 ], [ 100.458424607045458, 17.434666223972844 ], [ 100.45827946833181, 17.434816921928181 ], [ 100.458345663275452, 17.435075658872194 ], [ 100.458115644887911, 17.435359079637067 ], [ 100.45838681722185, 17.435577225234692 ], [ 100.458513456701255, 17.435764425859038 ], [ 100.458449857241249, 17.435989045553441 ], [ 100.458630597890377, 17.436400165120293 ], [ 100.458564214760273, 17.436583688578889 ], [ 100.458660813977019, 17.436885549374232 ], [ 100.459416858390227, 17.4372505182866 ], [ 100.459268107351846, 17.437486563457615 ], [ 100.460053547051686, 17.437995901994025 ], [ 100.460291115870248, 17.437734700104688 ], [ 100.460856153058444, 17.437113451166944 ], [ 100.460984132748194, 17.436633564718232 ], [ 100.461170176706773, 17.43635206027712 ] ] ] ] } },
{ "type": "Feature", "properties": { "OBJECTID_1": null, "TARGET_FID": "148", "NAME_DNP": "ต้นสักใหญ่", "CODE_DNP": 1103, "APAR_CODE": "11031005310002WBN08", "APAR_NO": "10053", "NUM_APAR": "10002", "SPAR_CODE": "11030000100149WBN08", "SPAR_NO": "00001", "NUM_SPAR": "00149", "PAR_BAN": "วังเบน", "BAN_E": "WBN", "PAR_MOO": "08", "PAR_TAM": "บ่อทอง", "PAR_AMP": "ทองแสนขัน", "PAR_PROV": "อุตรดิตถ์", "NAME_TITLE": "นาย", "SURNAME": "มะลิวงษ์", "IDCARD": "3650300110773", "HOME_NO": "35", "HOME_BAN": "วังเบน", "HOME_MOO": "8", "HOME_TAM": "บ่อทอง", "HOME_AMP": "ทองแสนขัน", "HOME_PROV": "อุตรดิตถ์", "REMARK": "ไม่ล่อแหลม", "BAN_TYPE": 2, "YEAR": "2562", "NAME_DNP_T": "อุทยานแห่งชาติ", "E": 655029.0, "N": 1927930.0, "NAME": "พวง", "PERIMETER": 1127.35028018087, "AREA_RAI": 33.350279308259999, "RAI": 33.0, "NGAN": 1.0, "WA_SQ": 40.0, "OBJECTID": null, "Area": null, "MUBAN": null, "TAMBOL": null, "HOME_BAN_E": null, "TAM_CODE": null, "TAM_NAM_T": null, "AMPHOE_T": null, "AMPHOE_E": null, "PROV_CODE": null, "PROV_NAM_T": null, "PROV_NAM_E": null, "NAME_EN": null, "TAM_NAM_E": null, "Plot_No1": null, "Shape_Le_1": null, "TARGET_F_1": null, "Shape_Leng": null, "Shape_Area": null, "Cal_Rai": null, "layer": "AP1103WBN08", "path": "/Users/ponteerasingto/project11/อุทยานแห่งชาติต้นสักใหญ่/ส่งกรม/Shapefile/1.SHAPEFILE/บ้านวังเบน/AP1103WBN08.shp" }, "geometry": { "type": "MultiPolygon", "coordinates": [ [ [ [ 100.459532439592749, 17.429723928246851 ], [ 100.459074231296015, 17.430088326607375 ], [ 100.459156819756032, 17.430451150072646 ], [ 100.459103850344675, 17.430681071745084 ], [ 100.458886499119714, 17.430912197307343 ], [ 100.458667855450415, 17.430980745737937 ], [ 100.458701657975041, 17.431363786631827 ], [ 100.459079560297297, 17.431532718021007 ], [ 100.459236212249081, 17.431665184259199 ], [ 100.459297850392517, 17.431899048333868 ], [ 100.459279673931789, 17.432119151243207 ], [ 100.459236134762151, 17.432282056536646 ], [ 100.45915358137411, 17.432550450542969 ], [ 100.459180654720697, 17.432822823427831 ], [ 100.459038781336702, 17.43314903535731 ], [ 100.458963482215069, 17.433542872589758 ], [ 100.460104049221499, 17.433694034575336 ], [ 100.460494699630402, 17.433120023578745 ], [ 100.460678813818475, 17.43246832863958 ], [ 100.460616468305162, 17.431837742438365 ], [ 100.460102197081795, 17.431372707463197 ], [ 100.460048656872672, 17.430904469104359 ], [ 100.459853285351429, 17.430140789126607 ], [ 100.459532439592749, 17.429723928246851 ] ] ] ] } },
{ "type": "Feature", "properties": { "OBJECTID_1": null, "TARGET_FID": "16", "NAME_DNP": "ต้นสักใหญ่", "CODE_DNP": 1103, "APAR_CODE": "11031000510005WBN08", "APAR_NO": "10005", "NUM_APAR": "10005", "SPAR_CODE": "11030000100016WBN08", "SPAR_NO": "00001", "NUM_SPAR": "00016", "PAR_BAN": "วังเบน", "BAN_E": "WBN", "PAR_MOO": "08", "PAR_TAM": "บ่อทอง", "PAR_AMP": "ทองแสนขัน", "PAR_PROV": "อุตรดิตถ์", "NAME_TITLE": "นาย", "SURNAME": "มาสุ", "IDCARD": "3530900113391", "HOME_NO": "168/1", "HOME_BAN": "โคกงาม", "HOME_MOO": "15", "HOME_TAM": "ผักขวง", "HOME_AMP": "ทองแสนขัน", "HOME_PROV": "อุตรดิตถ์", "REMARK": "ล่อแหลม", "BAN_TYPE": 2, "YEAR": "2562", "NAME_DNP_T": "อุทยานแห่งชาติ", "E": 655666.0, "N": 1934016.0, "NAME": "สุธิร์", "PERIMETER": 812.83152173407996, "AREA_RAI": 20.969181406579999, "RAI": 20.0, "NGAN": 3.0, "WA_SQ": 88.0, "OBJECTID": null, "Area": null, "MUBAN": null, "TAMBOL": null, "HOME_BAN_E": null, "TAM_CODE": null, "TAM_NAM_T": null, "AMPHOE_T": null, "AMPHOE_E": null, "PROV_CODE": null, "PROV_NAM_T": null, "PROV_NAM_E": null, "NAME_EN": null, "TAM_NAM_E": null, "Plot_No1": null, "Shape_Le_1": null, "TARGET_F_1": null, "Shape_Leng": null, "Shape_Area": null, "Cal_Rai": null, "layer": "AP1103WBN08", "path": "/Users/ponteerasingto/project11/อุทยานแห่งชาติต้นสักใหญ่/ส่งกรม/Shapefile/1.SHAPEFILE/บ้านวังเบน/AP1103WBN08.shp" }, "geometry": { "type": "MultiPolygon", "coordinates": [ [ [ [ 100.46707553953469, 17.487248603698603 ], [ 100.467135874156611, 17.486552332910325 ], [ 100.46624517126854, 17.485863083565793 ], [ 100.4659177035536, 17.486127563687432 ], [ 100.465656293174263, 17.486409630228181 ], [ 100.465062273629442, 17.486314607576439 ], [ 100.464687866848791, 17.486597506246845 ], [ 100.464906683196162, 17.486876030619062 ], [ 100.465315273882211, 17.487333889309866 ], [ 100.466400319864221, 17.487596983564643 ], [ 100.467354047953094, 17.487924299308318 ], [ 100.46707553953469, 17.487248603698603 ] ] ] ] } },
{ "type": "Feature", "properties": { "OBJECTID_1": null, "TARGET_FID": "3", "NAME_DNP": "ต้นสักใหญ่", "CODE_DNP": 1103, "APAR_CODE": "11031000210001WBN08", "APAR_NO": "10002", "NUM_APAR": "10001", "SPAR_CODE": "11030000100003WBN08", "SPAR_NO": "00001", "NUM_SPAR": "00003", "PAR_BAN": "วังเบน", "BAN_E": "WBN", "PAR_MOO": "08", "PAR_TAM": "บ่อทอง", "PAR_AMP": "ทองแสนขัน", "PAR_PROV": "อุตรดิตถ์", "NAME_TITLE": "นาย", "SURNAME": "มาปัด", "IDCARD": "3530900126531", "HOME_NO": "64/1", "HOME_BAN": "โคกงาม", "HOME_MOO": "15", "HOME_TAM": "ผักขวง", "HOME_AMP": "ทองแสนขัน", "HOME_PROV": "อุตรดิตถ์", "REMARK": "ล่อแหลม", "BAN_TYPE": 2, "YEAR": "2562", "NAME_DNP_T": "อุทยานแห่งชาติ", "E": 654244.0, "N": 1932592.0, "NAME": "สมบัติ", "PERIMETER": 308.95875774922001, "AREA_RAI": 2.9799835057399999, "RAI": 2.0, "NGAN": 3.0, "WA_SQ": 92.0, "OBJECTID": null, "Area": null, "MUBAN": null, "TAMBOL": null, "HOME_BAN_E": null, "TAM_CODE": null, "TAM_NAM_T": null, "AMPHOE_T": null, "AMPHOE_E": null, "PROV_CODE": null, "PROV_NAM_T": null, "PROV_NAM_E": null, "NAME_EN": null, "TAM_NAM_E": null, "Plot_No1": null, "Shape_Le_1": null, "TARGET_F_1": null, "Shape_Leng": null, "Shape_Area": null, "Cal_Rai": null, "layer": "AP1103WBN08", "path": "/Users/ponteerasingto/project11/อุทยานแห่งชาติต้นสักใหญ่/ส่งกรม/Shapefile/1.SHAPEFILE/บ้านวังเบน/AP1103WBN08.shp" }, "geometry": { "type": "MultiPolygon", "coordinates": [ [ [ [ 100.452408406939171, 17.474467764653916 ], [ 100.452487793614523, 17.474520175040517 ], [ 100.452763256732226, 17.474702032249571 ], [ 100.452859261050463, 17.474537149539131 ], [ 100.452833879816495, 17.474164343304434 ], [ 100.452891904637156, 17.47394155882769 ], [ 100.452694630274308, 17.473570008819149 ], [ 100.45240327161747, 17.473586483616614 ], [ 100.452466190326007, 17.473980534871533 ], [ 100.452408406939171, 17.474467764653916 ] ] ] ] } },
{ "type": "Feature", "properties": { "OBJECTID_1": null, "TARGET_FID": "4", "NAME_DNP": "ต้นสักใหญ่", "CODE_DNP": 1103, "APAR_CODE": "11031000310001WBN08", "APAR_NO": "10003", "NUM_APAR": "10001", "SPAR_CODE": "11030000100004WBN08", "SPAR_NO": "00001", "NUM_SPAR": "00004", "PAR_BAN": "วังเบน", "BAN_E": "WBN", "PAR_MOO": "08", "PAR_TAM": "บ่อทอง", "PAR_AMP": "ทองแสนขัน", "PAR_PROV": "อุตรดิตถ์", "NAME_TITLE": "นาย", "SURNAME": "คำทุม", "IDCARD": "1530900003701", "HOME_NO": "163", "HOME_BAN": "โคกงาม", "HOME_MOO": "15", "HOME_TAM": "ผักขวง", "HOME_AMP": "ทองแสนขัน", "HOME_PROV": "อุตรดิตถ์", "REMARK": "ล่อแหลม", "BAN_TYPE": 2, "YEAR": "2562", "NAME_DNP_T": "อุทยานแห่งชาติ", "E": 654272.0, "N": 1932786.0, "NAME": "ภูวดล", "PERIMETER": 348.50877008076998, "AREA_RAI": 4.898947436, "RAI": 4.0, "NGAN": 3.0, "WA_SQ": 60.0, "OBJECTID": null, "Area": null, "MUBAN": null, "TAMBOL": null, "HOME_BAN_E": null, "TAM_CODE": null, "TAM_NAM_T": null, "AMPHOE_T": null, "AMPHOE_E": null, "PROV_CODE": null, "PROV_NAM_T": null, "PROV_NAM_E": null, "NAME_EN": null, "TAM_NAM_E": null, "Plot_No1": null, "Shape_Le_1": null, "TARGET_F_1": null, "Shape_Leng": null, "Shape_Area": null, "Cal_Rai": null, "layer": "AP1103WBN08", "path": "/Users/ponteerasingto/project11/อุทยานแห่งชาติต้นสักใหญ่/ส่งกรม/Shapefile/1.SHAPEFILE/บ้านวังเบน/AP1103WBN08.shp" }, "geometry": { "type": "MultiPolygon", "coordinates": [ [ [ [ 100.453075924862219, 17.47546804459008 ], [ 100.452761231897412, 17.4753699242886 ], [ 100.452613179508134, 17.475550329292869 ], [ 100.452374433593704, 17.47578230531856 ], [ 100.452380481482962, 17.475970280143184 ], [ 100.452571808828523, 17.475988179016582 ], [ 100.452686192108857, 17.47627425996064 ], [ 100.453082585981846, 17.476307226445961 ], [ 100.453141806621275, 17.476235064499711 ], [ 100.453415602524373, 17.476075942891342 ], [ 100.453521032789311, 17.475988413061408 ], [ 100.453460102999756, 17.475845399759368 ], [ 100.453075924862219, 17.47546804459008 ] ] ] ] } },
{ "type": "Feature", "properties": { "OBJECTID_1": null, "TARGET_FID": "2", "NAME_DNP": "ต้นสักใหญ่", "CODE_DNP": 1103, "APAR_CODE": "11031000110002WBN08", "APAR_NO": "10001", "NUM_APAR": "10002", "SPAR_CODE": "11030000100002WBN08", "SPAR_NO": "00001", "NUM_SPAR": "00002", "PAR_BAN": "วังเบน", "BAN_E": "WBN", "PAR_MOO": "08", "PAR_TAM": "บ่อทอง", "PAR_AMP": "ทองแสนขัน", "PAR_PROV": "อุตรดิตถ์", "NAME_TITLE": "นาง", "SURNAME": "คำทุม", "IDCARD": "3530900126523", "HOME_NO": "163", "HOME_BAN": "โคกงาม", "HOME_MOO": "15", "HOME_TAM": "ผักขวง", "HOME_AMP": "ทองแสนขัน", "HOME_PROV": "อุตรดิตถ์", "REMARK": "ล่อแหลม", "BAN_TYPE": 2, "YEAR": "2562", "NAME_DNP_T": "อุทยานแห่งชาติ", "E": 654056.0, "N": 1932677.0, "NAME": "หนัด", "PERIMETER": 660.30982005374005, "AREA_RAI": 17.528459646320002, "RAI": 17.0, "NGAN": 2.0, "WA_SQ": 11.0, "OBJECTID": null, "Area": null, "MUBAN": null, "TAMBOL": null, "HOME_BAN_E": null, "TAM_CODE": null, "TAM_NAM_T": null, "AMPHOE_T": null, "AMPHOE_E": null, "PROV_CODE": null, "PROV_NAM_T": null, "PROV_NAM_E": null, "NAME_EN": null, "TAM_NAM_E": null, "Plot_No1": null, "Shape_Le_1": null, "TARGET_F_1": null, "Shape_Leng": null, "Shape_Area": null, "Cal_Rai": null, "layer": "AP1103WBN08", "path": "/Users/ponteerasingto/project11/อุทยานแห่งชาติต้นสักใหญ่/ส่งกรม/Shapefile/1.SHAPEFILE/บ้านวังเบน/AP1103WBN08.shp" }, "geometry": { "type": "MultiPolygon", "coordinates": [ [ [ [ 100.450233729990231, 17.475676478710358 ], [ 100.451659867800032, 17.475342971686455 ], [ 100.451945185031832, 17.47479329261807 ], [ 100.451565454140592, 17.474123699127013 ], [ 100.450914413130477, 17.473956753392223 ], [ 100.450149565172921, 17.47472502900688 ], [ 100.449690024042781, 17.475412967426582 ], [ 100.450024464294188, 17.475725414866808 ], [ 100.450233729990231, 17.475676478710358 ] ] ] ] } },
{ "type": "Feature", "properties": { "OBJECTID_1": null, "TARGET_FID": "24", "NAME_DNP": "ต้นสักใหญ่", "CODE_DNP": 1103, "APAR_CODE": "11031000510013WBN08", "APAR_NO": "10005", "NUM_APAR": "10013", "SPAR_CODE": "11030000100024WBN08", "SPAR_NO": "00001", "NUM_SPAR": "00024", "PAR_BAN": "วังเบน", "BAN_E": "WBN", "PAR_MOO": "08", "PAR_TAM": "บ่อทอง", "PAR_AMP": "ทองแสนขัน", "PAR_PROV": "อุตรดิตถ์", "NAME_TITLE": "นาย", "SURNAME": "วงค์ลา", "IDCARD": "3530900124369", "HOME_NO": "97", "HOME_BAN": "โคกงาม", "HOME_MOO": "15", "HOME_TAM": "ผักขวง", "HOME_AMP": "ทองแสนขัน", "HOME_PROV": "อุตรดิตถ์", "REMARK": "ล่อแหลม", "BAN_TYPE": 2, "YEAR": "2562", "NAME_DNP_T": "อุทยานแห่งชาติ", "E": 655863.0, "N": 1933906.0, "NAME": "คิด", "PERIMETER": 678.84980860509995, "AREA_RAI": 12.19676056496, "RAI": 12.0, "NGAN": 0.0, "WA_SQ": 79.0, "OBJECTID": null, "Area": null, "MUBAN": null, "TAMBOL": null, "HOME_BAN_E": null, "TAM_CODE": null, "TAM_NAM_T": null, "AMPHOE_T": null, "AMPHOE_E": null, "PROV_CODE": null, "PROV_NAM_T": null, "PROV_NAM_E": null, "NAME_EN": null, "TAM_NAM_E": null, "Plot_No1": null, "Shape_Le_1": null, "TARGET_F_1": null, "Shape_Leng": null, "Shape_Area": null, "Cal_Rai": null, "layer": "AP1103WBN08", "path": "/Users/ponteerasingto/project11/อุทยานแห่งชาติต้นสักใหญ่/ส่งกรม/Shapefile/1.SHAPEFILE/บ้านวังเบน/AP1103WBN08.shp" }, "geometry": { "type": "MultiPolygon", "coordinates": [ [ [ [ 100.468578794593057, 17.485647040693561 ], [ 100.467785804941968, 17.485399872619276 ], [ 100.467499333014473, 17.484904971291122 ], [ 100.467094003684608, 17.484853743938075 ], [ 100.46648361914265, 17.485066093806211 ], [ 100.4664014811502, 17.485392021155942 ], [ 100.467383300046194, 17.485701056918192 ], [ 100.468286297171161, 17.486625980204316 ], [ 100.468686389700821, 17.486278787476287 ], [ 100.468578794593057, 17.485647040693561 ] ] ] ] } },
{ "type": "Feature", "properties": { "OBJECTID_1": null, "TARGET_FID": "23", "NAME_DNP": "ต้นสักใหญ่", "CODE_DNP": 1103, "APAR_CODE": "11031000510012WBN08", "APAR_NO": "10005", "NUM_APAR": "10012", "SPAR_CODE": "11030000100023WBN08", "SPAR_NO": "00001", "NUM_SPAR": "00023", "PAR_BAN": "วังเบน", "BAN_E": "WBN", "PAR_MOO": "08", "PAR_TAM": "บ่อทอง", "PAR_AMP": "ทองแสนขัน", "PAR_PROV": "อุตรดิตถ์", "NAME_TITLE": "นาย", "SURNAME": "วงค์ลา", "IDCARD": "3530900124369", "HOME_NO": "97", "HOME_BAN": "โคกงาม", "HOME_MOO": "15", "HOME_TAM": "ผักขวง", "HOME_AMP": "ทองแสนขัน", "HOME_PROV": "อุตรดิตถ์", "REMARK": "ล่อแหลม", "BAN_TYPE": 2, "YEAR": "2562", "NAME_DNP_T": "อุทยานแห่งชาติ", "E": 655785.0, "N": 1933955.0, "NAME": "คิด", "PERIMETER": 697.71013264299995, "AREA_RAI": 12.88342705136, "RAI": 12.0, "NGAN": 3.0, "WA_SQ": 53.0, "OBJECTID": null, "Area": null, "MUBAN": null, "TAMBOL": null, "HOME_BAN_E": null, "TAM_CODE": null, "TAM_NAM_T": null, "AMPHOE_T": null, "AMPHOE_E": null, "PROV_CODE": null, "PROV_NAM_T": null, "PROV_NAM_E": null, "NAME_EN": null, "TAM_NAM_E": null, "Plot_No1": null, "Shape_Le_1": null, "TARGET_F_1": null, "Shape_Leng": null, "Shape_Area": null, "Cal_Rai": null, "layer": "AP1103WBN08", "path": "/Users/ponteerasingto/project11/อุทยานแห่งชาติต้นสักใหญ่/ส่งกรม/Shapefile/1.SHAPEFILE/บ้านวังเบน/AP1103WBN08.shp" }, "geometry": { "type": "MultiPolygon", "coordinates": [ [ [ [ 100.468286297171161, 17.486625980204316 ], [ 100.467383300046194, 17.485701056918192 ], [ 100.4664014811502, 17.485392021155942 ], [ 100.466245171268554, 17.48586308356581 ], [ 100.467135874156639, 17.486552332910339 ], [ 100.467075539534704, 17.487248603698582 ], [ 100.467481310090164, 17.487354047455693 ], [ 100.467802904413332, 17.487247682679122 ], [ 100.467700509762551, 17.486834571327911 ], [ 100.468286297171161, 17.486625980204316 ] ] ] ] } },
{ "type": "Feature", "properties": { "OBJECTID_1": null, "TARGET_FID": "13", "NAME_DNP": "ต้นสักใหญ่", "CODE_DNP": 1103, "APAR_CODE": "11031000510002WBN08", "APAR_NO": "10005", "NUM_APAR": "10002", "SPAR_CODE": "11030000100013WBN08", "SPAR_NO": "00001", "NUM_SPAR": "00013", "PAR_BAN": "วังเบน", "BAN_E": "WBN", "PAR_MOO": "08", "PAR_TAM": "บ่อทอง", "PAR_AMP": "ทองแสนขัน", "PAR_PROV": "อุตรดิตถ์", "NAME_TITLE": "นาง", "SURNAME": "อินสา", "IDCARD": "3530900113375", "HOME_NO": "168", "HOME_BAN": "โคกงาม", "HOME_MOO": "15", "HOME_TAM": "ผักขวง", "HOME_AMP": "ทองแสนขัน", "HOME_PROV": "อุตรดิตถ์", "REMARK": "ล่อแหลม", "BAN_TYPE": 2, "YEAR": "2562", "NAME_DNP_T": "อุทยานแห่งชาติ", "E": 655228.0, "N": 1933685.0, "NAME": "กฤษณา", "PERIMETER": 527.78575913560996, "AREA_RAI": 7.6243632882099996, "RAI": 7.0, "NGAN": 2.0, "WA_SQ": 50.0, "OBJECTID": null, "Area": null, "MUBAN": null, "TAMBOL": null, "HOME_BAN_E": null, "TAM_CODE": null, "TAM_NAM_T": null, "AMPHOE_T": null, "AMPHOE_E": null, "PROV_CODE": null, "PROV_NAM_T": null, "PROV_NAM_E": null, "NAME_EN": null, "TAM_NAM_E": null, "Plot_No1": null, "Shape_Le_1": null, "TARGET_F_1": null, "Shape_Leng": null, "Shape_Area": null, "Cal_Rai": null, "layer": "AP1103WBN08", "path": "/Users/ponteerasingto/project11/อุทยานแห่งชาติต้นสักใหญ่/ส่งกรม/Shapefile/1.SHAPEFILE/บ้านวังเบน/AP1103WBN08.shp" }, "geometry": { "type": "MultiPolygon", "coordinates": [ [ [ [ 100.462173740000978, 17.483082672087715 ], [ 100.461310433786011, 17.484071754273835 ], [ 100.461889911633747, 17.484764254230907 ], [ 100.462272943085964, 17.484364314667101 ], [ 100.462070578058075, 17.483983250310168 ], [ 100.462744749842443, 17.483875367427995 ], [ 100.462173740000978, 17.483082672087715 ] ] ] ] } },
{ "type": "Feature", "properties": { "OBJECTID_1": null, "TARGET_FID": "12", "NAME_DNP": "ต้นสักใหญ่", "CODE_DNP": 1103, "APAR_CODE": "11031000510001WBN08", "APAR_NO": "10005", "NUM_APAR": "10001", "SPAR_CODE": "11030000100012WBN08", "SPAR_NO": "00001", "NUM_SPAR": "00012", "PAR_BAN": "วังเบน", "BAN_E": "WBN", "PAR_MOO": "08", "PAR_TAM": "บ่อทอง", "PAR_AMP": "ทองแสนขัน", "PAR_PROV": "อุตรดิตถ์", "NAME_TITLE": "นาง", "SURNAME": "จันดาหาญ", "IDCARD": "3530900113405", "HOME_NO": "105", "HOME_BAN": "โคกงาม", "HOME_MOO": "15", "HOME_TAM": "ผักขวง", "HOME_AMP": "ทองแสนขัน", "HOME_PROV": "อุตรดิตถ์", "REMARK": "ล่อแหลม", "BAN_TYPE": 2, "YEAR": "2562", "NAME_DNP_T": "อุทยานแห่งชาติ", "E": 655165.0, "N": 1933618.0, "NAME": "เข็มทอง", "PERIMETER": 431.34212263569998, "AREA_RAI": 6.7178904850699999, "RAI": 6.0, "NGAN": 2.0, "WA_SQ": 87.0, "OBJECTID": null, "Area": null, "MUBAN": null, "TAMBOL": null, "HOME_BAN_E": null, "TAM_CODE": null, "TAM_NAM_T": null, "AMPHOE_T": null, "AMPHOE_E": null, "PROV_CODE": null, "PROV_NAM_T": null, "PROV_NAM_E": null, "NAME_EN": null, "TAM_NAM_E": null, "Plot_No1": null, "Shape_Le_1": null, "TARGET_F_1": null, "Shape_Leng": null, "Shape_Area": null, "Cal_Rai": null, "layer": "AP1103WBN08", "path": "/Users/ponteerasingto/project11/อุทยานแห่งชาติต้นสักใหญ่/ส่งกรม/Shapefile/1.SHAPEFILE/บ้านวังเบน/AP1103WBN08.shp" }, "geometry": { "type": "MultiPolygon", "coordinates": [ [ [ [ 100.462173740000978, 17.483082672087715 ], [ 100.46113573362436, 17.482810168898624 ], [ 100.460798726128075, 17.482994591624959 ], [ 100.460834015393132, 17.483283633716624 ], [ 100.461310433786011, 17.484071754273835 ], [ 100.462173740000978, 17.483082672087715 ] ] ] ] } },
{ "type": "Feature", "properties": { "OBJECTID_1": null, "TARGET_FID": "7", "NAME_DNP": "ต้นสักใหญ่", "CODE_DNP": 1103, "APAR_CODE": "11031000310004WBN08", "APAR_NO": "10003", "NUM_APAR": "10004", "SPAR_CODE": "11030000100007WBN08", "SPAR_NO": "00001", "NUM_SPAR": "00007", "PAR_BAN": "วังเบน", "BAN_E": "WBN", "PAR_MOO": "08", "PAR_TAM": "บ่อทอง", "PAR_AMP": "ทองแสนขัน", "PAR_PROV": "อุตรดิตถ์", "NAME_TITLE": "นาย", "SURNAME": "พลบุญ", "IDCARD": "3530900121190", "HOME_NO": "55", "HOME_BAN": "โคกงาม", "HOME_MOO": "15", "HOME_TAM": "ผักขวง", "HOME_AMP": "ทองแสนขัน", "HOME_PROV": "อุตรดิตถ์", "REMARK": "ล่อแหลม", "BAN_TYPE": 2, "YEAR": "2562", "NAME_DNP_T": "อุทยานแห่งชาติ", "E": 654630.0, "N": 1932824.0, "NAME": "สว่าง", "PERIMETER": 1013.62554133622, "AREA_RAI": 41.354783125860003, "RAI": 41.0, "NGAN": 1.0, "WA_SQ": 42.0, "OBJECTID": null, "Area": null, "MUBAN": null, "TAMBOL": null, "HOME_BAN_E": null, "TAM_CODE": null, "TAM_NAM_T": null, "AMPHOE_T": null, "AMPHOE_E": null, "PROV_CODE": null, "PROV_NAM_T": null, "PROV_NAM_E": null, "NAME_EN": null, "TAM_NAM_E": null, "Plot_No1": null, "Shape_Le_1": null, "TARGET_F_1": null, "Shape_Leng": null, "Shape_Area": null, "Cal_Rai": null, "layer": "AP1103WBN08", "path": "/Users/ponteerasingto/project11/อุทยานแห่งชาติต้นสักใหญ่/ส่งกรม/Shapefile/1.SHAPEFILE/บ้านวังเบน/AP1103WBN08.shp" }, "geometry": { "type": "MultiPolygon", "coordinates": [ [ [ [ 100.457619225052042, 17.47519995835599 ], [ 100.457380092621463, 17.474731801105488 ], [ 100.456185019756902, 17.474830926757708 ], [ 100.455673479433031, 17.475629906335076 ], [ 100.454679289327871, 17.476125168573212 ], [ 100.454765674859914, 17.47650272812654 ], [ 100.454833890864563, 17.476621058267131 ], [ 100.455473584980865, 17.477727893418283 ], [ 100.456750830669449, 17.477302846938326 ], [ 100.457664010921206, 17.476094266763397 ], [ 100.457650709802451, 17.47560638025924 ], [ 100.457619225052042, 17.47519995835599 ] ] ] ] } },
{ "type": "Feature", "properties": { "OBJECTID_1": null, "TARGET_FID": "25", "NAME_DNP": "ต้นสักใหญ่", "CODE_DNP": 1103, "APAR_CODE": "11031000510014WBN08", "APAR_NO": "10005", "NUM_APAR": "10014", "SPAR_CODE": "11030000100025WBN08", "SPAR_NO": "00001", "NUM_SPAR": "00025", "PAR_BAN": "วังเบน", "BAN_E": "WBN", "PAR_MOO": "08", "PAR_TAM": "บ่อทอง", "PAR_AMP": "ทองแสนขัน", "PAR_PROV": "อุตรดิตถ์", "NAME_TITLE": "นาง", "SURNAME": "จันดาหาญ", "IDCARD": "3530900119004", "HOME_NO": "184", "HOME_BAN": "โคกงาม", "HOME_MOO": "15", "HOME_TAM": "ผักขวง", "HOME_AMP": "ทองแสนขัน", "HOME_PROV": "อุตรดิตถ์", "REMARK": "ล่อแหลม", "BAN_TYPE": 2, "YEAR": "2562", "NAME_DNP_T": "อุทยานแห่งชาติ", "E": 655812.0, "N": 1933750.0, "NAME": "สน", "PERIMETER": 969.38853400322, "AREA_RAI": 22.838871250250001, "RAI": 22.0, "NGAN": 3.0, "WA_SQ": 36.0, "OBJECTID": null, "Area": null, "MUBAN": null, "TAMBOL": null, "HOME_BAN_E": null, "TAM_CODE": null, "TAM_NAM_T": null, "AMPHOE_T": null, "AMPHOE_E": null, "PROV_CODE": null, "PROV_NAM_T": null, "PROV_NAM_E": null, "NAME_EN": null, "TAM_NAM_E": null, "Plot_No1": null, "Shape_Le_1": null, "TARGET_F_1": null, "Shape_Leng": null, "Shape_Area": null, "Cal_Rai": null, "layer": "AP1103WBN08", "path": "/Users/ponteerasingto/project11/อุทยานแห่งชาติต้นสักใหญ่/ส่งกรม/Shapefile/1.SHAPEFILE/บ้านวังเบน/AP1103WBN08.shp" }, "geometry": { "type": "MultiPolygon", "coordinates": [ [ [ [ 100.466477320229032, 17.48310517797719 ], [ 100.465991811639114, 17.483623852119841 ], [ 100.46668273482085, 17.484061551669065 ], [ 100.46648361914265, 17.485066093806211 ], [ 100.467094003684608, 17.484853743938043 ], [ 100.467499333014473, 17.484904971291108 ], [ 100.467785804941968, 17.485399872619276 ], [ 100.468578794593043, 17.485647040693539 ], [ 100.468996429323738, 17.484884871537947 ], [ 100.466477320229032, 17.48310517797719 ] ] ] ] } },
{ "type": "Feature", "properties": { "OBJECTID_1": null, "TARGET_FID": "22", "NAME_DNP": "ต้นสักใหญ่", "CODE_DNP": 1103, "APAR_CODE": "11031000510011WBN08", "APAR_NO": "10005", "NUM_APAR": "10011", "SPAR_CODE": "11030000100022WBN08", "SPAR_NO": "00001", "NUM_SPAR": "00022", "PAR_BAN": "วังเบน", "BAN_E": "WBN", "PAR_MOO": "08", "PAR_TAM": "บ่อทอง", "PAR_AMP": "ทองแสนขัน", "PAR_PROV": "อุตรดิตถ์", "NAME_TITLE": "นาย", "SURNAME": "คำภา", "IDCARD": "3530900109891", "HOME_NO": "105/4", "HOME_BAN": "โคกงาม", "HOME_MOO": "15", "HOME_TAM": "ผักขวง", "HOME_AMP": "ทองแสนขัน", "HOME_PROV": "อุตรดิตถ์", "REMARK": "ล่อแหลม", "BAN_TYPE": 2, "YEAR": "2562", "NAME_DNP_T": "อุทยานแห่งชาติ", "E": 655636.0, "N": 1933692.0, "NAME": "กิตติ", "PERIMETER": 871.10296126433002, "AREA_RAI": 20.76393146086, "RAI": 20.0, "NGAN": 3.0, "WA_SQ": 6.0, "OBJECTID": null, "Area": null, "MUBAN": null, "TAMBOL": null, "HOME_BAN_E": null, "TAM_CODE": null, "TAM_NAM_T": null, "AMPHOE_T": null, "AMPHOE_E": null, "PROV_CODE": null, "PROV_NAM_T": null, "PROV_NAM_E": null, "NAME_EN": null, "TAM_NAM_E": null, "Plot_No1": null, "Shape_Le_1": null, "TARGET_F_1": null, "Shape_Leng": null, "Shape_Area": null, "Cal_Rai": null, "layer": "AP1103WBN08", "path": "/Users/ponteerasingto/project11/อุทยานแห่งชาติต้นสักใหญ่/ส่งกรม/Shapefile/1.SHAPEFILE/บ้านวังเบน/AP1103WBN08.shp" }, "geometry": { "type": "MultiPolygon", "coordinates": [ [ [ [ 100.46668273482085, 17.484061551669065 ], [ 100.465991811639114, 17.483623852119841 ], [ 100.466477320229032, 17.48310517797719 ], [ 100.465690069714938, 17.482397086809311 ], [ 100.464823797698443, 17.484386675105437 ], [ 100.465700050366848, 17.484818848388386 ], [ 100.466401481150186, 17.485392021155924 ], [ 100.46648361914265, 17.485066093806211 ], [ 100.46668273482085, 17.484061551669065 ] ] ] ] } },
{ "type": "Feature", "properties": { "OBJECTID_1": null, "TARGET_FID": "6", "NAME_DNP": "ต้นสักใหญ่", "CODE_DNP": 1103, "APAR_CODE": "11031000310003WBN08", "APAR_NO": "10003", "NUM_APAR": "10003", "SPAR_CODE": "11030000100006WBN08", "SPAR_NO": "00001", "NUM_SPAR": "00006", "PAR_BAN": "วังเบน", "BAN_E": "WBN", "PAR_MOO": "08", "PAR_TAM": "บ่อทอง", "PAR_AMP": "ทองแสนขัน", "PAR_PROV": "อุตรดิตถ์", "NAME_TITLE": "นาง", "SURNAME": "หอมจันทร", "IDCARD": "3530900121271", "HOME_NO": "207", "HOME_BAN": "โคกงาม", "HOME_MOO": "15", "HOME_TAM": "ผักขวง", "HOME_AMP": "ทองแสนขัน", "HOME_PROV": "อุตรดิตถ์", "REMARK": "ไม่ล่อแหลม", "BAN_TYPE": 2, "YEAR": "2562", "NAME_DNP_T": "อุทยานแห่งชาติ", "E": 654746.0, "N": 1932963.0, "NAME": "เพียน", "PERIMETER": 1123.1781255480801, "AREA_RAI": 38.045249448610001, "RAI": 38.0, "NGAN": 0.0, "WA_SQ": 18.0, "OBJECTID": null, "Area": null, "MUBAN": null, "TAMBOL": null, "HOME_BAN_E": null, "TAM_CODE": null, "TAM_NAM_T": null, "AMPHOE_T": null, "AMPHOE_E": null, "PROV_CODE": null, "PROV_NAM_T": null, "PROV_NAM_E": null, "NAME_EN": null, "TAM_NAM_E": null, "Plot_No1": null, "Shape_Le_1": null, "TARGET_F_1": null, "Shape_Leng": null, "Shape_Area": null, "Cal_Rai": null, "layer": "AP1103WBN08", "path": "/Users/ponteerasingto/project11/อุทยานแห่งชาติต้นสักใหญ่/ส่งกรม/Shapefile/1.SHAPEFILE/บ้านวังเบน/AP1103WBN08.shp" }, "geometry": { "type": "MultiPolygon", "coordinates": [ [ [ [ 100.458890876608393, 17.477415370544236 ], [ 100.458755386062634, 17.476870007403502 ], [ 100.458363651582502, 17.476299585471249 ], [ 100.457903135389586, 17.475378611233587 ], [ 100.457650709802451, 17.47560638025924 ], [ 100.457664010921206, 17.476094266763397 ], [ 100.456750830669449, 17.477302846938326 ], [ 100.455473584980865, 17.477727893418283 ], [ 100.45551469728909, 17.478161356389798 ], [ 100.456356518851464, 17.478634136795637 ], [ 100.458049433144183, 17.478377732660171 ], [ 100.458890876608393, 17.477415370544236 ] ] ] ] } },
{ "type": "Feature", "properties": { "OBJECTID_1": null, "TARGET_FID": "9", "NAME_DNP": "ต้นสักใหญ่", "CODE_DNP": 1103, "APAR_CODE": "11031000310006WBN08", "APAR_NO": "10003", "NUM_APAR": "10006", "SPAR_CODE": "11030000100009WBN08", "SPAR_NO": "00001", "NUM_SPAR": "00009", "PAR_BAN": "วังเบน", "BAN_E": "WBN", "PAR_MOO": "08", "PAR_TAM": "บ่อทอง", "PAR_AMP": "ทองแสนขัน", "PAR_PROV": "อุตรดิตถ์", "NAME_TITLE": "นาย", "SURNAME": "ชัยมา", "IDCARD": "3530900125667", "HOME_NO": "98", "HOME_BAN": "โคกงาม", "HOME_MOO": "15", "HOME_TAM": "ผักขวง", "HOME_AMP": "ทองแสนขัน", "HOME_PROV": "อุตรดิตถ์", "REMARK": "ล่อแหลม", "BAN_TYPE": 2, "YEAR": "2562", "NAME_DNP_T": "อุทยานแห่งชาติ", "E": 654916.0, "N": 1932804.0, "NAME": "สายันณ์", "PERIMETER": 765.34610540045003, "AREA_RAI": 20.110110452259999, "RAI": 20.0, "NGAN": 0.0, "WA_SQ": 44.0, "OBJECTID": null, "Area": null, "MUBAN": null, "TAMBOL": null, "HOME_BAN_E": null, "TAM_CODE": null, "TAM_NAM_T": null, "AMPHOE_T": null, "AMPHOE_E": null, "PROV_CODE": null, "PROV_NAM_T": null, "PROV_NAM_E": null, "NAME_EN": null, "TAM_NAM_E": null, "Plot_No1": null, "Shape_Le_1": null, "TARGET_F_1": null, "Shape_Leng": null, "Shape_Area": null, "Cal_Rai": null, "layer": "AP1103WBN08", "path": "/Users/ponteerasingto/project11/อุทยานแห่งชาติต้นสักใหญ่/ส่งกรม/Shapefile/1.SHAPEFILE/บ้านวังเบน/AP1103WBN08.shp" }, "geometry": { "type": "MultiPolygon", "coordinates": [ [ [ [ 100.458700733942834, 17.475029363760786 ], [ 100.458163544255754, 17.475065280539354 ], [ 100.457903135389586, 17.475378611233587 ], [ 100.458363651582502, 17.476299585471253 ], [ 100.458755386062634, 17.476870007403498 ], [ 100.458890876608407, 17.477415370544215 ], [ 100.460232128420472, 17.475777205064656 ], [ 100.458700733942834, 17.475029363760786 ] ] ] ] } },
{ "type": "Feature", "properties": { "OBJECTID_1": null, "TARGET_FID": "5", "NAME_DNP": "ต้นสักใหญ่", "CODE_DNP": 1103, "APAR_CODE": "11031000310002WBN08", "APAR_NO": "10003", "NUM_APAR": "10002", "SPAR_CODE": "11030000100005WBN08", "SPAR_NO": "00001", "NUM_SPAR": "00005", "PAR_BAN": "วังเบน", "BAN_E": "WBN", "PAR_MOO": "08", "PAR_TAM": "บ่อทอง", "PAR_AMP": "ทองแสนขัน", "PAR_PROV": "อุตรดิตถ์", "NAME_TITLE": "นาง", "SURNAME": "จันดาหาญ", "IDCARD": "3530900118121", "HOME_NO": "209", "HOME_BAN": "โคกงาม", "HOME_MOO": "15", "HOME_TAM": "ผักขวง", "HOME_AMP": "ทองแสนขัน", "HOME_PROV": "อุตรดิตถ์", "REMARK": "ล่อแหลม", "BAN_TYPE": 2, "YEAR": "2562", "NAME_DNP_T": "อุทยานแห่งชาติ", "E": 654429.0, "N": 1932936.0, "NAME": "ชุม", "PERIMETER": 833.69969519050005, "AREA_RAI": 24.19713818672, "RAI": 24.0, "NGAN": 0.0, "WA_SQ": 79.0, "OBJECTID": null, "Area": null, "MUBAN": null, "TAMBOL": null, "HOME_BAN_E": null, "TAM_CODE": null, "TAM_NAM_T": null, "AMPHOE_T": null, "AMPHOE_E": null, "PROV_CODE": null, "PROV_NAM_T": null, "PROV_NAM_E": null, "NAME_EN": null, "TAM_NAM_E": null, "Plot_No1": null, "Shape_Le_1": null, "TARGET_F_1": null, "Shape_Leng": null, "Shape_Area": null, "Cal_Rai": null, "layer": "AP1103WBN08", "path": "/Users/ponteerasingto/project11/อุทยานแห่งชาติต้นสักใหญ่/ส่งกรม/Shapefile/1.SHAPEFILE/บ้านวังเบน/AP1103WBN08.shp" }, "geometry": { "type": "MultiPolygon", "coordinates": [ [ [ [ 100.45551469728909, 17.478161356389798 ], [ 100.455473584980865, 17.477727893418283 ], [ 100.454833890864563, 17.476621058267131 ], [ 100.454765674859914, 17.47650272812654 ], [ 100.454679289327871, 17.476125168573212 ], [ 100.453897135580576, 17.476049560052886 ], [ 100.453494409624668, 17.476323608062355 ], [ 100.453090822610079, 17.476489220047604 ], [ 100.453406781023574, 17.477146592324782 ], [ 100.455161205030308, 17.478706148713936 ], [ 100.45551469728909, 17.478161356389798 ] ] ] ] } },
{ "type": "Feature", "properties": { "OBJECTID_1": null, "TARGET_FID": "26", "NAME_DNP": "ต้นสักใหญ่", "CODE_DNP": 1103, "APAR_CODE": "11031000610001WBN08", "APAR_NO": "10006", "NUM_APAR": "10001", "SPAR_CODE": "11030000100026WBN08", "SPAR_NO": "00001", "NUM_SPAR": "00026", "PAR_BAN": "วังเบน", "BAN_E": "WBN", "PAR_MOO": "08", "PAR_TAM": "บ่อทอง", "PAR_AMP": "ทองแสนขัน", "PAR_PROV": "อุตรดิตถ์", "NAME_TITLE": "นาย", "SURNAME": "อินตาต่อ", "IDCARD": "3530900117729", "HOME_NO": "72", "HOME_BAN": "โคกงาม", "HOME_MOO": "15", "HOME_TAM": "ผักขวง", "HOME_AMP": "ทองแสนขัน", "HOME_PROV": "อุตรดิตถ์", "REMARK": "ล่อแหลม", "BAN_TYPE": 2, "YEAR": "2562", "NAME_DNP_T": "อุทยานแห่งชาติ", "E": 656122.0, "N": 1933866.0, "NAME": "เสวี่ยน", "PERIMETER": 562.59313586381995, "AREA_RAI": 13.63377974854, "RAI": 13.0, "NGAN": 2.0, "WA_SQ": 54.0, "OBJECTID": null, "Area": null, "MUBAN": null, "TAMBOL": null, "HOME_BAN_E": null, "TAM_CODE": null, "TAM_NAM_T": null, "AMPHOE_T": null, "AMPHOE_E": null, "PROV_CODE": null, "PROV_NAM_T": null, "PROV_NAM_E": null, "NAME_EN": null, "TAM_NAM_E": null, "Plot_No1": null, "Shape_Le_1": null, "TARGET_F_1": null, "Shape_Leng": null, "Shape_Area": null, "Cal_Rai": null, "layer": "AP1103WBN08", "path": "/Users/ponteerasingto/project11/อุทยานแห่งชาติต้นสักใหญ่/ส่งกรม/Shapefile/1.SHAPEFILE/บ้านวังเบน/AP1103WBN08.shp" }, "geometry": { "type": "MultiPolygon", "coordinates": [ [ [ [ 100.471016128632854, 17.48494943927583 ], [ 100.470329150358623, 17.484777191916873 ], [ 100.469702711903281, 17.484953975418438 ], [ 100.469597932613638, 17.485557271658518 ], [ 100.469772357030067, 17.486018476889054 ], [ 100.470080251416093, 17.486193682574342 ], [ 100.471391162934836, 17.485929570378904 ], [ 100.471016128632854, 17.48494943927583 ] ] ] ] } },
{ "type": "Feature", "properties": { "OBJECTID_1": null, "TARGET_FID": "20", "NAME_DNP": "ต้นสักใหญ่", "CODE_DNP": 1103, "APAR_CODE": "11031000510009WBN08", "APAR_NO": "10005", "NUM_APAR": "10009", "SPAR_CODE": "11030000100020WBN08", "SPAR_NO": "00001", "NUM_SPAR": "00020", "PAR_BAN": "วังเบน", "BAN_E": "WBN", "PAR_MOO": "08", "PAR_TAM": "บ่อทอง", "PAR_AMP": "ทองแสนขัน", "PAR_PROV": "อุตรดิตถ์", "NAME_TITLE": "นาย", "SURNAME": "มาสุ", "IDCARD": "3530900113324", "HOME_NO": "168", "HOME_BAN": "โคกงาม", "HOME_MOO": "15", "HOME_TAM": "ผักขวง", "HOME_AMP": "ทองแสนขัน", "HOME_PROV": "อุตรดิตถ์", "REMARK": "ล่อแหลม", "BAN_TYPE": 2, "YEAR": "2562", "NAME_DNP_T": "อุทยานแห่งชาติ", "E": 655401.0, "N": 1933512.0, "NAME": "บุญชู", "PERIMETER": 889.06170797982998, "AREA_RAI": 16.47916367022, "RAI": 16.0, "NGAN": 1.0, "WA_SQ": 92.0, "OBJECTID": null, "Area": null, "MUBAN": null, "TAMBOL": null, "HOME_BAN_E": null, "TAM_CODE": null, "TAM_NAM_T": null, "AMPHOE_T": null, "AMPHOE_E": null, "PROV_CODE": null, "PROV_NAM_T": null, "PROV_NAM_E": null, "NAME_EN": null, "TAM_NAM_E": null, "Plot_No1": null, "Shape_Le_1": null, "TARGET_F_1": null, "Shape_Leng": null, "Shape_Area": null, "Cal_Rai": null, "layer": "AP1103WBN08", "path": "/Users/ponteerasingto/project11/อุทยานแห่งชาติต้นสักใหญ่/ส่งกรม/Shapefile/1.SHAPEFILE/บ้านวังเบน/AP1103WBN08.shp" }, "geometry": { "type": "MultiPolygon", "coordinates": [ [ [ [ 100.464923030674413, 17.481860540861447 ], [ 100.46417065914406, 17.481607595590887 ], [ 100.463818321534447, 17.481489139710167 ], [ 100.462333842400653, 17.481906720890805 ], [ 100.463418563535996, 17.482133690595912 ], [ 100.462570370999984, 17.483224339836415 ], [ 100.463109472883474, 17.483518583093961 ], [ 100.464923030674413, 17.481860540861447 ] ] ] ] } },
{ "type": "Feature", "properties": { "OBJECTID_1": null, "TARGET_FID": "18", "NAME_DNP": "ต้นสักใหญ่", "CODE_DNP": 1103, "APAR_CODE": "11031000510007WBN08", "APAR_NO": "10005", "NUM_APAR": "10007", "SPAR_CODE": "11030000100018WBN08", "SPAR_NO": "00001", "NUM_SPAR": "00018", "PAR_BAN": "วังเบน", "BAN_E": "WBN", "PAR_MOO": "08", "PAR_TAM": "บ่อทอง", "PAR_AMP": "ทองแสนขัน", "PAR_PROV": "อุตรดิตถ์", "NAME_TITLE": "นาง", "SURNAME": "จันดาหาญ", "IDCARD": "3530900113405", "HOME_NO": "105", "HOME_BAN": "โคกงาม", "HOME_MOO": "15", "HOME_TAM": "ผักขวง", "HOME_AMP": "ทองแสนขัน", "HOME_PROV": "อุตรดิตถ์", "REMARK": "ล่อแหลม", "BAN_TYPE": 2, "YEAR": "2562", "NAME_DNP_T": "อุทยานแห่งชาติ", "E": 655289.0, "N": 1933537.0, "NAME": "เข็มทอง", "PERIMETER": 583.26423123187999, "AREA_RAI": 7.3877396317499997, "RAI": 7.0, "NGAN": 1.0, "WA_SQ": 55.0, "OBJECTID": null, "Area": null, "MUBAN": null, "TAMBOL": null, "HOME_BAN_E": null, "TAM_CODE": null, "TAM_NAM_T": null, "AMPHOE_T": null, "AMPHOE_E": null, "PROV_CODE": null, "PROV_NAM_T": null, "PROV_NAM_E": null, "NAME_EN": null, "TAM_NAM_E": null, "Plot_No1": null, "Shape_Le_1": null, "TARGET_F_1": null, "Shape_Leng": null, "Shape_Area": null, "Cal_Rai": null, "layer": "AP1103WBN08", "path": "/Users/ponteerasingto/project11/อุทยานแห่งชาติต้นสักใหญ่/ส่งกรม/Shapefile/1.SHAPEFILE/บ้านวังเบน/AP1103WBN08.shp" }, "geometry": { "type": "MultiPolygon", "coordinates": [ [ [ [ 100.462333842400653, 17.481906720890805 ], [ 100.462590530837787, 17.482212079893124 ], [ 100.462414225408153, 17.482538699200227 ], [ 100.461917010383431, 17.482565271537545 ], [ 100.46148187162504, 17.48271569746904 ], [ 100.462570370999984, 17.483224339836415 ], [ 100.463418563535996, 17.482133690595912 ], [ 100.462333842400653, 17.481906720890805 ] ] ] ] } },
{ "type": "Feature", "properties": { "OBJECTID_1": null, "TARGET_FID": "19", "NAME_DNP": "ต้นสักใหญ่", "CODE_DNP": 1103, "APAR_CODE": "11031000510008WBN08", "APAR_NO": "10005", "NUM_APAR": "10008", "SPAR_CODE": "11030000100019WBN08", "SPAR_NO": "00001", "NUM_SPAR": "00019", "PAR_BAN": "วังเบน", "BAN_E": "WBN", "PAR_MOO": "08", "PAR_TAM": "บ่อทอง", "PAR_AMP": "ทองแสนขัน", "PAR_PROV": "อุตรดิตถ์", "NAME_TITLE": "นาย", "SURNAME": "ลือแก้ว", "IDCARD": "3530900118997", "HOME_NO": "108", "HOME_BAN": "โคกงาม", "HOME_MOO": "15", "HOME_TAM": "ผักขวง", "HOME_AMP": "ทองแสนขัน", "HOME_PROV": "อุตรดิตถ์", "REMARK": "ล่อแหลม", "BAN_TYPE": 2, "YEAR": "2562", "NAME_DNP_T": "อุทยานแห่งชาติ", "E": 655298.0, "N": 1933400.0, "NAME": "สนั่น", "PERIMETER": 880.28483144842005, "AREA_RAI": 20.972608558800001, "RAI": 20.0, "NGAN": 3.0, "WA_SQ": 89.0, "OBJECTID": null, "Area": null, "MUBAN": null, "TAMBOL": null, "HOME_BAN_E": null, "TAM_CODE": null, "TAM_NAM_T": null, "AMPHOE_T": null, "AMPHOE_E": null, "PROV_CODE": null, "PROV_NAM_T": null, "PROV_NAM_E": null, "NAME_EN": null, "TAM_NAM_E": null, "Plot_No1": null, "Shape_Le_1": null, "TARGET_F_1": null, "Shape_Leng": null, "Shape_Area": null, "Cal_Rai": null, "layer": "AP1103WBN08", "path": "/Users/ponteerasingto/project11/อุทยานแห่งชาติต้นสักใหญ่/ส่งกรม/Shapefile/1.SHAPEFILE/บ้านวังเบน/AP1103WBN08.shp" }, "geometry": { "type": "MultiPolygon", "coordinates": [ [ [ [ 100.462333842400668, 17.481906720890819 ], [ 100.463818321534447, 17.481489139710153 ], [ 100.463776104159692, 17.480920137851822 ], [ 100.463650589344866, 17.480532484071684 ], [ 100.462727103775592, 17.480448916125404 ], [ 100.462352920912934, 17.480758918399616 ], [ 100.461937102754774, 17.480572206619264 ], [ 100.461647878243099, 17.480908692678938 ], [ 100.461649466015217, 17.481107488192709 ], [ 100.461600522264874, 17.481185832130574 ], [ 100.461909612978815, 17.481218739119903 ], [ 100.461681787728992, 17.482097250552922 ], [ 100.461917010383431, 17.482565271537563 ], [ 100.462414225408153, 17.482538699200244 ], [ 100.462590530837787, 17.482212079893124 ], [ 100.462333842400668, 17.481906720890819 ] ] ] ] } },
{ "type": "Feature", "properties": { "OBJECTID_1": null, "TARGET_FID": "11", "NAME_DNP": "ต้นสักใหญ่", "CODE_DNP": 1103, "APAR_CODE": "11031000410002WBN08", "APAR_NO": "10004", "NUM_APAR": "10002", "SPAR_CODE": "11030000100011WBN08", "SPAR_NO": "00001", "NUM_SPAR": "00011", "PAR_BAN": "วังเบน", "BAN_E": "WBN", "PAR_MOO": "08", "PAR_TAM": "บ่อทอง", "PAR_AMP": "ทองแสนขัน", "PAR_PROV": "อุตรดิตถ์", "NAME_TITLE": "นาย", "SURNAME": "ลาเบ้า", "IDCARD": "3530900122528", "HOME_NO": "109", "HOME_BAN": "โคกงาม", "HOME_MOO": "15", "HOME_TAM": "ผักขวง", "HOME_AMP": "ทองแสนขัน", "HOME_PROV": "อุตรดิตถ์", "REMARK": "ล่อแหลม", "BAN_TYPE": 2, "YEAR": "2562", "NAME_DNP_T": "อุทยานแห่งชาติ", "E": 654918.0, "N": 1933394.0, "NAME": "เพ็ชร", "PERIMETER": 886.95202213308005, "AREA_RAI": 22.020803420179998, "RAI": 22.0, "NGAN": 0.0, "WA_SQ": 8.0, "OBJECTID": null, "Area": null, "MUBAN": null, "TAMBOL": null, "HOME_BAN_E": null, "TAM_CODE": null, "TAM_NAM_T": null, "AMPHOE_T": null, "AMPHOE_E": null, "PROV_CODE": null, "PROV_NAM_T": null, "PROV_NAM_E": null, "NAME_EN": null, "TAM_NAM_E": null, "Plot_No1": null, "Shape_Le_1": null, "TARGET_F_1": null, "Shape_Leng": null, "Shape_Area": null, "Cal_Rai": null, "layer": "AP1103WBN08", "path": "/Users/ponteerasingto/project11/อุทยานแห่งชาติต้นสักใหญ่/ส่งกรม/Shapefile/1.SHAPEFILE/บ้านวังเบน/AP1103WBN08.shp" }, "geometry": { "type": "MultiPolygon", "coordinates": [ [ [ [ 100.457845908368569, 17.481198684677235 ], [ 100.458712612420044, 17.481246545258568 ], [ 100.458827497877394, 17.482664467236702 ], [ 100.45953683219858, 17.482655802372459 ], [ 100.459539587930067, 17.482216438736746 ], [ 100.460228300789211, 17.481199267010485 ], [ 100.459793363158212, 17.480976544380532 ], [ 100.459506775685043, 17.480463555939316 ], [ 100.458050898512923, 17.480260534054029 ], [ 100.457845908368569, 17.481198684677235 ] ] ] ] } },
{ "type": "Feature", "properties": { "OBJECTID_1": null, "TARGET_FID": "10", "NAME_DNP": "ต้นสักใหญ่", "CODE_DNP": 1103, "APAR_CODE": "11031000410001WBN08", "APAR_NO": "10004", "NUM_APAR": "10001", "SPAR_CODE": "11030000100010WBN08", "SPAR_NO": "00001", "NUM_SPAR": "00010", "PAR_BAN": "วังเบน", "BAN_E": "WBN", "PAR_MOO": "08", "PAR_TAM": "บ่อทอง", "PAR_AMP": "ทองแสนขัน", "PAR_PROV": "อุตรดิตถ์", "NAME_TITLE": "นาย", "SURNAME": "จันดาหาญ", "IDCARD": "3530900119357", "HOME_NO": "104", "HOME_BAN": "โคกงาม", "HOME_MOO": "15", "HOME_TAM": "ผักขวง", "HOME_AMP": "ทองแสนขัน", "HOME_PROV": "อุตรดิตถ์", "REMARK": "ล่อแหลม", "BAN_TYPE": 2, "YEAR": "2562", "NAME_DNP_T": "อุทยานแห่งชาติ", "E": 654832.0, "N": 1933572.0, "NAME": "จำนอง", "PERIMETER": 265.55704906495998, "AREA_RAI": 1.9179478265000001, "RAI": 1.0, "NGAN": 3.0, "WA_SQ": 67.0, "OBJECTID": null, "Area": null, "MUBAN": null, "TAMBOL": null, "HOME_BAN_E": null, "TAM_CODE": null, "TAM_NAM_T": null, "AMPHOE_T": null, "AMPHOE_E": null, "PROV_CODE": null, "PROV_NAM_T": null, "PROV_NAM_E": null, "NAME_EN": null, "TAM_NAM_E": null, "Plot_No1": null, "Shape_Le_1": null, "TARGET_F_1": null, "Shape_Leng": null, "Shape_Area": null, "Cal_Rai": null, "layer": "AP1103WBN08", "path": "/Users/ponteerasingto/project11/อุทยานแห่งชาติต้นสักใหญ่/ส่งกรม/Shapefile/1.SHAPEFILE/บ้านวังเบน/AP1103WBN08.shp" }, "geometry": { "type": "MultiPolygon", "coordinates": [ [ [ [ 100.458827469427533, 17.48266444214282 ], [ 100.458093835885009, 17.482769256172958 ], [ 100.457805904173568, 17.482911921260769 ], [ 100.458136287891506, 17.483270182403398 ], [ 100.458827469427533, 17.48266444214282 ] ] ] ] } },
{ "type": "Feature", "properties": { "OBJECTID_1": null, "TARGET_FID": "21", "NAME_DNP": "ต้นสักใหญ่", "CODE_DNP": 1103, "APAR_CODE": "11031000510010WBN08", "APAR_NO": "10005", "NUM_APAR": "10010", "SPAR_CODE": "11030000100021WBN08", "SPAR_NO": "00001", "NUM_SPAR": "00021", "PAR_BAN": "วังเบน", "BAN_E": "WBN", "PAR_MOO": "08", "PAR_TAM": "บ่อทอง", "PAR_AMP": "ทองแสนขัน", "PAR_PROV": "อุตรดิตถ์", "NAME_TITLE": "นาย", "SURNAME": "ไกรสันเทียะ", "IDCARD": "3670501129129", "HOME_NO": "90/2", "HOME_BAN": "โคกงาม", "HOME_MOO": "15", "HOME_TAM": "ผักขวง", "HOME_AMP": "ทองแสนขัน", "HOME_PROV": "อุตรดิตถ์", "REMARK": "ล่อแหลม", "BAN_TYPE": 2, "YEAR": "2562", "NAME_DNP_T": "อุทยานแห่งชาติ", "E": 655500.0, "N": 1933603.0, "NAME": "พอง", "PERIMETER": 813.87822793583996, "AREA_RAI": 24.116134387830002, "RAI": 24.0, "NGAN": 0.0, "WA_SQ": 46.0, "OBJECTID": null, "Area": null, "MUBAN": null, "TAMBOL": null, "HOME_BAN_E": null, "TAM_CODE": null, "TAM_NAM_T": null, "AMPHOE_T": null, "AMPHOE_E": null, "PROV_CODE": null, "PROV_NAM_T": null, "PROV_NAM_E": null, "NAME_EN": null, "TAM_NAM_E": null, "Plot_No1": null, "Shape_Le_1": null, "TARGET_F_1": null, "Shape_Leng": null, "Shape_Area": null, "Cal_Rai": null, "layer": "AP1103WBN08", "path": "/Users/ponteerasingto/project11/อุทยานแห่งชาติต้นสักใหญ่/ส่งกรม/Shapefile/1.SHAPEFILE/บ้านวังเบน/AP1103WBN08.shp" }, "geometry": { "type": "MultiPolygon", "coordinates": [ [ [ [ 100.465690069714938, 17.482397086809311 ], [ 100.464923030674413, 17.481860540861447 ], [ 100.463109472883474, 17.483518583093961 ], [ 100.463866085351981, 17.483928698245563 ], [ 100.464386937553869, 17.484295365626522 ], [ 100.464823797698443, 17.484386675105437 ], [ 100.465690069714938, 17.482397086809311 ] ] ] ] } },
{ "type": "Feature", "properties": { "OBJECTID_1": null, "TARGET_FID": "8", "NAME_DNP": "ต้นสักใหญ่", "CODE_DNP": 1103, "APAR_CODE": "11031000310005WBN08", "APAR_NO": "10003", "NUM_APAR": "10005", "SPAR_CODE": "11030000100008WBN08", "SPAR_NO": "00001", "NUM_SPAR": "00008", "PAR_BAN": "วังเบน", "BAN_E": "WBN", "PAR_MOO": "08", "PAR_TAM": "บ่อทอง", "PAR_AMP": "ทองแสนขัน", "PAR_PROV": "อุตรดิตถ์", "NAME_TITLE": "นาง", "SURNAME": "ขันป้อง", "IDCARD": "3530900121696", "HOME_NO": "135", "HOME_BAN": "โคกงาม", "HOME_MOO": "15", "HOME_TAM": "ผักขวง", "HOME_AMP": "ทองแสนขัน", "HOME_PROV": "อุตรดิตถ์", "REMARK": "ล่อแหลม", "BAN_TYPE": 2, "YEAR": "2562", "NAME_DNP_T": "อุทยานแห่งชาติ", "E": 654660.0, "N": 1932636.0, "NAME": "เหวียง", "PERIMETER": 1695.3764661780899, "AREA_RAI": 57.842916522780001, "RAI": 57.0, "NGAN": 3.0, "WA_SQ": 37.0, "OBJECTID": null, "Area": null, "MUBAN": null, "TAMBOL": null, "HOME_BAN_E": null, "TAM_CODE": null, "TAM_NAM_T": null, "AMPHOE_T": null, "AMPHOE_E": null, "PROV_CODE": null, "PROV_NAM_T": null, "PROV_NAM_E": null, "NAME_EN": null, "TAM_NAM_E": null, "Plot_No1": null, "Shape_Le_1": null, "TARGET_F_1": null, "Shape_Leng": null, "Shape_Area": null, "Cal_Rai": null, "layer": "AP1103WBN08", "path": "/Users/ponteerasingto/project11/อุทยานแห่งชาติต้นสักใหญ่/ส่งกรม/Shapefile/1.SHAPEFILE/บ้านวังเบน/AP1103WBN08.shp" }, "geometry": { "type": "MultiPolygon", "coordinates": [ [ [ [ 100.456185019756902, 17.474830926757708 ], [ 100.457380092621463, 17.474731801105488 ], [ 100.457619225052042, 17.47519995835599 ], [ 100.457650709802451, 17.47560638025924 ], [ 100.457903135389586, 17.475378611233587 ], [ 100.458163544255768, 17.475065280539361 ], [ 100.458700733942848, 17.475029363760786 ], [ 100.459156341407009, 17.474303081564948 ], [ 100.458329838799884, 17.473387400012292 ], [ 100.456970900528248, 17.473008784283312 ], [ 100.454880207415314, 17.474193385455624 ], [ 100.454763681707433, 17.47489555363558 ], [ 100.454626394689043, 17.47539357970015 ], [ 100.454540034699704, 17.475364087782065 ], [ 100.454604164088323, 17.47496910877555 ], [ 100.454333685801529, 17.474791765079761 ], [ 100.454051451759469, 17.475016190124272 ], [ 100.454094858649952, 17.47577620145643 ], [ 100.453897135580576, 17.476049560052886 ], [ 100.454679289327871, 17.476125168573212 ], [ 100.455673479433031, 17.475629906335076 ], [ 100.456185019756902, 17.474830926757708 ] ] ] ] } },
{ "type": "Feature", "properties": { "OBJECTID_1": null, "TARGET_FID": "14", "NAME_DNP": "ต้นสักใหญ่", "CODE_DNP": 1103, "APAR_CODE": "11031000510003WBN08", "APAR_NO": "10005", "NUM_APAR": "10003", "SPAR_CODE": "11030000100014WBN08", "SPAR_NO": "00001", "NUM_SPAR": "00014", "PAR_BAN": "วังเบน", "BAN_E": "WBN", "PAR_MOO": "08", "PAR_TAM": "บ่อทอง", "PAR_AMP": "ทองแสนขัน", "PAR_PROV": "อุตรดิตถ์", "NAME_TITLE": "นาย", "SURNAME": "มาปัด", "IDCARD": "3530900120070", "HOME_NO": "104/1", "HOME_BAN": "โคกงาม", "HOME_MOO": "15", "HOME_TAM": "ผักขวง", "HOME_AMP": "ทองแสนขัน", "HOME_PROV": "อุตรดิตถ์", "REMARK": "ล่อแหลม", "BAN_TYPE": 2, "YEAR": "2562", "NAME_DNP_T": "อุทยานแห่งชาติ", "E": 655461.0, "N": 1933953.0, "NAME": "เด่น", "PERIMETER": 1031.71247590961, "AREA_RAI": 27.859236400659999, "RAI": 27.0, "NGAN": 3.0, "WA_SQ": 44.0, "OBJECTID": null, "Area": null, "MUBAN": null, "TAMBOL": null, "HOME_BAN_E": null, "TAM_CODE": null, "TAM_NAM_T": null, "AMPHOE_T": null, "AMPHOE_E": null, "PROV_CODE": null, "PROV_NAM_T": null, "PROV_NAM_E": null, "NAME_EN": null, "TAM_NAM_E": null, "Plot_No1": null, "Shape_Le_1": null, "TARGET_F_1": null, "Shape_Leng": null, "Shape_Area": null, "Cal_Rai": null, "layer": "AP1103WBN08", "path": "/Users/ponteerasingto/project11/อุทยานแห่งชาติต้นสักใหญ่/ส่งกรม/Shapefile/1.SHAPEFILE/บ้านวังเบน/AP1103WBN08.shp" }, "geometry": { "type": "MultiPolygon", "coordinates": [ [ [ [ 100.464906683196162, 17.486876030619062 ], [ 100.464687866848791, 17.486597506246845 ], [ 100.465062273629442, 17.486314607576439 ], [ 100.465656293174263, 17.486409630228181 ], [ 100.465349256500673, 17.485697996194855 ], [ 100.464668251228133, 17.48532347589223 ], [ 100.463960880071696, 17.485184101906455 ], [ 100.463468781282444, 17.484880479422056 ], [ 100.463404601940226, 17.485097833428068 ], [ 100.46357898508451, 17.485650784898052 ], [ 100.463564843059459, 17.485874143810307 ], [ 100.463240563907505, 17.486292352883424 ], [ 100.463255367068385, 17.486454438428797 ], [ 100.463541035576185, 17.486849948867736 ], [ 100.463281282761457, 17.487339844002463 ], [ 100.46325030623882, 17.487577434128596 ], [ 100.463722037334165, 17.487687963664374 ], [ 100.46445121797791, 17.487620398027374 ], [ 100.464493958980128, 17.487077880576042 ], [ 100.464747837026877, 17.487030825398577 ], [ 100.464906683196162, 17.486876030619062 ] ] ] ] } },
{ "type": "Feature", "properties": { "OBJECTID_1": null, "TARGET_FID": "109", "NAME_DNP": "ต้นสักใหญ่", "CODE_DNP": 1103, "APAR_CODE": "11031003610001WBN08", "APAR_NO": "10036", "NUM_APAR": "10001", "SPAR_CODE": "11030000100109WBN08", "SPAR_NO": "00001", "NUM_SPAR": "00109", "PAR_BAN": "วังเบน", "BAN_E": "WBN", "PAR_MOO": "08", "PAR_TAM": "บ่อทอง", "PAR_AMP": "ทองแสนขัน", "PAR_PROV": "อุตรดิตถ์", "NAME_TITLE": "นาย", "SURNAME": "ก้อนคำ", "IDCARD": "1530900037214", "HOME_NO": "30", "HOME_BAN": "วังตะเคียน", "HOME_MOO": "8", "HOME_TAM": "ผักขวง", "HOME_AMP": "ทองแสนขัน", "HOME_PROV": "อุตรดิตถ์", "REMARK": "ไม่ล่อแหลม", "BAN_TYPE": 2, "YEAR": "2562", "NAME_DNP_T": "อุทยานแห่งชาติ", "E": 655775.0, "N": 1931407.0, "NAME": "สมคิด", "PERIMETER": 295.08487058637002, "AREA_RAI": 3.1240164573500002, "RAI": 3.0, "NGAN": 0.0, "WA_SQ": 50.0, "OBJECTID": null, "Area": null, "MUBAN": null, "TAMBOL": null, "HOME_BAN_E": null, "TAM_CODE": null, "TAM_NAM_T": null, "AMPHOE_T": null, "AMPHOE_E": null, "PROV_CODE": null, "PROV_NAM_T": null, "PROV_NAM_E": null, "NAME_EN": null, "TAM_NAM_E": null, "Plot_No1": null, "Shape_Le_1": null, "TARGET_F_1": null, "Shape_Leng": null, "Shape_Area": null, "Cal_Rai": null, "layer": "AP1103WBN08", "path": "/Users/ponteerasingto/project11/อุทยานแห่งชาติต้นสักใหญ่/ส่งกรม/Shapefile/1.SHAPEFILE/บ้านวังเบน/AP1103WBN08.shp" }, "geometry": { "type": "MultiPolygon", "coordinates": [ [ [ [ 100.467383189490519, 17.463188061849809 ], [ 100.467291328586157, 17.462916169597456 ], [ 100.466797469057795, 17.462974641874208 ], [ 100.466806855498831, 17.4631571280791 ], [ 100.46661690082864, 17.463188954818946 ], [ 100.466502680937637, 17.463426008460502 ], [ 100.466715861868494, 17.463511840188751 ], [ 100.466887068951664, 17.463727458925021 ], [ 100.467009610179289, 17.463744628440107 ], [ 100.467383189490519, 17.463188061849809 ] ] ] ] } },
{ "type": "Feature", "properties": { "OBJECTID_1": null, "TARGET_FID": "96", "NAME_DNP": "ต้นสักใหญ่", "CODE_DNP": 1103, "APAR_CODE": "11031003310001WBN08", "APAR_NO": "10033", "NUM_APAR": "10001", "SPAR_CODE": "11030000100096WBN08", "SPAR_NO": "00001", "NUM_SPAR": "00096", "PAR_BAN": "วังเบน", "BAN_E": "WBN", "PAR_MOO": "08", "PAR_TAM": "บ่อทอง", "PAR_AMP": "ทองแสนขัน", "PAR_PROV": "อุตรดิตถ์", "NAME_TITLE": "นาย", "SURNAME": "เพ็ชรพิชัย", "IDCARD": "3530900141077", "HOME_NO": "67/2", "HOME_BAN": "วังเบน", "HOME_MOO": "8", "HOME_TAM": "บ่อทอง", "HOME_AMP": "ทองแสนขัน", "HOME_PROV": "อุตรดิตถ์", "REMARK": "ไม่ล่อแหลม", "BAN_TYPE": 2, "YEAR": "2562", "NAME_DNP_T": "อุทยานแห่งชาติ", "E": 656738.0, "N": 1932045.0, "NAME": "ผจง", "PERIMETER": 545.34367712731, "AREA_RAI": 9.6154320390100008, "RAI": 9.0, "NGAN": 2.0, "WA_SQ": 46.0, "OBJECTID": null, "Area": null, "MUBAN": null, "TAMBOL": null, "HOME_BAN_E": null, "TAM_CODE": null, "TAM_NAM_T": null, "AMPHOE_T": null, "AMPHOE_E": null, "PROV_CODE": null, "PROV_NAM_T": null, "PROV_NAM_E": null, "NAME_EN": null, "TAM_NAM_E": null, "Plot_No1": null, "Shape_Le_1": null, "TARGET_F_1": null, "Shape_Leng": null, "Shape_Area": null, "Cal_Rai": null, "layer": "AP1103WBN08", "path": "/Users/ponteerasingto/project11/อุทยานแห่งชาติต้นสักใหญ่/ส่งกรม/Shapefile/1.SHAPEFILE/บ้านวังเบน/AP1103WBN08.shp" }, "geometry": { "type": "MultiPolygon", "coordinates": [ [ [ [ 100.476734608546295, 17.469419989067998 ], [ 100.47667294367389, 17.468778843066552 ], [ 100.476331029644072, 17.468416285073083 ], [ 100.475675380661983, 17.468348296804603 ], [ 100.475499367355326, 17.468471849085134 ], [ 100.475458656709336, 17.468832118202492 ], [ 100.475529957792716, 17.469277221760191 ], [ 100.475833067509555, 17.469715855937096 ], [ 100.476055540037422, 17.469280444213901 ], [ 100.476464696696937, 17.469810570489884 ], [ 100.476734608546295, 17.469419989067998 ] ] ] ] } },
{ "type": "Feature", "properties": { "OBJECTID_1": null, "TARGET_FID": "88", "NAME_DNP": "ต้นสักใหญ่", "CODE_DNP": 1103, "APAR_CODE": "11031002910001WBN08", "APAR_NO": "10029", "NUM_APAR": "10001", "SPAR_CODE": "11030000100088WBN08", "SPAR_NO": "00001", "NUM_SPAR": "00088", "PAR_BAN": "วังเบน", "BAN_E": "WBN", "PAR_MOO": "08", "PAR_TAM": "บ่อทอง", "PAR_AMP": "ทองแสนขัน", "PAR_PROV": "อุตรดิตถ์", "NAME_TITLE": "นาง", "SURNAME": "เผ่าพวง", "IDCARD": "3530900114835", "HOME_NO": "115", "HOME_BAN": "โคกงาม", "HOME_MOO": "9", "HOME_TAM": "ผักขวง", "HOME_AMP": "ทองแสนขัน", "HOME_PROV": "อุตรดิตถ์", "REMARK": "ล่อแหลม", "BAN_TYPE": 2, "YEAR": "2562", "NAME_DNP_T": "อุทยานแห่งชาติ", "E": 657303.0, "N": 1932248.0, "NAME": "วัน", "PERIMETER": 968.96046891475999, "AREA_RAI": 19.113218655979999, "RAI": 19.0, "NGAN": 0.0, "WA_SQ": 45.0, "OBJECTID": null, "Area": null, "MUBAN": null, "TAMBOL": null, "HOME_BAN_E": null, "TAM_CODE": null, "TAM_NAM_T": null, "AMPHOE_T": null, "AMPHOE_E": null, "PROV_CODE": null, "PROV_NAM_T": null, "PROV_NAM_E": null, "NAME_EN": null, "TAM_NAM_E": null, "Plot_No1": null, "Shape_Le_1": null, "TARGET_F_1": null, "Shape_Leng": null, "Shape_Area": null, "Cal_Rai": null, "layer": "AP1103WBN08", "path": "/Users/ponteerasingto/project11/อุทยานแห่งชาติต้นสักใหญ่/ส่งกรม/Shapefile/1.SHAPEFILE/บ้านวังเบน/AP1103WBN08.shp" }, "geometry": { "type": "MultiPolygon", "coordinates": [ [ [ [ 100.481037734240559, 17.471046756536552 ], [ 100.481216710051356, 17.470997604010723 ], [ 100.481278045713466, 17.471188422731107 ], [ 100.48154817303589, 17.47132030294728 ], [ 100.48170536317366, 17.471041781873883 ], [ 100.481964984473549, 17.471106792842193 ], [ 100.482441117815313, 17.470835456997357 ], [ 100.482750280085455, 17.47045058218017 ], [ 100.482308197441114, 17.469934924902986 ], [ 100.482011202724436, 17.469877746577506 ], [ 100.480927856021637, 17.469813524930004 ], [ 100.481090620106571, 17.470146668903954 ], [ 100.480829848769659, 17.470790405845023 ], [ 100.48095589341159, 17.470951935722496 ], [ 100.480147475974576, 17.471386536660066 ], [ 100.480354764513876, 17.472101672575818 ], [ 100.480937990669986, 17.472084348497443 ], [ 100.481037734240559, 17.471046756536552 ] ] ] ] } },
{ "type": "Feature", "properties": { "OBJECTID_1": null, "TARGET_FID": "81", "NAME_DNP": "ต้นสักใหญ่", "CODE_DNP": 1103, "APAR_CODE": "11031002710001WBN08", "APAR_NO": "10027", "NUM_APAR": "10001", "SPAR_CODE": "11030000100081WBN08", "SPAR_NO": "00001", "NUM_SPAR": "00081", "PAR_BAN": "วังเบน", "BAN_E": "WBN", "PAR_MOO": "08", "PAR_TAM": "บ่อทอง", "PAR_AMP": "ทองแสนขัน", "PAR_PROV": "อุตรดิตถ์", "NAME_TITLE": "นาย", "SURNAME": "อินสา", "IDCARD": "3530900120851", "HOME_NO": "134", "HOME_BAN": "โคกงาม", "HOME_MOO": "9", "HOME_TAM": "ผักขวง", "HOME_AMP": "ทองแสนขัน", "HOME_PROV": "อุตรดิตถ์", "REMARK": "ล่อแหลม", "BAN_TYPE": 2, "YEAR": "2562", "NAME_DNP_T": "อุทยานแห่งชาติ", "E": 657733.0, "N": 1932538.0, "NAME": "เพี่ยน", "PERIMETER": 813.17108677989995, "AREA_RAI": 22.193094956500001, "RAI": 22.0, "NGAN": 0.0, "WA_SQ": 77.0, "OBJECTID": null, "Area": null, "MUBAN": null, "TAMBOL": null, "HOME_BAN_E": null, "TAM_CODE": null, "TAM_NAM_T": null, "AMPHOE_T": null, "AMPHOE_E": null, "PROV_CODE": null, "PROV_NAM_T": null, "PROV_NAM_E": null, "NAME_EN": null, "TAM_NAM_E": null, "Plot_No1": null, "Shape_Le_1": null, "TARGET_F_1": null, "Shape_Leng": null, "Shape_Area": null, "Cal_Rai": null, "layer": "AP1103WBN08", "path": "/Users/ponteerasingto/project11/อุทยานแห่งชาติต้นสักใหญ่/ส่งกรม/Shapefile/1.SHAPEFILE/บ้านวังเบน/AP1103WBN08.shp" }, "geometry": { "type": "MultiPolygon", "coordinates": [ [ [ [ 100.486363897559301, 17.473187935105514 ], [ 100.486308717836053, 17.472911646541629 ], [ 100.485955336659615, 17.472964620525083 ], [ 100.485741356180569, 17.472691261873752 ], [ 100.485604341980604, 17.472692285849149 ], [ 100.485302492123537, 17.472335899685714 ], [ 100.484730105586493, 17.472411903625282 ], [ 100.484413053500688, 17.472299724913501 ], [ 100.484380771916861, 17.472844235355399 ], [ 100.484391096377109, 17.473114009846817 ], [ 100.484961127232239, 17.473853765343378 ], [ 100.485113059154116, 17.473857836296453 ], [ 100.485825382557252, 17.474611591573506 ], [ 100.486743410029774, 17.474026383129409 ], [ 100.486420274584717, 17.473658297655085 ], [ 100.486363897559301, 17.473187935105514 ] ] ] ] } },
{ "type": "Feature", "properties": { "OBJECTID_1": null, "TARGET_FID": "57", "NAME_DNP": "ต้นสักใหญ่", "CODE_DNP": 1103, "APAR_CODE": "11031002310004WBN08", "APAR_NO": "10023", "NUM_APAR": "10004", "SPAR_CODE": "11030000100057WBN08", "SPAR_NO": "00001", "NUM_SPAR": "00057", "PAR_BAN": "วังเบน", "BAN_E": "WBN", "PAR_MOO": "08", "PAR_TAM": "บ่อทอง", "PAR_AMP": "ทองแสนขัน", "PAR_PROV": "อุตรดิตถ์", "NAME_TITLE": "นาย", "SURNAME": "คำยะอุ่น", "IDCARD": "3530900116234", "HOME_NO": "8", "HOME_BAN": "โคกงาม", "HOME_MOO": "9", "HOME_TAM": "ผักขวง", "HOME_AMP": "ทองแสนขัน", "HOME_PROV": "อุตรดิตถ์", "REMARK": "ไม่ล่อแหลม", "BAN_TYPE": 2, "YEAR": "2562", "NAME_DNP_T": "อุทยานแห่งชาติ", "E": 658395.0, "N": 1932682.0, "NAME": "สมนึก", "PERIMETER": 482.16290001896999, "AREA_RAI": 6.7841234922, "RAI": 6.0, "NGAN": 3.0, "WA_SQ": 14.0, "OBJECTID": null, "Area": null, "MUBAN": null, "TAMBOL": null, "HOME_BAN_E": null, "TAM_CODE": null, "TAM_NAM_T": null, "AMPHOE_T": null, "AMPHOE_E": null, "PROV_CODE": null, "PROV_NAM_T": null, "PROV_NAM_E": null, "NAME_EN": null, "TAM_NAM_E": null, "Plot_No1": null, "Shape_Le_1": null, "TARGET_F_1": null, "Shape_Leng": null, "Shape_Area": null, "Cal_Rai": null, "layer": "AP1103WBN08", "path": "/Users/ponteerasingto/project11/อุทยานแห่งชาติต้นสักใหญ่/ส่งกรม/Shapefile/1.SHAPEFILE/บ้านวังเบน/AP1103WBN08.shp" }, "geometry": { "type": "MultiPolygon", "coordinates": [ [ [ [ 100.49230597860506, 17.475268041530118 ], [ 100.491749281359418, 17.473789221110909 ], [ 100.491393490551104, 17.473846965264588 ], [ 100.49129469482952, 17.474176713832286 ], [ 100.491539896952958, 17.474744446894682 ], [ 100.49139429773183, 17.474939869578382 ], [ 100.491455566548908, 17.475121120437585 ], [ 100.491418661507169, 17.47531452915857 ], [ 100.49230597860506, 17.475268041530118 ] ] ] ] } },
{ "type": "Feature", "properties": { "OBJECTID_1": null, "TARGET_FID": "58", "NAME_DNP": "ต้นสักใหญ่", "CODE_DNP": 1103, "APAR_CODE": "11031002310005WBN08", "APAR_NO": "10023", "NUM_APAR": "10005", "SPAR_CODE": "11030000100058WBN08", "SPAR_NO": "00001", "NUM_SPAR": "00058", "PAR_BAN": "วังเบน", "BAN_E": "WBN", "PAR_MOO": "08", "PAR_TAM": "บ่อทอง", "PAR_AMP": "ทองแสนขัน", "PAR_PROV": "อุตรดิตถ์", "NAME_TITLE": "นาย", "SURNAME": "คำยะอุ่น", "IDCARD": "5530900017534", "HOME_NO": "151", "HOME_BAN": "โคกงาม", "HOME_MOO": "9", "HOME_TAM": "ผักขวง", "HOME_AMP": "ทองแสนขัน", "HOME_PROV": "อุตรดิตถ์", "REMARK": "ไม่ล่อแหลม", "BAN_TYPE": 2, "YEAR": "2562", "NAME_DNP_T": "อุทยานแห่งชาติ", "E": 658532.0, "N": 1932641.0, "NAME": "สอน", "PERIMETER": 805.32319761376004, "AREA_RAI": 22.358159869920001, "RAI": 22.0, "NGAN": 1.0, "WA_SQ": 43.0, "OBJECTID": null, "Area": null, "MUBAN": null, "TAMBOL": null, "HOME_BAN_E": null, "TAM_CODE": null, "TAM_NAM_T": null, "AMPHOE_T": null, "AMPHOE_E": null, "PROV_CODE": null, "PROV_NAM_T": null, "PROV_NAM_E": null, "NAME_EN": null, "TAM_NAM_E": null, "Plot_No1": null, "Shape_Le_1": null, "TARGET_F_1": null, "Shape_Leng": null, "Shape_Area": null, "Cal_Rai": null, "layer": "AP1103WBN08", "path": "/Users/ponteerasingto/project11/อุทยานแห่งชาติต้นสักใหญ่/ส่งกรม/Shapefile/1.SHAPEFILE/บ้านวังเบน/AP1103WBN08.shp" }, "geometry": { "type": "MultiPolygon", "coordinates": [ [ [ [ 100.493749321204263, 17.474683544642833 ], [ 100.493771663929138, 17.474405574846696 ], [ 100.494217345170838, 17.474067494553381 ], [ 100.494145745343559, 17.473733096159929 ], [ 100.493499341174967, 17.473108731538353 ], [ 100.492315295181427, 17.473935155426272 ], [ 100.491749281359418, 17.473789221110909 ], [ 100.49230597860506, 17.475268041530118 ], [ 100.492661772935392, 17.475169448352148 ], [ 100.492959222314028, 17.475340159381709 ], [ 100.493749321204263, 17.474683544642833 ] ] ] ] } },
{ "type": "Feature", "properties": { "OBJECTID_1": null, "TARGET_FID": "59", "NAME_DNP": "ต้นสักใหญ่", "CODE_DNP": 1103, "APAR_CODE": "11031002310006WBN08", "APAR_NO": "10023", "NUM_APAR": "10006", "SPAR_CODE": "11030000100059WBN08", "SPAR_NO": "00001", "NUM_SPAR": "00059", "PAR_BAN": "วังเบน", "BAN_E": "WBN", "PAR_MOO": "08", "PAR_TAM": "บ่อทอง", "PAR_AMP": "ทองแสนขัน", "PAR_PROV": "อุตรดิตถ์", "NAME_TITLE": "นาง", "SURNAME": "อินสา", "IDCARD": "5530900017569", "HOME_NO": "151/1", "HOME_BAN": "โคกงาม", "HOME_MOO": "9", "HOME_TAM": "ผักขวง", "HOME_AMP": "ทองแสนขัน", "HOME_PROV": "อุตรดิตถ์", "REMARK": "ไม่ล่อแหลม", "BAN_TYPE": 2, "YEAR": "2562", "NAME_DNP_T": "อุทยานแห่งชาติ", "E": 658628.0, "N": 1932797.0, "NAME": "วรรณเพ็ญ", "PERIMETER": 770.65874172427004, "AREA_RAI": 12.812965188610001, "RAI": 12.0, "NGAN": 3.0, "WA_SQ": 25.0, "OBJECTID": null, "Area": null, "MUBAN": null, "TAMBOL": null, "HOME_BAN_E": null, "TAM_CODE": null, "TAM_NAM_T": null, "AMPHOE_T": null, "AMPHOE_E": null, "PROV_CODE": null, "PROV_NAM_T": null, "PROV_NAM_E": null, "NAME_EN": null, "TAM_NAM_E": null, "Plot_No1": null, "Shape_Le_1": null, "TARGET_F_1": null, "Shape_Leng": null, "Shape_Area": null, "Cal_Rai": null, "layer": "AP1103WBN08", "path": "/Users/ponteerasingto/project11/อุทยานแห่งชาติต้นสักใหญ่/ส่งกรม/Shapefile/1.SHAPEFILE/บ้านวังเบน/AP1103WBN08.shp" }, "geometry": { "type": "MultiPolygon", "coordinates": [ [ [ [ 100.494422213789605, 17.475596225191047 ], [ 100.494093994145246, 17.47514287270371 ], [ 100.493815429410247, 17.474964666779872 ], [ 100.493749321204263, 17.474683544642833 ], [ 100.492959222314028, 17.475340159381709 ], [ 100.49321514564113, 17.476173240974401 ], [ 100.493588960025136, 17.476170432244821 ], [ 100.49411820616244, 17.475807545539393 ], [ 100.494459152377487, 17.475967815360104 ], [ 100.494351844624049, 17.476364037193338 ], [ 100.495242069863963, 17.476365347298685 ], [ 100.494822444666227, 17.47559321560411 ], [ 100.494511045342435, 17.475696946853684 ], [ 100.494422213789605, 17.475596225191047 ] ] ] ] } },
{ "type": "Feature", "properties": { "OBJECTID_1": null, "TARGET_FID": "79", "NAME_DNP": "ต้นสักใหญ่", "CODE_DNP": 1103, "APAR_CODE": "11031002510001WBN08", "APAR_NO": "10025", "NUM_APAR": "10001", "SPAR_CODE": "11030000100079WBN08", "SPAR_NO": "00001", "NUM_SPAR": "00079", "PAR_BAN": "วังเบน", "BAN_E": "WBN", "PAR_MOO": "08", "PAR_TAM": "บ่อทอง", "PAR_AMP": "ทองแสนขัน", "PAR_PROV": "อุตรดิตถ์", "NAME_TITLE": "นาย", "SURNAME": "คำยะอุ่น", "IDCARD": "5530900017534", "HOME_NO": "151", "HOME_BAN": "โคกงาม", "HOME_MOO": "9", "HOME_TAM": "ผักขวง", "HOME_AMP": "ทองแสนขัน", "HOME_PROV": "อุตรดิตถ์", "REMARK": "ล่อแหลม", "BAN_TYPE": 2, "YEAR": "2562", "NAME_DNP_T": "อุทยานแห่งชาติ", "E": 658180.0, "N": 1933115.0, "NAME": "สอน", "PERIMETER": 401.81563357044001, "AREA_RAI": 6.3044768321699998, "RAI": 6.0, "NGAN": 1.0, "WA_SQ": 22.0, "OBJECTID": null, "Area": null, "MUBAN": null, "TAMBOL": null, "HOME_BAN_E": null, "TAM_CODE": null, "TAM_NAM_T": null, "AMPHOE_T": null, "AMPHOE_E": null, "PROV_CODE": null, "PROV_NAM_T": null, "PROV_NAM_E": null, "NAME_EN": null, "TAM_NAM_E": null, "Plot_No1": null, "Shape_Le_1": null, "TARGET_F_1": null, "Shape_Leng": null, "Shape_Area": null, "Cal_Rai": null, "layer": "AP1103WBN08", "path": "/Users/ponteerasingto/project11/อุทยานแห่งชาติต้นสักใหญ่/ส่งกรม/Shapefile/1.SHAPEFILE/บ้านวังเบน/AP1103WBN08.shp" }, "geometry": { "type": "MultiPolygon", "coordinates": [ [ [ [ 100.490221136535638, 17.47865620027433 ], [ 100.490229830215071, 17.478327224156782 ], [ 100.490141896969718, 17.477930987821775 ], [ 100.489914143397954, 17.478109624795188 ], [ 100.48947556867742, 17.478098566617671 ], [ 100.489297639022993, 17.478276829517124 ], [ 100.489244543553923, 17.478487629996657 ], [ 100.489354456370009, 17.478617450107148 ], [ 100.489247850584633, 17.478894064767594 ], [ 100.489316326831201, 17.479057429929174 ], [ 100.48971142170673, 17.479125519196124 ], [ 100.489885520250851, 17.479069053693394 ], [ 100.490056731678237, 17.478921382265213 ], [ 100.490221136535638, 17.47865620027433 ] ] ] ] } },
{ "type": "Feature", "properties": { "OBJECTID_1": null, "TARGET_FID": "30", "NAME_DNP": "ต้นสักใหญ่", "CODE_DNP": 1103, "APAR_CODE": "11031000910001WBN08", "APAR_NO": "10009", "NUM_APAR": "10001", "SPAR_CODE": "11030000100030WBN08", "SPAR_NO": "00001", "NUM_SPAR": "00030", "PAR_BAN": "วังเบน", "BAN_E": "WBN", "PAR_MOO": "08", "PAR_TAM": "บ่อทอง", "PAR_AMP": "ทองแสนขัน", "PAR_PROV": "อุตรดิตถ์", "NAME_TITLE": "นาย", "SURNAME": "มาสุ", "IDCARD": "3530900121483", "HOME_NO": "9/1", "HOME_BAN": "โคกงาม", "HOME_MOO": "9", "HOME_TAM": "ผักขวง", "HOME_AMP": "ทองแสนขัน", "HOME_PROV": "อุตรดิตถ์", "REMARK": "ล่อแหลม", "BAN_TYPE": 2, "YEAR": "2562", "NAME_DNP_T": "อุทยานแห่งชาติ", "E": 659573.0, "N": 1934005.0, "NAME": "ดำรงศักดิ์", "PERIMETER": 1202.15512332394, "AREA_RAI": 18.031509592710002, "RAI": 18.0, "NGAN": 0.0, "WA_SQ": 13.0, "OBJECTID": null, "Area": null, "MUBAN": null, "TAMBOL": null, "HOME_BAN_E": null, "TAM_CODE": null, "TAM_NAM_T": null, "AMPHOE_T": null, "AMPHOE_E": null, "PROV_CODE": null, "PROV_NAM_T": null, "PROV_NAM_E": null, "NAME_EN": null, "TAM_NAM_E": null, "Plot_No1": null, "Shape_Le_1": null, "TARGET_F_1": null, "Shape_Leng": null, "Shape_Area": null, "Cal_Rai": null, "layer": "AP1103WBN08", "path": "/Users/ponteerasingto/project11/อุทยานแห่งชาติต้นสักใหญ่/ส่งกรม/Shapefile/1.SHAPEFILE/บ้านวังเบน/AP1103WBN08.shp" }, "geometry": { "type": "MultiPolygon", "coordinates": [ [ [ [ 100.503094718213248, 17.485946086468442 ], [ 100.502811712912518, 17.485748560643707 ], [ 100.502835362302733, 17.48541116654291 ], [ 100.502678236998733, 17.484938225394277 ], [ 100.502503454319992, 17.484888838258904 ], [ 100.502216212638672, 17.484657748688878 ], [ 100.501988800273637, 17.484634113547653 ], [ 100.501972243885476, 17.485192038509673 ], [ 100.502090438734783, 17.485360360148459 ], [ 100.50239360804126, 17.48582968821168 ], [ 100.5018990391156, 17.486251777637129 ], [ 100.502161360709209, 17.486343606006674 ], [ 100.502678465494725, 17.486735225778737 ], [ 100.503660667896185, 17.488138218238795 ], [ 100.503927378014225, 17.488887246629773 ], [ 100.504130455164088, 17.488842606271231 ], [ 100.504264336440144, 17.488633222857079 ], [ 100.503638868515836, 17.487538669219933 ], [ 100.503549662877688, 17.487293405647357 ], [ 100.503619080212573, 17.486868244048548 ], [ 100.503164306185127, 17.486697955362754 ], [ 100.503094718213248, 17.485946086468442 ] ] ] ] } },
{ "type": "Feature", "properties": { "OBJECTID_1": null, "TARGET_FID": "31", "NAME_DNP": "ต้นสักใหญ่", "CODE_DNP": 1103, "APAR_CODE": "11031000910002WBN08", "APAR_NO": "10009", "NUM_APAR": "10002", "SPAR_CODE": "11030000100031WBN08", "SPAR_NO": "00001", "NUM_SPAR": "00031", "PAR_BAN": "วังเบน", "BAN_E": "WBN", "PAR_MOO": "08", "PAR_TAM": "บ่อทอง", "PAR_AMP": "ทองแสนขัน", "PAR_PROV": "อุตรดิตถ์", "NAME_TITLE": "นาง", "SURNAME": "มงคล", "IDCARD": "3530900141361", "HOME_NO": "1", "HOME_BAN": "วังตะเคียน", "HOME_MOO": "8", "HOME_TAM": "ผักขวง", "HOME_AMP": "ทองแสนขัน", "HOME_PROV": "อุตรดิตถ์", "REMARK": "ล่อแหลม", "BAN_TYPE": 2, "YEAR": "2562", "NAME_DNP_T": "อุทยานแห่งชาติ", "E": 659477.0, "N": 1933646.0, "NAME": "ยุพิน", "PERIMETER": 634.53161070482997, "AREA_RAI": 7.1833641622800002, "RAI": 7.0, "NGAN": 0.0, "WA_SQ": 73.0, "OBJECTID": null, "Area": null, "MUBAN": null, "TAMBOL": null, "HOME_BAN_E": null, "TAM_CODE": null, "TAM_NAM_T": null, "AMPHOE_T": null, "AMPHOE_E": null, "PROV_CODE": null, "PROV_NAM_T": null, "PROV_NAM_E": null, "NAME_EN": null, "TAM_NAM_E": null, "Plot_No1": null, "Shape_Le_1": null, "TARGET_F_1": null, "Shape_Leng": null, "Shape_Area": null, "Cal_Rai": null, "layer": "AP1103WBN08", "path": "/Users/ponteerasingto/project11/อุทยานแห่งชาติต้นสักใหญ่/ส่งกรม/Shapefile/1.SHAPEFILE/บ้านวังเบน/AP1103WBN08.shp" }, "geometry": { "type": "MultiPolygon", "coordinates": [ [ [ [ 100.501924419998204, 17.484113564506465 ], [ 100.502030888353261, 17.484531109480407 ], [ 100.501988800273637, 17.484634113547653 ], [ 100.502216212638672, 17.484657748688878 ], [ 100.502394413579793, 17.484485382068591 ], [ 100.502150133124488, 17.483807726597625 ], [ 100.502167933315008, 17.483330025603969 ], [ 100.502276684410518, 17.482920354502582 ], [ 100.502141428490262, 17.482476360322472 ], [ 100.502043469931479, 17.482201566079425 ], [ 100.501621407060682, 17.482201903816854 ], [ 100.50160452648133, 17.482559530482103 ], [ 100.501758328918626, 17.483191597788117 ], [ 100.50191234249273, 17.483607832750341 ], [ 100.501924419998204, 17.484113564506465 ] ] ] ] } },
{ "type": "Feature", "properties": { "OBJECTID_1": null, "TARGET_FID": "46", "NAME_DNP": "ต้นสักใหญ่", "CODE_DNP": 1103, "APAR_CODE": "11031001910002WBN08", "APAR_NO": "10019", "NUM_APAR": "10002", "SPAR_CODE": "11030000100046WBN08", "SPAR_NO": "00001", "NUM_SPAR": "00046", "PAR_BAN": "วังเบน", "BAN_E": "WBN", "PAR_MOO": "08", "PAR_TAM": "บ่อทอง", "PAR_AMP": "ทองแสนขัน", "PAR_PROV": "อุตรดิตถ์", "NAME_TITLE": "นาย", "SURNAME": "กุลให้", "IDCARD": "3530900042834", "HOME_NO": "11/2", "HOME_BAN": "โคกงาม", "HOME_MOO": "15", "HOME_TAM": "ผักขวง", "HOME_AMP": "ทองแสนขัน", "HOME_PROV": "อุตรดิตถ์", "REMARK": "ไม่ล่อแหลม", "BAN_TYPE": 2, "YEAR": "2562", "NAME_DNP_T": "อุทยานแห่งชาติ", "E": 659324.0, "N": 1933328.0, "NAME": "เจต", "PERIMETER": 336.56067644088, "AREA_RAI": 3.5006310227199999, "RAI": 3.0, "NGAN": 2.0, "WA_SQ": 0.0, "OBJECTID": null, "Area": null, "MUBAN": null, "TAMBOL": null, "HOME_BAN_E": null, "TAM_CODE": null, "TAM_NAM_T": null, "AMPHOE_T": null, "AMPHOE_E": null, "PROV_CODE": null, "PROV_NAM_T": null, "PROV_NAM_E": null, "NAME_EN": null, "TAM_NAM_E": null, "Plot_No1": null, "Shape_Le_1": null, "TARGET_F_1": null, "Shape_Leng": null, "Shape_Area": null, "Cal_Rai": null, "layer": "AP1103WBN08", "path": "/Users/ponteerasingto/project11/อุทยานแห่งชาติต้นสักใหญ่/ส่งกรม/Shapefile/1.SHAPEFILE/บ้านวังเบน/AP1103WBN08.shp" }, "geometry": { "type": "MultiPolygon", "coordinates": [ [ [ [ 100.50087944666501, 17.480404800813336 ], [ 100.500574022736302, 17.479827953791798 ], [ 100.500148662912594, 17.48007510395465 ], [ 100.50034111719367, 17.480483028145695 ], [ 100.500490120282919, 17.48106888766398 ], [ 100.50074917195245, 17.48094963999316 ], [ 100.500722953534932, 17.480636966723434 ], [ 100.50087944666501, 17.480404800813336 ] ] ] ] } },
{ "type": "Feature", "properties": { "OBJECTID_1": null, "TARGET_FID": "47", "NAME_DNP": "ต้นสักใหญ่", "CODE_DNP": 1103, "APAR_CODE": "11031001910003WBN08", "APAR_NO": "10019", "NUM_APAR": "10003", "SPAR_CODE": "11030000100047WBN08", "SPAR_NO": "00001", "NUM_SPAR": "00047", "PAR_BAN": "วังเบน", "BAN_E": "WBN", "PAR_MOO": "08", "PAR_TAM": "บ่อทอง", "PAR_AMP": "ทองแสนขัน", "PAR_PROV": "อุตรดิตถ์", "NAME_TITLE": "นาย", "SURNAME": "คำยะอุ่น", "IDCARD": "5530900017534", "HOME_NO": "151", "HOME_BAN": "โคกงาม", "HOME_MOO": "9", "HOME_TAM": "ผักขวง", "HOME_AMP": "ทองแสนขัน", "HOME_PROV": "อุตรดิตถ์", "REMARK": "ไม่ล่อแหลม", "BAN_TYPE": 2, "YEAR": "2562", "NAME_DNP_T": "อุทยานแห่งชาติ", "E": 659289.0, "N": 1933217.0, "NAME": "สอน", "PERIMETER": 453.70554485050002, "AREA_RAI": 5.3758023714399998, "RAI": 5.0, "NGAN": 1.0, "WA_SQ": 50.0, "OBJECTID": null, "Area": null, "MUBAN": null, "TAMBOL": null, "HOME_BAN_E": null, "TAM_CODE": null, "TAM_NAM_T": null, "AMPHOE_T": null, "AMPHOE_E": null, "PROV_CODE": null, "PROV_NAM_T": null, "PROV_NAM_E": null, "NAME_EN": null, "TAM_NAM_E": null, "Plot_No1": null, "Shape_Le_1": null, "TARGET_F_1": null, "Shape_Leng": null, "Shape_Area": null, "Cal_Rai": null, "layer": "AP1103WBN08", "path": "/Users/ponteerasingto/project11/อุทยานแห่งชาติต้นสักใหญ่/ส่งกรม/Shapefile/1.SHAPEFILE/บ้านวังเบน/AP1103WBN08.shp" }, "geometry": { "type": "MultiPolygon", "coordinates": [ [ [ [ 100.500660413077625, 17.479777521606817 ], [ 100.50080906657054, 17.479599948775313 ], [ 100.500726083762501, 17.479387597155508 ], [ 100.50052607405145, 17.479471292058932 ], [ 100.500271257416216, 17.479257919913159 ], [ 100.500207980032656, 17.479032108104249 ], [ 100.500212819528031, 17.478655556245517 ], [ 100.49986863830091, 17.478675407757549 ], [ 100.499737440394483, 17.479174904474831 ], [ 100.499963331594017, 17.479402863790298 ], [ 100.499902421437568, 17.479806881144558 ], [ 100.500148662912594, 17.48007510395465 ], [ 100.500574022736302, 17.479827953791798 ], [ 100.500660413077625, 17.479777521606817 ] ] ] ] } },
{ "type": "Feature", "properties": { "OBJECTID_1": null, "TARGET_FID": "45", "NAME_DNP": "ต้นสักใหญ่", "CODE_DNP": 1103, "APAR_CODE": "11031001910001WBN08", "APAR_NO": "10019", "NUM_APAR": "10001", "SPAR_CODE": "11030000100045WBN08", "SPAR_NO": "00001", "NUM_SPAR": "00045", "PAR_BAN": "วังเบน", "BAN_E": "WBN", "PAR_MOO": "08", "PAR_TAM": "บ่อทอง", "PAR_AMP": "ทองแสนขัน", "PAR_PROV": "อุตรดิตถ์", "NAME_TITLE": "นาย", "SURNAME": "มาสุ", "IDCARD": "3530900121483", "HOME_NO": "9/1", "HOME_BAN": "โคกงาม", "HOME_MOO": "9", "HOME_TAM": "ผักขวง", "HOME_AMP": "ทองแสนขัน", "HOME_PROV": "อุตรดิตถ์", "REMARK": "ไม่ล่อแหลม", "BAN_TYPE": 2, "YEAR": "2562", "NAME_DNP_T": "อุทยานแห่งชาติ", "E": 659194.0, "N": 1933254.0, "NAME": "ดำรงศักดิ์", "PERIMETER": 179.26665260108999, "AREA_RAI": 1.18126423487, "RAI": 1.0, "NGAN": 0.0, "WA_SQ": 73.0, "OBJECTID": null, "Area": null, "MUBAN": null, "TAMBOL": null, "HOME_BAN_E": null, "TAM_CODE": null, "TAM_NAM_T": null, "AMPHOE_T": null, "AMPHOE_E": null, "PROV_CODE": null, "PROV_NAM_T": null, "PROV_NAM_E": null, "NAME_EN": null, "TAM_NAM_E": null, "Plot_No1": null, "Shape_Le_1": null, "TARGET_F_1": null, "Shape_Leng": null, "Shape_Area": null, "Cal_Rai": null, "layer": "AP1103WBN08", "path": "/Users/ponteerasingto/project11/อุทยานแห่งชาติต้นสักใหญ่/ส่งกรม/Shapefile/1.SHAPEFILE/บ้านวังเบน/AP1103WBN08.shp" }, "geometry": { "type": "MultiPolygon", "coordinates": [ [ [ [ 100.499614296627755, 17.479721816644087 ], [ 100.499353658876686, 17.479463284528027 ], [ 100.49902034747123, 17.479800726115219 ], [ 100.499170866967489, 17.480029077682438 ], [ 100.499614296627755, 17.479721816644087 ] ] ] ] } },
{ "type": "Feature", "properties": { "OBJECTID_1": null, "TARGET_FID": "42", "NAME_DNP": "ต้นสักใหญ่", "CODE_DNP": 1103, "APAR_CODE": "11031001810001WBN08", "APAR_NO": "10018", "NUM_APAR": "10001", "SPAR_CODE": "11030000100042WBN08", "SPAR_NO": "00001", "NUM_SPAR": "00042", "PAR_BAN": "วังเบน", "BAN_E": "WBN", "PAR_MOO": "08", "PAR_TAM": "บ่อทอง", "PAR_AMP": "ทองแสนขัน", "PAR_PROV": "อุตรดิตถ์", "NAME_TITLE": "นาย", "SURNAME": "คำยะอุ่น", "IDCARD": "5530900017534", "HOME_NO": "151", "HOME_BAN": "โคกงาม", "HOME_MOO": "9", "HOME_TAM": "ผักขวง", "HOME_AMP": "ทองแสนขัน", "HOME_PROV": "อุตรดิตถ์", "REMARK": "ไม่ล่อแหลม", "BAN_TYPE": 2, "YEAR": "2562", "NAME_DNP_T": "อุทยานแห่งชาติ", "E": 659272.0, "N": 1932826.0, "NAME": "สอน", "PERIMETER": 745.02952114994002, "AREA_RAI": 11.983727551179999, "RAI": 11.0, "NGAN": 3.0, "WA_SQ": 93.0, "OBJECTID": null, "Area": null, "MUBAN": null, "TAMBOL": null, "HOME_BAN_E": null, "TAM_CODE": null, "TAM_NAM_T": null, "AMPHOE_T": null, "AMPHOE_E": null, "PROV_CODE": null, "PROV_NAM_T": null, "PROV_NAM_E": null, "NAME_EN": null, "TAM_NAM_E": null, "Plot_No1": null, "Shape_Le_1": null, "TARGET_F_1": null, "Shape_Leng": null, "Shape_Area": null, "Cal_Rai": null, "layer": "AP1103WBN08", "path": "/Users/ponteerasingto/project11/อุทยานแห่งชาติต้นสักใหญ่/ส่งกรม/Shapefile/1.SHAPEFILE/บ้านวังเบน/AP1103WBN08.shp" }, "geometry": { "type": "MultiPolygon", "coordinates": [ [ [ [ 100.500472305821361, 17.476136839398766 ], [ 100.500440520493001, 17.474978533833898 ], [ 100.500320033981282, 17.474964705964574 ], [ 100.500018800227835, 17.474927996805139 ], [ 100.499509835607768, 17.474718858572693 ], [ 100.49936939145941, 17.47498994434843 ], [ 100.499389154571475, 17.4752255929005 ], [ 100.499485596085691, 17.47550034207493 ], [ 100.499752040062162, 17.475592239685213 ], [ 100.499943713854435, 17.47580390195926 ], [ 100.49977863968806, 17.476904708551494 ], [ 100.499520952812063, 17.477005890564154 ], [ 100.499662546912745, 17.477305775160545 ], [ 100.500258578298258, 17.477016037905482 ], [ 100.500472305821361, 17.476136839398766 ] ] ] ] } },
{ "type": "Feature", "properties": { "OBJECTID_1": null, "TARGET_FID": "53", "NAME_DNP": "ต้นสักใหญ่", "CODE_DNP": 1103, "APAR_CODE": "11031002210001WBN08", "APAR_NO": "10022", "NUM_APAR": "10001", "SPAR_CODE": "11030000100053WBN08", "SPAR_NO": "00001", "NUM_SPAR": "00053", "PAR_BAN": "วังเบน", "BAN_E": "WBN", "PAR_MOO": "08", "PAR_TAM": "บ่อทอง", "PAR_AMP": "ทองแสนขัน", "PAR_PROV": "อุตรดิตถ์", "NAME_TITLE": "นาง", "SURNAME": "มงคล", "IDCARD": "3530900141361", "HOME_NO": "1", "HOME_BAN": "วังตะเคียน", "HOME_MOO": "8", "HOME_TAM": "ผักขวง", "HOME_AMP": "ทองแสนขัน", "HOME_PROV": "อุตรดิตถ์", "REMARK": "ไม่ล่อแหลม", "BAN_TYPE": 2, "YEAR": "2562", "NAME_DNP_T": "อุทยานแห่งชาติ", "E": 659074.0, "N": 1932631.0, "NAME": "ยุพิน", "PERIMETER": 399.96141702337002, "AREA_RAI": 5.9308133535699996, "RAI": 5.0, "NGAN": 3.0, "WA_SQ": 72.0, "OBJECTID": null, "Area": null, "MUBAN": null, "TAMBOL": null, "HOME_BAN_E": null, "TAM_CODE": null, "TAM_NAM_T": null, "AMPHOE_T": null, "AMPHOE_E": null, "PROV_CODE": null, "PROV_NAM_T": null, "PROV_NAM_E": null, "NAME_EN": null, "TAM_NAM_E": null, "Plot_No1": null, "Shape_Le_1": null, "TARGET_F_1": null, "Shape_Leng": null, "Shape_Area": null, "Cal_Rai": null, "layer": "AP1103WBN08", "path": "/Users/ponteerasingto/project11/อุทยานแห่งชาติต้นสักใหญ่/ส่งกรม/Shapefile/1.SHAPEFILE/บ้านวังเบน/AP1103WBN08.shp" }, "geometry": { "type": "MultiPolygon", "coordinates": [ [ [ [ 100.49748875411251, 17.473961572040579 ], [ 100.497940126387988, 17.474397439588927 ], [ 100.498049794132825, 17.474723687432583 ], [ 100.498681826695091, 17.474475518998045 ], [ 100.498684400710999, 17.474063804390116 ], [ 100.498433641547606, 17.473929730809839 ], [ 100.498255880267351, 17.473632247362325 ], [ 100.497497973472079, 17.473723804064019 ], [ 100.49748875411251, 17.473961572040579 ] ] ] ] } },
{ "type": "Feature", "properties": { "OBJECTID_1": null, "TARGET_FID": "104", "NAME_DNP": "ต้นสักใหญ่", "CODE_DNP": 1103, "APAR_CODE": "11031003310009WBN08", "APAR_NO": "10033", "NUM_APAR": "10009", "SPAR_CODE": "11030000100104WBN08", "SPAR_NO": "00001", "NUM_SPAR": "00104", "PAR_BAN": "วังเบน", "BAN_E": "WBN", "PAR_MOO": "08", "PAR_TAM": "บ่อทอง", "PAR_AMP": "ทองแสนขัน", "PAR_PROV": "อุตรดิตถ์", "NAME_TITLE": "นาง", "SURNAME": "อินจันดี", "IDCARD": "3530900284382", "HOME_NO": "9/4", "HOME_BAN": "วังเบน", "HOME_MOO": "8", "HOME_TAM": "บ่อทอง", "HOME_AMP": "ทองแสนขัน", "HOME_PROV": "อุตรดิตถ์", "REMARK": "ไม่ล่อแหลม", "BAN_TYPE": 2, "YEAR": "2562", "NAME_DNP_T": "อุทยานแห่งชาติ", "E": 656051.0, "N": 1931126.0, "NAME": "สวงค์", "PERIMETER": 681.36980521974999, "AREA_RAI": 12.341590346109999, "RAI": 12.0, "NGAN": 1.0, "WA_SQ": 37.0, "OBJECTID": null, "Area": null, "MUBAN": null, "TAMBOL": null, "HOME_BAN_E": null, "TAM_CODE": null, "TAM_NAM_T": null, "AMPHOE_T": null, "AMPHOE_E": null, "PROV_CODE": null, "PROV_NAM_T": null, "PROV_NAM_E": null, "NAME_EN": null, "TAM_NAM_E": null, "Plot_No1": null, "Shape_Le_1": null, "TARGET_F_1": null, "Shape_Leng": null, "Shape_Area": null, "Cal_Rai": null, "layer": "AP1103WBN08", "path": "/Users/ponteerasingto/project11/อุทยานแห่งชาติต้นสักใหญ่/ส่งกรม/Shapefile/1.SHAPEFILE/บ้านวังเบน/AP1103WBN08.shp" }, "geometry": { "type": "MultiPolygon", "coordinates": [ [ [ [ 100.47032274593019, 17.461253144782955 ], [ 100.469685342221879, 17.460427635708964 ], [ 100.469750183817453, 17.460125896256116 ], [ 100.469896940322485, 17.459787685822832 ], [ 100.469551053083194, 17.459524844884253 ], [ 100.469393035492828, 17.459279053182783 ], [ 100.46893860618141, 17.461245297294322 ], [ 100.469715124332666, 17.461799837127852 ], [ 100.47032274593019, 17.461253144782955 ] ] ] ] } },
{ "type": "Feature", "properties": { "OBJECTID_1": null, "TARGET_FID": "105", "NAME_DNP": "ต้นสักใหญ่", "CODE_DNP": 1103, "APAR_CODE": "11031003310010WBN08", "APAR_NO": "10033", "NUM_APAR": "10010", "SPAR_CODE": "11030000100105WBN08", "SPAR_NO": "00001", "NUM_SPAR": "00105", "PAR_BAN": "วังเบน", "BAN_E": "WBN", "PAR_MOO": "08", "PAR_TAM": "บ่อทอง", "PAR_AMP": "ทองแสนขัน", "PAR_PROV": "อุตรดิตถ์", "NAME_TITLE": "นาง", "SURNAME": "ยะตะนะ", "IDCARD": "3530900140968", "HOME_NO": "38/1", "HOME_BAN": "วังเบน", "HOME_MOO": "8", "HOME_TAM": "ผักขวง", "HOME_AMP": "ทองแสนขัน", "HOME_PROV": "อุตรดิตถ์", "REMARK": "ไม่ล่อแหลม", "BAN_TYPE": 2, "YEAR": "2562", "NAME_DNP_T": "อุทยานแห่งชาติ", "E": 656137.0, "N": 1931237.0, "NAME": "บรรทม", "PERIMETER": 351.42232164859001, "AREA_RAI": 4.8854981066400001, "RAI": 4.0, "NGAN": 3.0, "WA_SQ": 54.0, "OBJECTID": null, "Area": null, "MUBAN": null, "TAMBOL": null, "HOME_BAN_E": null, "TAM_CODE": null, "TAM_NAM_T": null, "AMPHOE_T": null, "AMPHOE_E": null, "PROV_CODE": null, "PROV_NAM_T": null, "PROV_NAM_E": null, "NAME_EN": null, "TAM_NAM_E": null, "Plot_No1": null, "Shape_Le_1": null, "TARGET_F_1": null, "Shape_Leng": null, "Shape_Area": null, "Cal_Rai": null, "layer": "AP1103WBN08", "path": "/Users/ponteerasingto/project11/อุทยานแห่งชาติต้นสักใหญ่/ส่งกรม/Shapefile/1.SHAPEFILE/บ้านวังเบน/AP1103WBN08.shp" }, "geometry": { "type": "MultiPolygon", "coordinates": [ [ [ [ 100.47032274593019, 17.461253144782955 ], [ 100.469715124332666, 17.461799837127852 ], [ 100.470519021629599, 17.462245731033185 ], [ 100.470912229017344, 17.461774629372147 ], [ 100.470898536704254, 17.461652710241651 ], [ 100.47041934274246, 17.461194794323987 ], [ 100.47032274593019, 17.461253144782955 ] ] ] ] } },
{ "type": "Feature", "properties": { "OBJECTID_1": null, "TARGET_FID": "106", "NAME_DNP": "ต้นสักใหญ่", "CODE_DNP": 1103, "APAR_CODE": "11031003410001WBN08", "APAR_NO": "10034", "NUM_APAR": "10001", "SPAR_CODE": "11030000100106WBN08", "SPAR_NO": "00001", "NUM_SPAR": "00106", "PAR_BAN": "วังเบน", "BAN_E": "WBN", "PAR_MOO": "08", "PAR_TAM": "บ่อทอง", "PAR_AMP": "ทองแสนขัน", "PAR_PROV": "อุตรดิตถ์", "NAME_TITLE": "นาย", "SURNAME": "พาสุวรรณ", "IDCARD": "3530900140313", "HOME_NO": "29/1", "HOME_BAN": "วังเบน", "HOME_MOO": "8", "HOME_TAM": "บ่อทอง", "HOME_AMP": "ทองแสนขัน", "HOME_PROV": "อุตรดิตถ์", "REMARK": "ไม่ล่อแหลม", "BAN_TYPE": 2, "YEAR": "2562", "NAME_DNP_T": "อุทยานแห่งชาติ", "E": 656266.0, "N": 1931147.0, "NAME": "โพธิ์", "PERIMETER": 767.71487780756001, "AREA_RAI": 9.2702401944700004, "RAI": 9.0, "NGAN": 1.0, "WA_SQ": 8.0, "OBJECTID": null, "Area": null, "MUBAN": null, "TAMBOL": null, "HOME_BAN_E": null, "TAM_CODE": null, "TAM_NAM_T": null, "AMPHOE_T": null, "AMPHOE_E": null, "PROV_CODE": null, "PROV_NAM_T": null, "PROV_NAM_E": null, "NAME_EN": null, "TAM_NAM_E": null, "Plot_No1": null, "Shape_Le_1": null, "TARGET_F_1": null, "Shape_Leng": null, "Shape_Area": null, "Cal_Rai": null, "layer": "AP1103WBN08", "path": "/Users/ponteerasingto/project11/อุทยานแห่งชาติต้นสักใหญ่/ส่งกรม/Shapefile/1.SHAPEFILE/บ้านวังเบน/AP1103WBN08.shp" }, "geometry": { "type": "MultiPolygon", "coordinates": [ [ [ [ 100.471437782609271, 17.460149238557594 ], [ 100.470708889917219, 17.460093591667839 ], [ 100.470790241107437, 17.460725279280414 ], [ 100.471027051259625, 17.46091981919345 ], [ 100.47132551298543, 17.460860228823414 ], [ 100.471343670639868, 17.46032930187538 ], [ 100.471437782609271, 17.460149238557594 ] ] ], [ [ [ 100.472295087915072, 17.460642134138844 ], [ 100.47180284445632, 17.460347629988252 ], [ 100.471746021601092, 17.46110816845777 ], [ 100.471155762918073, 17.461126880706093 ], [ 100.471097302852598, 17.461292289344211 ], [ 100.471990938864721, 17.46176550098043 ], [ 100.472232604445367, 17.46157167032559 ], [ 100.472295087915072, 17.460642134138844 ] ] ] ] } },
{ "type": "Feature", "properties": { "OBJECTID_1": null, "TARGET_FID": "101", "NAME_DNP": "ต้นสักใหญ่", "CODE_DNP": 1103, "APAR_CODE": "11031003310006WBN08", "APAR_NO": "10033", "NUM_APAR": "10006", "SPAR_CODE": "11030000100101WBN08", "SPAR_NO": "00001", "NUM_SPAR": "00101", "PAR_BAN": "วังเบน", "BAN_E": "WBN", "PAR_MOO": "08", "PAR_TAM": "บ่อทอง", "PAR_AMP": "ทองแสนขัน", "PAR_PROV": "อุตรดิตถ์", "NAME_TITLE": "นาย", "SURNAME": "สิงห์ไชย", "IDCARD": "3530900035897", "HOME_NO": "121", "HOME_BAN": "วังเบน", "HOME_MOO": "8", "HOME_TAM": "บ่อทอง", "HOME_AMP": "ทองแสนขัน", "HOME_PROV": "อุตรดิตถ์", "REMARK": "ไม่ล่อแหลม", "BAN_TYPE": 2, "YEAR": "2562", "NAME_DNP_T": "อุทยานแห่งชาติ", "E": 656260.0, "N": 1931400.0, "NAME": "ลวน", "PERIMETER": 556.02550015245004, "AREA_RAI": 5.5197054784099997, "RAI": 5.0, "NGAN": 2.0, "WA_SQ": 8.0, "OBJECTID": null, "Area": null, "MUBAN": null, "TAMBOL": null, "HOME_BAN_E": null, "TAM_CODE": null, "TAM_NAM_T": null, "AMPHOE_T": null, "AMPHOE_E": null, "PROV_CODE": null, "PROV_NAM_T": null, "PROV_NAM_E": null, "NAME_EN": null, "TAM_NAM_E": null, "Plot_No1": null, "Shape_Le_1": null, "TARGET_F_1": null, "Shape_Leng": null, "Shape_Area": null, "Cal_Rai": null, "layer": "AP1103WBN08", "path": "/Users/ponteerasingto/project11/อุทยานแห่งชาติต้นสักใหญ่/ส่งกรม/Shapefile/1.SHAPEFILE/บ้านวังเบน/AP1103WBN08.shp" }, "geometry": { "type": "MultiPolygon", "coordinates": [ [ [ [ 100.471753472716188, 17.462642566631217 ], [ 100.47117791129709, 17.462558348830132 ], [ 100.471243834995491, 17.462872261706568 ], [ 100.471001619058939, 17.462975472819714 ], [ 100.471018104557118, 17.463425848509271 ], [ 100.471586357173393, 17.463699599200282 ], [ 100.471580019720221, 17.46339216428099 ], [ 100.471846749518775, 17.4631032753021 ], [ 100.471753472716188, 17.462642566631217 ] ] ], [ [ [ 100.472237436189431, 17.464013248223065 ], [ 100.472467836133816, 17.463509922430859 ], [ 100.471833053959358, 17.463818443050023 ], [ 100.472237436189431, 17.464013248223065 ] ] ] ] } },
{ "type": "Feature", "properties": { "OBJECTID_1": null, "TARGET_FID": "110", "NAME_DNP": "ต้นสักใหญ่", "CODE_DNP": 1103, "APAR_CODE": "11031003610002WBN08", "APAR_NO": "10036", "NUM_APAR": "10002", "SPAR_CODE": "11030000100110WBN08", "SPAR_NO": "00001", "NUM_SPAR": "00110", "PAR_BAN": "วังเบน", "BAN_E": "WBN", "PAR_MOO": "08", "PAR_TAM": "บ่อทอง", "PAR_AMP": "ทองแสนขัน", "PAR_PROV": "อุตรดิตถ์", "NAME_TITLE": "นาง", "SURNAME": "ยะตะนะ", "IDCARD": "3530900140968", "HOME_NO": "38/1", "HOME_BAN": "วังตะเคียน", "HOME_MOO": "8", "HOME_TAM": "ผักขวง", "HOME_AMP": "ทองแสนขัน", "HOME_PROV": "อุตรดิตถ์", "REMARK": "ไม่ล่อแหลม", "BAN_TYPE": 2, "YEAR": "2562", "NAME_DNP_T": "อุทยานแห่งชาติ", "E": 655653.0, "N": 1931250.0, "NAME": "บรรทม", "PERIMETER": 727.27872694932, "AREA_RAI": 13.70137386121, "RAI": 13.0, "NGAN": 2.0, "WA_SQ": 81.0, "OBJECTID": null, "Area": null, "MUBAN": null, "TAMBOL": null, "HOME_BAN_E": null, "TAM_CODE": null, "TAM_NAM_T": null, "AMPHOE_T": null, "AMPHOE_E": null, "PROV_CODE": null, "PROV_NAM_T": null, "PROV_NAM_E": null, "NAME_EN": null, "TAM_NAM_E": null, "Plot_No1": null, "Shape_Le_1": null, "TARGET_F_1": null, "Shape_Leng": null, "Shape_Area": null, "Cal_Rai": null, "layer": "AP1103WBN08", "path": "/Users/ponteerasingto/project11/อุทยานแห่งชาติต้นสักใหญ่/ส่งกรม/Shapefile/1.SHAPEFILE/บ้านวังเบน/AP1103WBN08.shp" }, "geometry": { "type": "MultiPolygon", "coordinates": [ [ [ [ 100.466699208308754, 17.462085408717378 ], [ 100.466879105604733, 17.46178742945779 ], [ 100.46643120318798, 17.461450649579152 ], [ 100.466237379973506, 17.461320559394387 ], [ 100.46551430522743, 17.461321391513842 ], [ 100.464743397024407, 17.461528612708353 ], [ 100.464829190516667, 17.461971477558837 ], [ 100.464964853780913, 17.462113935942376 ], [ 100.465072001235654, 17.462428754210389 ], [ 100.465557395031524, 17.462468326587349 ], [ 100.46574760765769, 17.462396758609579 ], [ 100.46626660230099, 17.462001123827438 ], [ 100.466605675114394, 17.462529175723734 ], [ 100.467149567438099, 17.462456736487525 ], [ 100.466699208308754, 17.462085408717378 ] ] ] ] } },
{ "type": "Feature", "properties": { "OBJECTID_1": null, "TARGET_FID": "99", "NAME_DNP": "ต้นสักใหญ่", "CODE_DNP": 1103, "APAR_CODE": "11031003310004WBN08", "APAR_NO": "10033", "NUM_APAR": "10004", "SPAR_CODE": "11030000100099WBN08", "SPAR_NO": "00001", "NUM_SPAR": "00099", "PAR_BAN": "วังเบน", "BAN_E": "WBN", "PAR_MOO": "08", "PAR_TAM": "บ่อทอง", "PAR_AMP": "ทองแสนขัน", "PAR_PROV": "อุตรดิตถ์", "NAME_TITLE": "นาย", "SURNAME": "พาสุวรรณ", "IDCARD": "3530900140330", "HOME_NO": "108", "HOME_BAN": "วังเบน", "HOME_MOO": "8", "HOME_TAM": "บ่อทอง", "HOME_AMP": "ทองแสนขัน", "HOME_PROV": "อุตรดิตถ์", "REMARK": "ไม่ล่อแหลม", "BAN_TYPE": 2, "YEAR": "2562", "NAME_DNP_T": "อุทยานแห่งชาติ", "E": 656226.0, "N": 1931580.0, "NAME": "บุญชุม", "PERIMETER": 611.60756086364995, "AREA_RAI": 15.29997813618, "RAI": 15.0, "NGAN": 1.0, "WA_SQ": 20.0, "OBJECTID": null, "Area": null, "MUBAN": null, "TAMBOL": null, "HOME_BAN_E": null, "TAM_CODE": null, "TAM_NAM_T": null, "AMPHOE_T": null, "AMPHOE_E": null, "PROV_CODE": null, "PROV_NAM_T": null, "PROV_NAM_E": null, "NAME_EN": null, "TAM_NAM_E": null, "Plot_No1": null, "Shape_Le_1": null, "TARGET_F_1": null, "Shape_Leng": null, "Shape_Area": null, "Cal_Rai": null, "layer": "AP1103WBN08", "path": "/Users/ponteerasingto/project11/อุทยานแห่งชาติต้นสักใหญ่/ส่งกรม/Shapefile/1.SHAPEFILE/บ้านวังเบน/AP1103WBN08.shp" }, "geometry": { "type": "MultiPolygon", "coordinates": [ [ [ [ 100.471988747494791, 17.46470187777566 ], [ 100.471644214372205, 17.464008602095706 ], [ 100.470920917506902, 17.463988876739524 ], [ 100.47038383713749, 17.464314130601167 ], [ 100.470607356048163, 17.465112681262742 ], [ 100.470922315681477, 17.465496009784598 ], [ 100.47128760746061, 17.465837637325585 ], [ 100.47169069330981, 17.465881114459645 ], [ 100.471788705211097, 17.465146788231948 ], [ 100.471968795648948, 17.464983184177459 ], [ 100.471988747494791, 17.46470187777566 ] ] ] ] } },
{ "type": "Feature", "properties": { "OBJECTID_1": null, "TARGET_FID": "98", "NAME_DNP": "ต้นสักใหญ่", "CODE_DNP": 1103, "APAR_CODE": "11031003310003WBN08", "APAR_NO": "10033", "NUM_APAR": "10003", "SPAR_CODE": "11030000100098WBN08", "SPAR_NO": "00001", "NUM_SPAR": "00098", "PAR_BAN": "วังเบน", "BAN_E": "WBN", "PAR_MOO": "08", "PAR_TAM": "บ่อทอง", "PAR_AMP": "ทองแสนขัน", "PAR_PROV": "อุตรดิตถ์", "NAME_TITLE": "นาย", "SURNAME": "พาสุวรรณ", "IDCARD": "3530900140330", "HOME_NO": "108", "HOME_BAN": "วังเบน", "HOME_MOO": "8", "HOME_TAM": "บ่อทอง", "HOME_AMP": "ทองแสนขัน", "HOME_PROV": "อุตรดิตถ์", "REMARK": "ไม่ล่อแหลม", "BAN_TYPE": 2, "YEAR": "2562", "NAME_DNP_T": "อุทยานแห่งชาติ", "E": 656448.0, "N": 1931707.0, "NAME": "บุญชุม", "PERIMETER": 468.36945160306999, "AREA_RAI": 6.9480311714000003, "RAI": 6.0, "NGAN": 3.0, "WA_SQ": 79.0, "OBJECTID": null, "Area": null, "MUBAN": null, "TAMBOL": null, "HOME_BAN_E": null, "TAM_CODE": null, "TAM_NAM_T": null, "AMPHOE_T": null, "AMPHOE_E": null, "PROV_CODE": null, "PROV_NAM_T": null, "PROV_NAM_E": null, "NAME_EN": null, "TAM_NAM_E": null, "Plot_No1": null, "Shape_Le_1": null, "TARGET_F_1": null, "Shape_Leng": null, "Shape_Area": null, "Cal_Rai": null, "layer": "AP1103WBN08", "path": "/Users/ponteerasingto/project11/อุทยานแห่งชาติต้นสักใหญ่/ส่งกรม/Shapefile/1.SHAPEFILE/บ้านวังเบน/AP1103WBN08.shp" }, "geometry": { "type": "MultiPolygon", "coordinates": [ [ [ [ 100.473437178358893, 17.465676151747662 ], [ 100.473081326374611, 17.465314645670944 ], [ 100.472706396531734, 17.465269169962557 ], [ 100.472715975981288, 17.466007105040397 ], [ 100.473054845167013, 17.466134237057894 ], [ 100.473533394528246, 17.466472598203218 ], [ 100.473959515325006, 17.466650476960602 ], [ 100.474065485125621, 17.46652998100928 ], [ 100.473998761560097, 17.466127248007322 ], [ 100.473437178358893, 17.465676151747662 ] ] ] ] } },
{ "type": "Feature", "properties": { "OBJECTID_1": null, "TARGET_FID": "92", "NAME_DNP": "ต้นสักใหญ่", "CODE_DNP": 1103, "APAR_CODE": "11031003110003WBN08", "APAR_NO": "10031", "NUM_APAR": "10003", "SPAR_CODE": "11030000100092WBN08", "SPAR_NO": "00001", "NUM_SPAR": "00092", "PAR_BAN": "วังเบน", "BAN_E": "WBN", "PAR_MOO": "08", "PAR_TAM": "บ่อทอง", "PAR_AMP": "ทองแสนขัน", "PAR_PROV": "อุตรดิตถ์", "NAME_TITLE": "นาย", "SURNAME": "เพ็ชรพิชัย", "IDCARD": "1530900035467", "HOME_NO": "151", "HOME_BAN": "วังเบน", "HOME_MOO": "8", "HOME_TAM": "บ่อทอง", "HOME_AMP": "ทองแสนขัน", "HOME_PROV": "อุตรดิตถ์", "REMARK": "ไม่ล่อแหลม", "BAN_TYPE": 2, "YEAR": "2562", "NAME_DNP_T": "อุทยานแห่งชาติ", "E": 657035.0, "N": 1931672.0, "NAME": "น้ำมนต์", "PERIMETER": 759.07616256431004, "AREA_RAI": 21.568746194140001, "RAI": 21.0, "NGAN": 2.0, "WA_SQ": 27.0, "OBJECTID": null, "Area": null, "MUBAN": null, "TAMBOL": null, "HOME_BAN_E": null, "TAM_CODE": null, "TAM_NAM_T": null, "AMPHOE_T": null, "AMPHOE_E": null, "PROV_CODE": null, "PROV_NAM_T": null, "PROV_NAM_E": null, "NAME_EN": null, "TAM_NAM_E": null, "Plot_No1": null, "Shape_Le_1": null, "TARGET_F_1": null, "Shape_Leng": null, "Shape_Area": null, "Cal_Rai": null, "layer": "AP1103WBN08", "path": "/Users/ponteerasingto/project11/อุทยานแห่งชาติต้นสักใหญ่/ส่งกรม/Shapefile/1.SHAPEFILE/บ้านวังเบน/AP1103WBN08.shp" }, "geometry": { "type": "MultiPolygon", "coordinates": [ [ [ [ 100.479802241901538, 17.465683112532677 ], [ 100.479205322625162, 17.464425175630296 ], [ 100.478865535872217, 17.464362577341713 ], [ 100.477806329525876, 17.465347363515225 ], [ 100.478898822499517, 17.467114894039621 ], [ 100.479802241901538, 17.465683112532677 ] ] ] ] } },
{ "type": "Feature", "properties": { "OBJECTID_1": null, "TARGET_FID": "91", "NAME_DNP": "ต้นสักใหญ่", "CODE_DNP": 1103, "APAR_CODE": "11031003110002WBN08", "APAR_NO": "10031", "NUM_APAR": "10002", "SPAR_CODE": "11030000100091WBN08", "SPAR_NO": "00001", "NUM_SPAR": "00091", "PAR_BAN": "วังเบน", "BAN_E": "WBN", "PAR_MOO": "08", "PAR_TAM": "บ่อทอง", "PAR_AMP": "ทองแสนขัน", "PAR_PROV": "อุตรดิตถ์", "NAME_TITLE": "นาย", "SURNAME": "หมีแก้ว", "IDCARD": "3530900057271", "HOME_NO": "20/6", "HOME_BAN": "แสนขัน", "HOME_MOO": "2", "HOME_TAM": "บ่อทอง", "HOME_AMP": "ทองแสนขัน", "HOME_PROV": "อุตรดิตถ์", "REMARK": "ไม่ล่อแหลม", "BAN_TYPE": 2, "YEAR": "2562", "NAME_DNP_T": "อุทยานแห่งชาติ", "E": 657117.0, "N": 1931846.0, "NAME": "กิติพงษ์", "PERIMETER": 769.11773171471998, "AREA_RAI": 19.737630181669999, "RAI": 19.0, "NGAN": 2.0, "WA_SQ": 95.0, "OBJECTID": null, "Area": null, "MUBAN": null, "TAMBOL": null, "HOME_BAN_E": null, "TAM_CODE": null, "TAM_NAM_T": null, "AMPHOE_T": null, "AMPHOE_E": null, "PROV_CODE": null, "PROV_NAM_T": null, "PROV_NAM_E": null, "NAME_EN": null, "TAM_NAM_E": null, "Plot_No1": null, "Shape_Le_1": null, "TARGET_F_1": null, "Shape_Leng": null, "Shape_Area": null, "Cal_Rai": null, "layer": "AP1103WBN08", "path": "/Users/ponteerasingto/project11/อุทยานแห่งชาติต้นสักใหญ่/ส่งกรม/Shapefile/1.SHAPEFILE/บ้านวังเบน/AP1103WBN08.shp" }, "geometry": { "type": "MultiPolygon", "coordinates": [ [ [ [ 100.480388235112116, 17.468015782517099 ], [ 100.480459944070049, 17.467034805153865 ], [ 100.479802241901538, 17.465683112532677 ], [ 100.478898822499517, 17.467114894039621 ], [ 100.478897599967681, 17.46711683064833 ], [ 100.478752349342784, 17.467516523611891 ], [ 100.478543566516464, 17.467502670494405 ], [ 100.47843411866144, 17.467663282005628 ], [ 100.47879960096931, 17.467918916479245 ], [ 100.480113605969905, 17.468093585657179 ], [ 100.480388235112116, 17.468015782517099 ] ] ] ] } },
{ "type": "Feature", "properties": { "OBJECTID_1": null, "TARGET_FID": "82", "NAME_DNP": "ต้นสักใหญ่", "CODE_DNP": 1103, "APAR_CODE": "11031002810001WBN08", "APAR_NO": "10028", "NUM_APAR": "10001", "SPAR_CODE": "11030000100082WBN08", "SPAR_NO": "00001", "NUM_SPAR": "00082", "PAR_BAN": "วังเบน", "BAN_E": "WBN", "PAR_MOO": "08", "PAR_TAM": "บ่อทอง", "PAR_AMP": "ทองแสนขัน", "PAR_PROV": "อุตรดิตถ์", "NAME_TITLE": "นาย", "SURNAME": "เพ็ชรพิชัย", "IDCARD": "3530900141077", "HOME_NO": "67/2", "HOME_BAN": "วังเบน", "HOME_MOO": "8", "HOME_TAM": "บ่อทอง", "HOME_AMP": "ทองแสนขัน", "HOME_PROV": "อุตรดิตถ์", "REMARK": "ไม่ล่อแหลม", "BAN_TYPE": 2, "YEAR": "2562", "NAME_DNP_T": "อุทยานแห่งชาติ", "E": 657399.0, "N": 1931964.0, "NAME": "ผจง", "PERIMETER": 376.21677468894001, "AREA_RAI": 6.0093110408400001, "RAI": 6.0, "NGAN": 0.0, "WA_SQ": 4.0, "OBJECTID": null, "Area": null, "MUBAN": null, "TAMBOL": null, "HOME_BAN_E": null, "TAM_CODE": null, "TAM_NAM_T": null, "AMPHOE_T": null, "AMPHOE_E": null, "PROV_CODE": null, "PROV_NAM_T": null, "PROV_NAM_E": null, "NAME_EN": null, "TAM_NAM_E": null, "Plot_No1": null, "Shape_Le_1": null, "TARGET_F_1": null, "Shape_Leng": null, "Shape_Area": null, "Cal_Rai": null, "layer": "AP1103WBN08", "path": "/Users/ponteerasingto/project11/อุทยานแห่งชาติต้นสักใหญ่/ส่งกรม/Shapefile/1.SHAPEFILE/บ้านวังเบน/AP1103WBN08.shp" }, "geometry": { "type": "MultiPolygon", "coordinates": [ [ [ [ 100.482771390814861, 17.467860174153177 ], [ 100.482156385454388, 17.467642009059123 ], [ 100.481903318348628, 17.46800287010598 ], [ 100.481697547117236, 17.468434774184797 ], [ 100.482267843292874, 17.468717436643374 ], [ 100.482587015876689, 17.468753312666269 ], [ 100.482820976064474, 17.468110794094706 ], [ 100.482771390814861, 17.467860174153177 ] ] ] ] } },
{ "type": "Feature", "properties": { "OBJECTID_1": null, "TARGET_FID": "73", "NAME_DNP": "ต้นสักใหญ่", "CODE_DNP": 1103, "APAR_CODE": "11031002310020WBN08", "APAR_NO": "10023", "NUM_APAR": "10020", "SPAR_CODE": "11030000100073WBN08", "SPAR_NO": "00001", "NUM_SPAR": "00073", "PAR_BAN": "วังเบน", "BAN_E": "WBN", "PAR_MOO": "08", "PAR_TAM": "บ่อทอง", "PAR_AMP": "ทองแสนขัน", "PAR_PROV": "อุตรดิตถ์", "NAME_TITLE": "นาย", "SURNAME": "มาสุ", "IDCARD": "3530900121483", "HOME_NO": "9/1", "HOME_BAN": "โคกงาม", "HOME_MOO": "9", "HOME_TAM": "ผักขวง", "HOME_AMP": "ทองแสนขัน", "HOME_PROV": "อุตรดิตถ์", "REMARK": "ไม่ล่อแหลม", "BAN_TYPE": 2, "YEAR": "2562", "NAME_DNP_T": "อุทยานแห่งชาติ", "E": 658997.0, "N": 1932116.0, "NAME": "ดำรงศักดิ์", "PERIMETER": 498.44741642661, "AREA_RAI": 9.8418150004299996, "RAI": 9.0, "NGAN": 3.0, "WA_SQ": 37.0, "OBJECTID": null, "Area": null, "MUBAN": null, "TAMBOL": null, "HOME_BAN_E": null, "TAM_CODE": null, "TAM_NAM_T": null, "AMPHOE_T": null, "AMPHOE_E": null, "PROV_CODE": null, "PROV_NAM_T": null, "PROV_NAM_E": null, "NAME_EN": null, "TAM_NAM_E": null, "Plot_No1": null, "Shape_Le_1": null, "TARGET_F_1": null, "Shape_Leng": null, "Shape_Area": null, "Cal_Rai": null, "layer": "AP1103WBN08", "path": "/Users/ponteerasingto/project11/อุทยานแห่งชาติต้นสักใหญ่/ส่งกรม/Shapefile/1.SHAPEFILE/บ้านวังเบน/AP1103WBN08.shp" }, "geometry": { "type": "MultiPolygon", "coordinates": [ [ [ [ 100.497221248017397, 17.470296956977492 ], [ 100.497746216157495, 17.469882635648919 ], [ 100.498161372293382, 17.469734130871618 ], [ 100.497850379909636, 17.469102488452126 ], [ 100.497590133289236, 17.468914406845816 ], [ 100.496932211222827, 17.46872038233909 ], [ 100.496730034185276, 17.469673928716496 ], [ 100.497221248017397, 17.470296956977492 ] ] ] ] } },
{ "type": "Feature", "properties": { "OBJECTID_1": null, "TARGET_FID": "74", "NAME_DNP": "ต้นสักใหญ่", "CODE_DNP": 1103, "APAR_CODE": "11031002310021WBN08", "APAR_NO": "10023", "NUM_APAR": "10021", "SPAR_CODE": "11030000100074WBN08", "SPAR_NO": "00001", "NUM_SPAR": "00074", "PAR_BAN": "วังเบน", "BAN_E": "WBN", "PAR_MOO": "08", "PAR_TAM": "บ่อทอง", "PAR_AMP": "ทองแสนขัน", "PAR_PROV": "อุตรดิตถ์", "NAME_TITLE": "นาง", "SURNAME": "บัวทอง", "IDCARD": "3530900117559", "HOME_NO": "66/1", "HOME_BAN": "โคกงาม", "HOME_MOO": "15", "HOME_TAM": "ผักขวง", "HOME_AMP": "ทองแสนขัน", "HOME_PROV": "อุตรดิตถ์", "REMARK": "ไม่ล่อแหลม", "BAN_TYPE": 2, "YEAR": "2562", "NAME_DNP_T": "อุทยานแห่งชาติ", "E": 659118.0, "N": 1932235.0, "NAME": "แวน", "PERIMETER": 656.01911019027, "AREA_RAI": 8.6340976255499999, "RAI": 8.0, "NGAN": 2.0, "WA_SQ": 54.0, "OBJECTID": null, "Area": null, "MUBAN": null, "TAMBOL": null, "HOME_BAN_E": null, "TAM_CODE": null, "TAM_NAM_T": null, "AMPHOE_T": null, "AMPHOE_E": null, "PROV_CODE": null, "PROV_NAM_T": null, "PROV_NAM_E": null, "NAME_EN": null, "TAM_NAM_E": null, "Plot_No1": null, "Shape_Le_1": null, "TARGET_F_1": null, "Shape_Leng": null, "Shape_Area": null, "Cal_Rai": null, "layer": "AP1103WBN08", "path": "/Users/ponteerasingto/project11/อุทยานแห่งชาติต้นสักใหญ่/ส่งกรม/Shapefile/1.SHAPEFILE/บ้านวังเบน/AP1103WBN08.shp" }, "geometry": { "type": "MultiPolygon", "coordinates": [ [ [ [ 100.497446369287033, 17.470260142526403 ], [ 100.497221248017397, 17.470296956977492 ], [ 100.497345354311804, 17.470560038455794 ], [ 100.498009260690992, 17.470877812016781 ], [ 100.499218009707576, 17.470900030475811 ], [ 100.499664521229306, 17.470701494008818 ], [ 100.499395621734763, 17.470420254218336 ], [ 100.498916747314013, 17.470366034711365 ], [ 100.498974223795372, 17.470097612330395 ], [ 100.498714628567228, 17.470007028911411 ], [ 100.498387243189086, 17.470012040309694 ], [ 100.498448337625248, 17.470360002221369 ], [ 100.497801427747561, 17.47046051459478 ], [ 100.497446369287033, 17.470260142526403 ] ] ] ] } },
{ "type": "Feature", "properties": { "OBJECTID_1": null, "TARGET_FID": "49", "NAME_DNP": "ต้นสักใหญ่", "CODE_DNP": 1103, "APAR_CODE": "11031002010001WBN08", "APAR_NO": "10020", "NUM_APAR": "10001", "SPAR_CODE": "11030000100049WBN08", "SPAR_NO": "00001", "NUM_SPAR": "00049", "PAR_BAN": "วังเบน", "BAN_E": "WBN", "PAR_MOO": "08", "PAR_TAM": "บ่อทอง", "PAR_AMP": "ทองแสนขัน", "PAR_PROV": "อุตรดิตถ์", "NAME_TITLE": "นาง", "SURNAME": "ฟันอ้น", "IDCARD": "3530900118555", "HOME_NO": "41", "HOME_BAN": "โคกงาม", "HOME_MOO": "15", "HOME_TAM": "ผักขวง", "HOME_AMP": "ทองแสนขัน", "HOME_PROV": "อุตรดิตถ์", "REMARK": "ไม่ล่อแหลม", "BAN_TYPE": 2, "YEAR": "2562", "NAME_DNP_T": "อุทยานแห่งชาติ", "E": 659410.0, "N": 1932180.0, "NAME": "เพียร", "PERIMETER": 688.67934523878, "AREA_RAI": 11.483511747, "RAI": 11.0, "NGAN": 1.0, "WA_SQ": 93.0, "OBJECTID": null, "Area": null, "MUBAN": null, "TAMBOL": null, "HOME_BAN_E": null, "TAM_CODE": null, "TAM_NAM_T": null, "AMPHOE_T": null, "AMPHOE_E": null, "PROV_CODE": null, "PROV_NAM_T": null, "PROV_NAM_E": null, "NAME_EN": null, "TAM_NAM_E": null, "Plot_No1": null, "Shape_Le_1": null, "TARGET_F_1": null, "Shape_Leng": null, "Shape_Area": null, "Cal_Rai": null, "layer": "AP1103WBN08", "path": "/Users/ponteerasingto/project11/อุทยานแห่งชาติต้นสักใหญ่/ส่งกรม/Shapefile/1.SHAPEFILE/บ้านวังเบน/AP1103WBN08.shp" }, "geometry": { "type": "MultiPolygon", "coordinates": [ [ [ [ 100.501556295401969, 17.470381536315148 ], [ 100.502179665171994, 17.470045950172054 ], [ 100.502555046291363, 17.469913805311151 ], [ 100.502573203742472, 17.469810819922731 ], [ 100.502273485563563, 17.469717448146223 ], [ 100.502112564761589, 17.469536953142768 ], [ 100.501850417096563, 17.469229338979783 ], [ 100.501406042546122, 17.469639966845342 ], [ 100.50117819324096, 17.469804270529892 ], [ 100.500809782977726, 17.46984052420239 ], [ 100.500710948407487, 17.469984781184319 ], [ 100.500246451222608, 17.469999273438631 ], [ 100.499825455122817, 17.470250079894473 ], [ 100.500168665047156, 17.470544139166812 ], [ 100.500421988594169, 17.47050799882653 ], [ 100.500592721525635, 17.47054854531083 ], [ 100.501556295401969, 17.470381536315148 ] ] ] ] } },
{ "type": "Feature", "properties": { "OBJECTID_1": null, "TARGET_FID": "41", "NAME_DNP": "ต้นสักใหญ่", "CODE_DNP": 1103, "APAR_CODE": "11031001710001WBN08", "APAR_NO": "10017", "NUM_APAR": "10001", "SPAR_CODE": "11030000100041WBN08", "SPAR_NO": "00001", "NUM_SPAR": "00041", "PAR_BAN": "วังเบน", "BAN_E": "WBN", "PAR_MOO": "08", "PAR_TAM": "บ่อทอง", "PAR_AMP": "ทองแสนขัน", "PAR_PROV": "อุตรดิตถ์", "NAME_TITLE": "นาง", "SURNAME": "พิมพ์อูบ", "IDCARD": "3530900117541", "HOME_NO": "11/1", "HOME_BAN": "โคกงาม", "HOME_MOO": "15", "HOME_TAM": "ผักขวง", "HOME_AMP": "ทองแสนขัน", "HOME_PROV": "อุตรดิตถ์", "REMARK": "ไม่ล่อแหลม", "BAN_TYPE": 2, "YEAR": "2562", "NAME_DNP_T": "อุทยานแห่งชาติ", "E": 659757.0, "N": 1932568.0, "NAME": "แหวน", "PERIMETER": 1063.6311487468199, "AREA_RAI": 31.427029953400002, "RAI": 31.0, "NGAN": 1.0, "WA_SQ": 71.0, "OBJECTID": null, "Area": null, "MUBAN": null, "TAMBOL": null, "HOME_BAN_E": null, "TAM_CODE": null, "TAM_NAM_T": null, "AMPHOE_T": null, "AMPHOE_E": null, "PROV_CODE": null, "PROV_NAM_T": null, "PROV_NAM_E": null, "NAME_EN": null, "TAM_NAM_E": null, "Plot_No1": null, "Shape_Le_1": null, "TARGET_F_1": null, "Shape_Leng": null, "Shape_Area": null, "Cal_Rai": null, "layer": "AP1103WBN08", "path": "/Users/ponteerasingto/project11/อุทยานแห่งชาติต้นสักใหญ่/ส่งกรม/Shapefile/1.SHAPEFILE/บ้านวังเบน/AP1103WBN08.shp" }, "geometry": { "type": "MultiPolygon", "coordinates": [ [ [ [ 100.506201758562668, 17.473688416153706 ], [ 100.505647402273098, 17.472671673488303 ], [ 100.505444462705384, 17.472860658738099 ], [ 100.505254348904145, 17.472766460962418 ], [ 100.505133123150529, 17.472566541507419 ], [ 100.504804998999006, 17.472655098752764 ], [ 100.504300497846813, 17.473108411521629 ], [ 100.504020938624535, 17.473043580451591 ], [ 100.503526266621293, 17.472408523809502 ], [ 100.503235587553547, 17.472378910130299 ], [ 100.502993553339294, 17.472639065223067 ], [ 100.502937593434908, 17.472766552522859 ], [ 100.502956107739351, 17.473090950851716 ], [ 100.50364782065553, 17.473891994462367 ], [ 100.5038481814194, 17.474269106604318 ], [ 100.504181336949472, 17.474516750609151 ], [ 100.504497965040756, 17.474896362670442 ], [ 100.505292560342994, 17.47407055029425 ], [ 100.50560249820704, 17.474064822364088 ], [ 100.505791731278435, 17.473945067844234 ], [ 100.506070468392508, 17.47400042640421 ], [ 100.506201758562668, 17.473688416153706 ] ] ] ] } },
{ "type": "Feature", "properties": { "OBJECTID_1": null, "TARGET_FID": "37", "NAME_DNP": "ต้นสักใหญ่", "CODE_DNP": 1103, "APAR_CODE": "11031001510001WBN08", "APAR_NO": "10015", "NUM_APAR": "10001", "SPAR_CODE": "11030000100037WBN08", "SPAR_NO": "00001", "NUM_SPAR": "00037", "PAR_BAN": "วังเบน", "BAN_E": "WBN", "PAR_MOO": "08", "PAR_TAM": "บ่อทอง", "PAR_AMP": "ทองแสนขัน", "PAR_PROV": "อุตรดิตถ์", "NAME_TITLE": "นาง", "SURNAME": "บัวทอง", "IDCARD": "3530900117559", "HOME_NO": "66/1", "HOME_BAN": "โคกงาม", "HOME_MOO": "15", "HOME_TAM": "ผักขวง", "HOME_AMP": "ทองแสนขัน", "HOME_PROV": "อุตรดิตถ์", "REMARK": "ไม่ล่อแหลม", "BAN_TYPE": 2, "YEAR": "2562", "NAME_DNP_T": "อุทยานแห่งชาติ", "E": 660078.0, "N": 1932708.0, "NAME": "แวน", "PERIMETER": 304.07531622943998, "AREA_RAI": 3.09583981349, "RAI": 3.0, "NGAN": 0.0, "WA_SQ": 38.0, "OBJECTID": null, "Area": null, "MUBAN": null, "TAMBOL": null, "HOME_BAN_E": null, "TAM_CODE": null, "TAM_NAM_T": null, "AMPHOE_T": null, "AMPHOE_E": null, "PROV_CODE": null, "PROV_NAM_T": null, "PROV_NAM_E": null, "NAME_EN": null, "TAM_NAM_E": null, "Plot_No1": null, "Shape_Le_1": null, "TARGET_F_1": null, "Shape_Leng": null, "Shape_Area": null, "Cal_Rai": null, "layer": "AP1103WBN08", "path": "/Users/ponteerasingto/project11/อุทยานแห่งชาติต้นสักใหญ่/ส่งกรม/Shapefile/1.SHAPEFILE/บ้านวังเบน/AP1103WBN08.shp" }, "geometry": { "type": "MultiPolygon", "coordinates": [ [ [ [ 100.507794362704686, 17.474564705785657 ], [ 100.507645405222988, 17.474314427333955 ], [ 100.50732710416797, 17.474473950181789 ], [ 100.507190019659532, 17.474769073232927 ], [ 100.507179906044939, 17.475053669785741 ], [ 100.508191204303301, 17.474931135951785 ], [ 100.507794362704686, 17.474564705785657 ] ] ] ] } },
{ "type": "Feature", "properties": { "OBJECTID_1": null, "TARGET_FID": "40", "NAME_DNP": "ต้นสักใหญ่", "CODE_DNP": 1103, "APAR_CODE": "11031001610001WBN08", "APAR_NO": "10016", "NUM_APAR": "10001", "SPAR_CODE": "11030000100040WBN08", "SPAR_NO": "00001", "NUM_SPAR": "00040", "PAR_BAN": "วังเบน", "BAN_E": "WBN", "PAR_MOO": "08", "PAR_TAM": "บ่อทอง", "PAR_AMP": "ทองแสนขัน", "PAR_PROV": "อุตรดิตถ์", "NAME_TITLE": "นาง", "SURNAME": "มาสุ", "IDCARD": "3530900112123", "HOME_NO": "129/1", "HOME_BAN": "วังตะเคียน", "HOME_MOO": "8", "HOME_TAM": "ผักขวง", "HOME_AMP": "ทองแสนขัน", "HOME_PROV": "อุตรดิตถ์", "REMARK": "ไม่ล่อแหลม", "BAN_TYPE": 2, "YEAR": "2562", "NAME_DNP_T": "อุทยานแห่งชาติ", "E": 660017.0, "N": 1932380.0, "NAME": "เลี่ยม", "PERIMETER": 1016.60731514393, "AREA_RAI": 21.263487459819999, "RAI": 21.0, "NGAN": 1.0, "WA_SQ": 5.0, "OBJECTID": null, "Area": null, "MUBAN": null, "TAMBOL": null, "HOME_BAN_E": null, "TAM_CODE": null, "TAM_NAM_T": null, "AMPHOE_T": null, "AMPHOE_E": null, "PROV_CODE": null, "PROV_NAM_T": null, "PROV_NAM_E": null, "NAME_EN": null, "TAM_NAM_E": null, "Plot_No1": null, "Shape_Le_1": null, "TARGET_F_1": null, "Shape_Leng": null, "Shape_Area": null, "Cal_Rai": null, "layer": "AP1103WBN08", "path": "/Users/ponteerasingto/project11/อุทยานแห่งชาติต้นสักใหญ่/ส่งกรม/Shapefile/1.SHAPEFILE/บ้านวังเบน/AP1103WBN08.shp" }, "geometry": { "type": "MultiPolygon", "coordinates": [ [ [ [ 100.506481756058136, 17.470686009132809 ], [ 100.505910777030252, 17.470859365099461 ], [ 100.505715815764702, 17.470476797631864 ], [ 100.505509164534843, 17.470639286855949 ], [ 100.505430503386819, 17.470902612580471 ], [ 100.505669203229388, 17.471253344910306 ], [ 100.506023322041571, 17.471480543710626 ], [ 100.506552074243999, 17.471997401304158 ], [ 100.506541451811913, 17.472375858384268 ], [ 100.506712302646932, 17.472590922105972 ], [ 100.506944257351918, 17.472421989356672 ], [ 100.507550277443784, 17.472544001820079 ], [ 100.507657950699468, 17.47278658854793 ], [ 100.507897523364292, 17.47279153264374 ], [ 100.508125512765361, 17.4731008183923 ], [ 100.508353980696654, 17.472967582682021 ], [ 100.508565141060402, 17.472623694566085 ], [ 100.508246927690919, 17.472018104999872 ], [ 100.507867494331975, 17.472139304389433 ], [ 100.507612894667005, 17.471806555794384 ], [ 100.50728661782658, 17.47153858169721 ], [ 100.506981678826392, 17.471081131492795 ], [ 100.506481756058136, 17.470686009132809 ] ] ] ] } },
{ "type": "Feature", "properties": { "OBJECTID_1": null, "TARGET_FID": "38", "NAME_DNP": "ต้นสักใหญ่", "CODE_DNP": 1103, "APAR_CODE": "11031001510002WBN08", "APAR_NO": "10015", "NUM_APAR": "10002", "SPAR_CODE": "11030000100038WBN08", "SPAR_NO": "00001", "NUM_SPAR": "00038", "PAR_BAN": "วังเบน", "BAN_E": "WBN", "PAR_MOO": "08", "PAR_TAM": "บ่อทอง", "PAR_AMP": "ทองแสนขัน", "PAR_PROV": "อุตรดิตถ์", "NAME_TITLE": "นาง", "SURNAME": "พลบุญ", "IDCARD": "3530900118423", "HOME_NO": "191", "HOME_BAN": "โคกงาม", "HOME_MOO": "15", "HOME_TAM": "ผักขวง", "HOME_AMP": "ทองแสนขัน", "HOME_PROV": "อุตรดิตถ์", "REMARK": "ไม่ล่อแหลม", "BAN_TYPE": 2, "YEAR": "2562", "NAME_DNP_T": "อุทยานแห่งชาติ", "E": 660219.0, "N": 1932752.0, "NAME": "ปิ่น", "PERIMETER": 406.16287014598998, "AREA_RAI": 4.9390162587299997, "RAI": 4.0, "NGAN": 3.0, "WA_SQ": 76.0, "OBJECTID": null, "Area": null, "MUBAN": null, "TAMBOL": null, "HOME_BAN_E": null, "TAM_CODE": null, "TAM_NAM_T": null, "AMPHOE_T": null, "AMPHOE_E": null, "PROV_CODE": null, "PROV_NAM_T": null, "PROV_NAM_E": null, "NAME_EN": null, "TAM_NAM_E": null, "Plot_No1": null, "Shape_Le_1": null, "TARGET_F_1": null, "Shape_Leng": null, "Shape_Area": null, "Cal_Rai": null, "layer": "AP1103WBN08", "path": "/Users/ponteerasingto/project11/อุทยานแห่งชาติต้นสักใหญ่/ส่งกรม/Shapefile/1.SHAPEFILE/บ้านวังเบน/AP1103WBN08.shp" }, "geometry": { "type": "MultiPolygon", "coordinates": [ [ [ [ 100.509543204127809, 17.475598615567041 ], [ 100.508888828962156, 17.474491692728702 ], [ 100.508526536914246, 17.474719905991424 ], [ 100.508445642641007, 17.475146211418931 ], [ 100.508657688850619, 17.475251293205975 ], [ 100.50884130997332, 17.475766338476763 ], [ 100.50922776661109, 17.475500403072381 ], [ 100.509543204127809, 17.475598615567041 ] ] ] ] } },
{ "type": "Feature", "properties": { "OBJECTID_1": null, "TARGET_FID": "51", "NAME_DNP": "ต้นสักใหญ่", "CODE_DNP": 1103, "APAR_CODE": "11031002010003WBN08", "APAR_NO": "10020", "NUM_APAR": "10003", "SPAR_CODE": "11030000100051WBN08", "SPAR_NO": "00001", "NUM_SPAR": "00051", "PAR_BAN": "วังเบน", "BAN_E": "WBN", "PAR_MOO": "08", "PAR_TAM": "บ่อทอง", "PAR_AMP": "ทองแสนขัน", "PAR_PROV": "อุตรดิตถ์", "NAME_TITLE": "นาย", "SURNAME": "พลบุญ", "IDCARD": "3530900118661", "HOME_NO": "187", "HOME_BAN": "โคกงาม", "HOME_MOO": "15", "HOME_TAM": "ผักขวง", "HOME_AMP": "ทองแสนขัน", "HOME_PROV": "อุตรดิตถ์", "REMARK": "ไม่ล่อแหลม", "BAN_TYPE": 2, "YEAR": "2562", "NAME_DNP_T": "อุทยานแห่งชาติ", "E": 659632.0, "N": 1932073.0, "NAME": "คาร", "PERIMETER": 640.19926593954006, "AREA_RAI": 12.899872981270001, "RAI": 12.0, "NGAN": 3.0, "WA_SQ": 30.0, "OBJECTID": null, "Area": null, "MUBAN": null, "TAMBOL": null, "HOME_BAN_E": null, "TAM_CODE": null, "TAM_NAM_T": null, "AMPHOE_T": null, "AMPHOE_E": null, "PROV_CODE": null, "PROV_NAM_T": null, "PROV_NAM_E": null, "NAME_EN": null, "TAM_NAM_E": null, "Plot_No1": null, "Shape_Le_1": null, "TARGET_F_1": null, "Shape_Leng": null, "Shape_Area": null, "Cal_Rai": null, "layer": "AP1103WBN08", "path": "/Users/ponteerasingto/project11/อุทยานแห่งชาติต้นสักใหญ่/ส่งกรม/Shapefile/1.SHAPEFILE/บ้านวังเบน/AP1103WBN08.shp" }, "geometry": { "type": "MultiPolygon", "coordinates": [ [ [ [ 100.50415844836229, 17.469004130137961 ], [ 100.504137011569725, 17.46880652679306 ], [ 100.504387031743278, 17.468461596634285 ], [ 100.504146290092052, 17.468409445363321 ], [ 100.504009430214012, 17.468712412318652 ], [ 100.503845530579525, 17.46853870559179 ], [ 100.503511257563559, 17.468452974187809 ], [ 100.502821069285204, 17.468424247929171 ], [ 100.502758223220695, 17.468659033763725 ], [ 100.502451053405636, 17.468871757028957 ], [ 100.502529815524539, 17.469380780625347 ], [ 100.502819568211834, 17.469474228275924 ], [ 100.50300553688632, 17.469809644073248 ], [ 100.503999886518883, 17.469499234613579 ], [ 100.504065846491358, 17.469309085303557 ], [ 100.50400172769092, 17.469222097127808 ], [ 100.50415844836229, 17.469004130137961 ] ] ] ] } },
{ "type": "Feature", "properties": { "OBJECTID_1": null, "TARGET_FID": "130", "NAME_DNP": "ต้นสักใหญ่", "CODE_DNP": 1103, "APAR_CODE": "11031004110003WBN08", "APAR_NO": "10041", "NUM_APAR": "10003", "SPAR_CODE": "11030000100130WBN08", "SPAR_NO": "00001", "NUM_SPAR": "00130", "PAR_BAN": "วังเบน", "BAN_E": "WBN", "PAR_MOO": "08", "PAR_TAM": "บ่อทอง", "PAR_AMP": "ทองแสนขัน", "PAR_PROV": "อุตรดิตถ์", "NAME_TITLE": "นาย", "SURNAME": "มีกันหา", "IDCARD": "3530900142260", "HOME_NO": "63", "HOME_BAN": "วังเบน", "HOME_MOO": "8", "HOME_TAM": "ผักขวง", "HOME_AMP": "ทองแสนขัน", "HOME_PROV": "อุตรดิตถ์", "REMARK": "ไม่ล่อแหลม", "BAN_TYPE": 2, "YEAR": "2562", "NAME_DNP_T": "อุทยานแห่งชาติ", "E": 656123.0, "N": 1930234.0, "NAME": "ชำนาญ", "PERIMETER": 450.91792860035002, "AREA_RAI": 5.08310936121, "RAI": 5.0, "NGAN": 0.0, "WA_SQ": 33.0, "OBJECTID": null, "Area": null, "MUBAN": null, "TAMBOL": null, "HOME_BAN_E": null, "TAM_CODE": null, "TAM_NAM_T": null, "AMPHOE_T": null, "AMPHOE_E": null, "PROV_CODE": null, "PROV_NAM_T": null, "PROV_NAM_E": null, "NAME_EN": null, "TAM_NAM_E": null, "Plot_No1": null, "Shape_Le_1": null, "TARGET_F_1": null, "Shape_Leng": null, "Shape_Area": null, "Cal_Rai": null, "layer": "AP1103WBN08", "path": "/Users/ponteerasingto/project11/อุทยานแห่งชาติต้นสักใหญ่/ส่งกรม/Shapefile/1.SHAPEFILE/บ้านวังเบน/AP1103WBN08.shp" }, "geometry": { "type": "MultiPolygon", "coordinates": [ [ [ [ 100.470313628764757, 17.453319751951081 ], [ 100.47043048458184, 17.453176548928703 ], [ 100.47037367091464, 17.451613279619188 ], [ 100.470199710226666, 17.451783584372379 ], [ 100.469753405049545, 17.453231943296817 ], [ 100.470003498096474, 17.453370737464603 ], [ 100.470313628764757, 17.453319751951081 ] ] ] ] } },
{ "type": "Feature", "properties": { "OBJECTID_1": null, "TARGET_FID": "131", "NAME_DNP": "ต้นสักใหญ่", "CODE_DNP": 1103, "APAR_CODE": "11031004110004WBN08", "APAR_NO": "10041", "NUM_APAR": "10004", "SPAR_CODE": "11030000100131WBN08", "SPAR_NO": "00001", "NUM_SPAR": "00131", "PAR_BAN": "วังเบน", "BAN_E": "WBN", "PAR_MOO": "08", "PAR_TAM": "บ่อทอง", "PAR_AMP": "ทองแสนขัน", "PAR_PROV": "อุตรดิตถ์", "NAME_TITLE": "นาย", "SURNAME": "มีกันหา", "IDCARD": "3530900142260", "HOME_NO": "63", "HOME_BAN": "วังเบน", "HOME_MOO": "8", "HOME_TAM": "ผักขวง", "HOME_AMP": "ทองแสนขัน", "HOME_PROV": "อุตรดิตถ์", "REMARK": "ไม่ล่อแหลม", "BAN_TYPE": 2, "YEAR": "2562", "NAME_DNP_T": "อุทยานแห่งชาติ", "E": 656029.0, "N": 1930167.0, "NAME": "ชำนาญ", "PERIMETER": 388.97652222712998, "AREA_RAI": 6.1120602780400004, "RAI": 6.0, "NGAN": 0.0, "WA_SQ": 45.0, "OBJECTID": null, "Area": null, "MUBAN": null, "TAMBOL": null, "HOME_BAN_E": null, "TAM_CODE": null, "TAM_NAM_T": null, "AMPHOE_T": null, "AMPHOE_E": null, "PROV_CODE": null, "PROV_NAM_T": null, "PROV_NAM_E": null, "NAME_EN": null, "TAM_NAM_E": null, "Plot_No1": null, "Shape_Le_1": null, "TARGET_F_1": null, "Shape_Leng": null, "Shape_Area": null, "Cal_Rai": null, "layer": "AP1103WBN08", "path": "/Users/ponteerasingto/project11/อุทยานแห่งชาติต้นสักใหญ่/ส่งกรม/Shapefile/1.SHAPEFILE/บ้านวังเบน/AP1103WBN08.shp" }, "geometry": { "type": "MultiPolygon", "coordinates": [ [ [ [ 100.468724360110158, 17.451799600657427 ], [ 100.468972354803896, 17.45253365771935 ], [ 100.469388402658907, 17.452756504136946 ], [ 100.469851665640007, 17.451822302142883 ], [ 100.469344970573772, 17.451499283658045 ], [ 100.469236578326871, 17.451555716520343 ], [ 100.468724360110158, 17.451799600657427 ] ] ] ] } },
{ "type": "Feature", "properties": { "OBJECTID_1": null, "TARGET_FID": "103", "NAME_DNP": "ต้นสักใหญ่", "CODE_DNP": 1103, "APAR_CODE": "11031003310008WBN08", "APAR_NO": "10033", "NUM_APAR": "10008", "SPAR_CODE": "11030000100103WBN08", "SPAR_NO": "00001", "NUM_SPAR": "00103", "PAR_BAN": "วังเบน", "BAN_E": "WBN", "PAR_MOO": "08", "PAR_TAM": "บ่อทอง", "PAR_AMP": "ทองแสนขัน", "PAR_PROV": "อุตรดิตถ์", "NAME_TITLE": "นาย", "SURNAME": "พาสุวรรณ", "IDCARD": "3530900140275", "HOME_NO": "12/1", "HOME_BAN": "วังเบน", "HOME_MOO": "8", "HOME_TAM": "บ่อทอง", "HOME_AMP": "ทองแสนขัน", "HOME_PROV": "อุตรดิตถ์", "REMARK": "ไม่ล่อแหลม", "BAN_TYPE": 2, "YEAR": "2562", "NAME_DNP_T": "อุทยานแห่งชาติ", "E": 655932.0, "N": 1931258.0, "NAME": "บุญเทียง", "PERIMETER": 481.75843000432002, "AREA_RAI": 4.2870152775600001, "RAI": 4.0, "NGAN": 1.0, "WA_SQ": 15.0, "OBJECTID": null, "Area": null, "MUBAN": null, "TAMBOL": null, "HOME_BAN_E": null, "TAM_CODE": null, "TAM_NAM_T": null, "AMPHOE_T": null, "AMPHOE_E": null, "PROV_CODE": null, "PROV_NAM_T": null, "PROV_NAM_E": null, "NAME_EN": null, "TAM_NAM_E": null, "Plot_No1": null, "Shape_Le_1": null, "TARGET_F_1": null, "Shape_Leng": null, "Shape_Area": null, "Cal_Rai": null, "layer": "AP1103WBN08", "path": "/Users/ponteerasingto/project11/อุทยานแห่งชาติต้นสักใหญ่/ส่งกรม/Shapefile/1.SHAPEFILE/บ้านวังเบน/AP1103WBN08.shp" }, "geometry": { "type": "MultiPolygon", "coordinates": [ [ [ [ 100.468381836177343, 17.46283639283147 ], [ 100.468437827178278, 17.462362569284657 ], [ 100.468543795371531, 17.462306684817001 ], [ 100.468706407386733, 17.462220926407078 ], [ 100.468663399994199, 17.460976228091436 ], [ 100.46848983402505, 17.461033912885448 ], [ 100.4683235133012, 17.461558376570341 ], [ 100.468357429413786, 17.462060227884361 ], [ 100.467956983309165, 17.462450519585712 ], [ 100.468381836177343, 17.46283639283147 ] ] ] ] } },
{ "type": "Feature", "properties": { "OBJECTID_1": null, "TARGET_FID": "86", "NAME_DNP": "ต้นสักใหญ่", "CODE_DNP": 1103, "APAR_CODE": "11031002810005WBN08", "APAR_NO": "10028", "NUM_APAR": "10005", "SPAR_CODE": "11030000100086WBN08", "SPAR_NO": "00001", "NUM_SPAR": "00086", "PAR_BAN": "วังเบน", "BAN_E": "WBN", "PAR_MOO": "08", "PAR_TAM": "บ่อทอง", "PAR_AMP": "ทองแสนขัน", "PAR_PROV": "อุตรดิตถ์", "NAME_TITLE": "นาย", "SURNAME": "สุริยะเลิศ", "IDCARD": "3530900116901", "HOME_NO": "87/1", "HOME_BAN": "วังโป่ง", "HOME_MOO": "4", "HOME_TAM": "ผักขวง", "HOME_AMP": "ทองแสนขัน", "HOME_PROV": "อุตรดิตถ์", "REMARK": "ไม่ล่อแหลม", "BAN_TYPE": 2, "YEAR": "2562", "NAME_DNP_T": "อุทยานแห่งชาติ", "E": 657571.0, "N": 1931930.0, "NAME": "ดาวรุ่ง", "PERIMETER": 373.02966803676998, "AREA_RAI": 2.1855315501399999, "RAI": 2.0, "NGAN": 0.0, "WA_SQ": 74.0, "OBJECTID": null, "Area": null, "MUBAN": null, "TAMBOL": null, "HOME_BAN_E": null, "TAM_CODE": null, "TAM_NAM_T": null, "AMPHOE_T": null, "AMPHOE_E": null, "PROV_CODE": null, "PROV_NAM_T": null, "PROV_NAM_E": null, "NAME_EN": null, "TAM_NAM_E": null, "Plot_No1": null, "Shape_Le_1": null, "TARGET_F_1": null, "Shape_Leng": null, "Shape_Area": null, "Cal_Rai": null, "layer": "AP1103WBN08", "path": "/Users/ponteerasingto/project11/อุทยานแห่งชาติต้นสักใหญ่/ส่งกรม/Shapefile/1.SHAPEFILE/บ้านวังเบน/AP1103WBN08.shp" }, "geometry": { "type": "MultiPolygon", "coordinates": [ [ [ [ 100.484427214035918, 17.467971322279386 ], [ 100.483215948666938, 17.467492123902272 ], [ 100.483132163390778, 17.467610225047284 ], [ 100.484096247091003, 17.468063901549062 ], [ 100.484059391739606, 17.468163579519903 ], [ 100.484550081636698, 17.46829546683162 ], [ 100.484427214035918, 17.467971322279386 ] ] ] ] } },
{ "type": "Feature", "properties": { "OBJECTID_1": null, "TARGET_FID": "84", "NAME_DNP": "ต้นสักใหญ่", "CODE_DNP": 1103, "APAR_CODE": "11031002810003WBN08", "APAR_NO": "10028", "NUM_APAR": "10003", "SPAR_CODE": "11030000100084WBN08", "SPAR_NO": "00001", "NUM_SPAR": "00084", "PAR_BAN": "วังเบน", "BAN_E": "WBN", "PAR_MOO": "08", "PAR_TAM": "บ่อทอง", "PAR_AMP": "ทองแสนขัน", "PAR_PROV": "อุตรดิตถ์", "NAME_TITLE": "นาง", "SURNAME": "คำยะอุ่น", "IDCARD": "3530900118679", "HOME_NO": "48/1", "HOME_BAN": "โคกงาม", "HOME_MOO": "15", "HOME_TAM": "ผักขวง", "HOME_AMP": "ทองแสนขัน", "HOME_PROV": "อุตรดิตถ์", "REMARK": "ไม่ล่อแหลม", "BAN_TYPE": 2, "YEAR": "2562", "NAME_DNP_T": "อุทยานแห่งชาติ", "E": 657699.0, "N": 1932078.0, "NAME": "ทองใบ", "PERIMETER": 697.99510975697001, "AREA_RAI": 17.196811276119998, "RAI": 17.0, "NGAN": 0.0, "WA_SQ": 79.0, "OBJECTID": null, "Area": null, "MUBAN": null, "TAMBOL": null, "HOME_BAN_E": null, "TAM_CODE": null, "TAM_NAM_T": null, "AMPHOE_T": null, "AMPHOE_E": null, "PROV_CODE": null, "PROV_NAM_T": null, "PROV_NAM_E": null, "NAME_EN": null, "TAM_NAM_E": null, "Plot_No1": null, "Shape_Le_1": null, "TARGET_F_1": null, "Shape_Leng": null, "Shape_Area": null, "Cal_Rai": null, "layer": "AP1103WBN08", "path": "/Users/ponteerasingto/project11/อุทยานแห่งชาติต้นสักใหญ่/ส่งกรม/Shapefile/1.SHAPEFILE/บ้านวังเบน/AP1103WBN08.shp" }, "geometry": { "type": "MultiPolygon", "coordinates": [ [ [ [ 100.485816601870724, 17.470048152957318 ], [ 100.486223029670271, 17.469078195277618 ], [ 100.485569246792835, 17.468526955366556 ], [ 100.484240246127925, 17.468641148990574 ], [ 100.483882812588149, 17.469392755961739 ], [ 100.484096654504711, 17.46935825329286 ], [ 100.484827319849458, 17.469754476810824 ], [ 100.484868263128419, 17.46988806395856 ], [ 100.485348189353033, 17.470085317989028 ], [ 100.485535421215374, 17.469825697695477 ], [ 100.485816601870724, 17.470048152957318 ] ] ] ] } },
{ "type": "Feature", "properties": { "OBJECTID_1": null, "TARGET_FID": "85", "NAME_DNP": "ต้นสักใหญ่", "CODE_DNP": 1103, "APAR_CODE": "11031002810004WBN08", "APAR_NO": "10028", "NUM_APAR": "10004", "SPAR_CODE": "11030000100085WBN08", "SPAR_NO": "00001", "NUM_SPAR": "00085", "PAR_BAN": "วังเบน", "BAN_E": "WBN", "PAR_MOO": "08", "PAR_TAM": "บ่อทอง", "PAR_AMP": "ทองแสนขัน", "PAR_PROV": "อุตรดิตถ์", "NAME_TITLE": "นาย", "SURNAME": "สุริยะเลิศ", "IDCARD": "3530900116901", "HOME_NO": "87/1", "HOME_BAN": "วังโป่ง", "HOME_MOO": "4", "HOME_TAM": "ผักขวง", "HOME_AMP": "ทองแสนขัน", "HOME_PROV": "อุตรดิตถ์", "REMARK": "ไม่ล่อแหลม", "BAN_TYPE": 2, "YEAR": "2562", "NAME_DNP_T": "อุทยานแห่งชาติ", "E": 657859.0, "N": 1932203.0, "NAME": "ดาวรุ่ง", "PERIMETER": 893.71435585230995, "AREA_RAI": 12.27943068505, "RAI": 12.0, "NGAN": 1.0, "WA_SQ": 12.0, "OBJECTID": null, "Area": null, "MUBAN": null, "TAMBOL": null, "HOME_BAN_E": null, "TAM_CODE": null, "TAM_NAM_T": null, "AMPHOE_T": null, "AMPHOE_E": null, "PROV_CODE": null, "PROV_NAM_T": null, "PROV_NAM_E": null, "NAME_EN": null, "TAM_NAM_E": null, "Plot_No1": null, "Shape_Le_1": null, "TARGET_F_1": null, "Shape_Leng": null, "Shape_Area": null, "Cal_Rai": null, "layer": "AP1103WBN08", "path": "/Users/ponteerasingto/project11/อุทยานแห่งชาติต้นสักใหญ่/ส่งกรม/Shapefile/1.SHAPEFILE/บ้านวังเบน/AP1103WBN08.shp" }, "geometry": { "type": "MultiPolygon", "coordinates": [ [ [ [ 100.486223029670271, 17.469078195277618 ], [ 100.485816601870724, 17.470048152957318 ], [ 100.486468331768549, 17.470583826456522 ], [ 100.487154853320845, 17.471678525926201 ], [ 100.486999875428182, 17.471982184921924 ], [ 100.48727328942185, 17.472025322683233 ], [ 100.487591773936813, 17.471288039542802 ], [ 100.487471351259316, 17.471098780283643 ], [ 100.487180630579729, 17.471171453196028 ], [ 100.48692701176472, 17.47061865120887 ], [ 100.48659657572172, 17.469758987921374 ], [ 100.486937866643984, 17.469807187722747 ], [ 100.486734967613458, 17.469233110450311 ], [ 100.486416296094944, 17.469030119832205 ], [ 100.486223029670271, 17.469078195277618 ] ] ] ] } },
{ "type": "Feature", "properties": { "OBJECTID_1": null, "TARGET_FID": "87", "NAME_DNP": "ต้นสักใหญ่", "CODE_DNP": 1103, "APAR_CODE": "11031002810006WBN08", "APAR_NO": "10028", "NUM_APAR": "10006", "SPAR_CODE": "11030000100087WBN08", "SPAR_NO": "00001", "NUM_SPAR": "00087", "PAR_BAN": "วังเบน", "BAN_E": "WBN", "PAR_MOO": "08", "PAR_TAM": "บ่อทอง", "PAR_AMP": "ทองแสนขัน", "PAR_PROV": "อุตรดิตถ์", "NAME_TITLE": "นาง", "SURNAME": "สุริยะเลิศ", "IDCARD": "3530900139447", "HOME_NO": "167", "HOME_BAN": "โคกงาม", "HOME_MOO": "9", "HOME_TAM": "ผักขวง", "HOME_AMP": "ทองแสนขัน", "HOME_PROV": "อุตรดิตถ์", "REMARK": "ไม่ล่อแหลม", "BAN_TYPE": 2, "YEAR": "2562", "NAME_DNP_T": "อุทยานแห่งชาติ", "E": 658010.0, "N": 1932161.0, "NAME": "สุภาพ", "PERIMETER": 765.77865687986002, "AREA_RAI": 15.93335090257, "RAI": 15.0, "NGAN": 3.0, "WA_SQ": 73.0, "OBJECTID": null, "Area": null, "MUBAN": null, "TAMBOL": null, "HOME_BAN_E": null, "TAM_CODE": null, "TAM_NAM_T": null, "AMPHOE_T": null, "AMPHOE_E": null, "PROV_CODE": null, "PROV_NAM_T": null, "PROV_NAM_E": null, "NAME_EN": null, "TAM_NAM_E": null, "Plot_No1": null, "Shape_Le_1": null, "TARGET_F_1": null, "Shape_Leng": null, "Shape_Area": null, "Cal_Rai": null, "layer": "AP1103WBN08", "path": "/Users/ponteerasingto/project11/อุทยานแห่งชาติต้นสักใหญ่/ส่งกรม/Shapefile/1.SHAPEFILE/บ้านวังเบน/AP1103WBN08.shp" }, "geometry": { "type": "MultiPolygon", "coordinates": [ [ [ [ 100.489277760054222, 17.469570427310892 ], [ 100.48911571696938, 17.469327651696151 ], [ 100.488227668636029, 17.469459864422092 ], [ 100.488166486014805, 17.469349808433922 ], [ 100.487626033376856, 17.469163692554623 ], [ 100.487211632080488, 17.469070803096745 ], [ 100.487175362694288, 17.469541679866332 ], [ 100.487661479196447, 17.470112327319399 ], [ 100.487595567388411, 17.470291571187897 ], [ 100.487420874076719, 17.470251042944533 ], [ 100.487354966645043, 17.470488483833385 ], [ 100.487520362682574, 17.470790353886787 ], [ 100.48776320269242, 17.470901114390962 ], [ 100.488076732360838, 17.470983956976529 ], [ 100.488213445074962, 17.47073952851494 ], [ 100.488521939597874, 17.470664958133423 ], [ 100.488641162658467, 17.470219090523639 ], [ 100.488711035966261, 17.470039816715975 ], [ 100.488895730872599, 17.469848273449937 ], [ 100.489277760054222, 17.469570427310892 ] ] ] ] } },
{ "type": "Feature", "properties": { "OBJECTID_1": null, "TARGET_FID": "63", "NAME_DNP": "ต้นสักใหญ่", "CODE_DNP": 1103, "APAR_CODE": "11031002310010WBN08", "APAR_NO": "10023", "NUM_APAR": "10010", "SPAR_CODE": "11030000100063WBN08", "SPAR_NO": "00001", "NUM_SPAR": "00063", "PAR_BAN": "วังเบน", "BAN_E": "WBN", "PAR_MOO": "08", "PAR_TAM": "บ่อทอง", "PAR_AMP": "ทองแสนขัน", "PAR_PROV": "อุตรดิตถ์", "NAME_TITLE": "นาย", "SURNAME": "สุริยะเลิศ", "IDCARD": "3530900116897", "HOME_NO": "6", "HOME_BAN": "โคกงาม", "HOME_MOO": "9", "HOME_TAM": "ผักขวง", "HOME_AMP": "ทองแสนขัน", "HOME_PROV": "อุตรดิตถ์", "REMARK": "ไม่ล่อแหลม", "BAN_TYPE": 2, "YEAR": "2562", "NAME_DNP_T": "อุทยานแห่งชาติ", "E": 658343.0, "N": 1932201.0, "NAME": "พิน", "PERIMETER": 603.88956007313004, "AREA_RAI": 5.9106041552399997, "RAI": 5.0, "NGAN": 3.0, "WA_SQ": 64.0, "OBJECTID": null, "Area": null, "MUBAN": null, "TAMBOL": null, "HOME_BAN_E": null, "TAM_CODE": null, "TAM_NAM_T": null, "AMPHOE_T": null, "AMPHOE_E": null, "PROV_CODE": null, "PROV_NAM_T": null, "PROV_NAM_E": null, "NAME_EN": null, "TAM_NAM_E": null, "Plot_No1": null, "Shape_Le_1": null, "TARGET_F_1": null, "Shape_Leng": null, "Shape_Area": null, "Cal_Rai": null, "layer": "AP1103WBN08", "path": "/Users/ponteerasingto/project11/อุทยานแห่งชาติต้นสักใหญ่/ส่งกรม/Shapefile/1.SHAPEFILE/บ้านวังเบน/AP1103WBN08.shp" }, "geometry": { "type": "MultiPolygon", "coordinates": [ [ [ [ 100.492067362983775, 17.471129971640739 ], [ 100.492065714541539, 17.471032025186705 ], [ 100.491725796517315, 17.470654255989064 ], [ 100.491456462856291, 17.470184679793089 ], [ 100.490906402480761, 17.469535432833773 ], [ 100.49029575857503, 17.469648010976318 ], [ 100.490897871392846, 17.470335259796737 ], [ 100.491118349693181, 17.470128199640307 ], [ 100.491400004210078, 17.470451254635456 ], [ 100.49129249707218, 17.470710282817734 ], [ 100.491768527058369, 17.471230067911893 ], [ 100.492067362983775, 17.471129971640739 ] ] ] ] } },
{ "type": "Feature", "properties": { "OBJECTID_1": null, "TARGET_FID": "64", "NAME_DNP": "ต้นสักใหญ่", "CODE_DNP": 1103, "APAR_CODE": "11031002310011WBN08", "APAR_NO": "10023", "NUM_APAR": "10011", "SPAR_CODE": "11030000100064WBN08", "SPAR_NO": "00001", "NUM_SPAR": "00064", "PAR_BAN": "วังเบน", "BAN_E": "WBN", "PAR_MOO": "08", "PAR_TAM": "บ่อทอง", "PAR_AMP": "ทองแสนขัน", "PAR_PROV": "อุตรดิตถ์", "NAME_TITLE": "นาง", "SURNAME": "พลบุญ", "IDCARD": "3530900118423", "HOME_NO": "191", "HOME_BAN": "โคกงาม", "HOME_MOO": "15", "HOME_TAM": "ผักขวง", "HOME_AMP": "ทองแสนขัน", "HOME_PROV": "อุตรดิตถ์", "REMARK": "ไม่ล่อแหลม", "BAN_TYPE": 2, "YEAR": "2562", "NAME_DNP_T": "อุทยานแห่งชาติ", "E": 658427.0, "N": 1932181.0, "NAME": "ปิ่น", "PERIMETER": 462.96437364697999, "AREA_RAI": 4.26343318255, "RAI": 4.0, "NGAN": 1.0, "WA_SQ": 5.0, "OBJECTID": null, "Area": null, "MUBAN": null, "TAMBOL": null, "HOME_BAN_E": null, "TAM_CODE": null, "TAM_NAM_T": null, "AMPHOE_T": null, "AMPHOE_E": null, "PROV_CODE": null, "PROV_NAM_T": null, "PROV_NAM_E": null, "NAME_EN": null, "TAM_NAM_E": null, "Plot_No1": null, "Shape_Le_1": null, "TARGET_F_1": null, "Shape_Leng": null, "Shape_Area": null, "Cal_Rai": null, "layer": "AP1103WBN08", "path": "/Users/ponteerasingto/project11/อุทยานแห่งชาติต้นสักใหญ่/ส่งกรม/Shapefile/1.SHAPEFILE/บ้านวังเบน/AP1103WBN08.shp" }, "geometry": { "type": "MultiPolygon", "coordinates": [ [ [ [ 100.491527754948862, 17.469450127228463 ], [ 100.491202560596236, 17.469407170181938 ], [ 100.491368906469447, 17.469672230251362 ], [ 100.491846521780843, 17.470197401659608 ], [ 100.491956275116138, 17.470488988934996 ], [ 100.492177008768607, 17.470624049037177 ], [ 100.492421807244071, 17.470622211561935 ], [ 100.49267469422557, 17.470457654341157 ], [ 100.492650354174984, 17.470391687395797 ], [ 100.492634161572639, 17.470105530516324 ], [ 100.4924099567572, 17.470238375902515 ], [ 100.492123133319765, 17.470054171942802 ], [ 100.491527754948862, 17.469450127228463 ] ] ] ] } },
{ "type": "Feature", "properties": { "OBJECTID_1": null, "TARGET_FID": "65", "NAME_DNP": "ต้นสักใหญ่", "CODE_DNP": 1103, "APAR_CODE": "11031002310012WBN08", "APAR_NO": "10023", "NUM_APAR": "10012", "SPAR_CODE": "11030000100065WBN08", "SPAR_NO": "00001", "NUM_SPAR": "00065", "PAR_BAN": "วังเบน", "BAN_E": "WBN", "PAR_MOO": "08", "PAR_TAM": "บ่อทอง", "PAR_AMP": "ทองแสนขัน", "PAR_PROV": "อุตรดิตถ์", "NAME_TITLE": "นาง", "SURNAME": "สุริยะเลิศ", "IDCARD": "3530900139447", "HOME_NO": "167", "HOME_BAN": "โคกงาม", "HOME_MOO": "9", "HOME_TAM": "ผักขวง", "HOME_AMP": "ทองแสนขัน", "HOME_PROV": "อุตรดิตถ์", "REMARK": "ไม่ล่อแหลม", "BAN_TYPE": 2, "YEAR": "2562", "NAME_DNP_T": "อุทยานแห่งชาติ", "E": 658571.0, "N": 1932227.0, "NAME": "สุภาพ", "PERIMETER": 708.48859829517005, "AREA_RAI": 12.578790759369999, "RAI": 12.0, "NGAN": 2.0, "WA_SQ": 32.0, "OBJECTID": null, "Area": null, "MUBAN": null, "TAMBOL": null, "HOME_BAN_E": null, "TAM_CODE": null, "TAM_NAM_T": null, "AMPHOE_T": null, "AMPHOE_E": null, "PROV_CODE": null, "PROV_NAM_T": null, "PROV_NAM_E": null, "NAME_EN": null, "TAM_NAM_E": null, "Plot_No1": null, "Shape_Le_1": null, "TARGET_F_1": null, "Shape_Leng": null, "Shape_Area": null, "Cal_Rai": null, "layer": "AP1103WBN08", "path": "/Users/ponteerasingto/project11/อุทยานแห่งชาติต้นสักใหญ่/ส่งกรม/Shapefile/1.SHAPEFILE/บ้านวังเบน/AP1103WBN08.shp" }, "geometry": { "type": "MultiPolygon", "coordinates": [ [ [ [ 100.493570457845394, 17.469456899101516 ], [ 100.493228856385542, 17.469134146623134 ], [ 100.492987006635033, 17.469497427530438 ], [ 100.492876739740453, 17.470622797711684 ], [ 100.492611659755354, 17.470810555714785 ], [ 100.492964965944978, 17.471184620408241 ], [ 100.493579984824834, 17.471332516926502 ], [ 100.493612585150402, 17.471442564723532 ], [ 100.49393844864899, 17.471554212148767 ], [ 100.49396642836723, 17.470369306070054 ], [ 100.493330258207266, 17.469866358527572 ], [ 100.493390930054971, 17.469531221378872 ], [ 100.493570457845394, 17.469456899101516 ] ] ] ] } },
{ "type": "Feature", "properties": { "OBJECTID_1": null, "TARGET_FID": "62", "NAME_DNP": "ต้นสักใหญ่", "CODE_DNP": 1103, "APAR_CODE": "11031002310009WBN08", "APAR_NO": "10023", "NUM_APAR": "10009", "SPAR_CODE": "11030000100062WBN08", "SPAR_NO": "00001", "NUM_SPAR": "00062", "PAR_BAN": "วังเบน", "BAN_E": "WBN", "PAR_MOO": "08", "PAR_TAM": "บ่อทอง", "PAR_AMP": "ทองแสนขัน", "PAR_PROV": "อุตรดิตถ์", "NAME_TITLE": "นาง", "SURNAME": "สุริยะเลิศ", "IDCARD": "3530900139447", "HOME_NO": "167", "HOME_BAN": "โคกงาม", "HOME_MOO": "9", "HOME_TAM": "ผักขวง", "HOME_AMP": "ทองแสนขัน", "HOME_PROV": "อุตรดิตถ์", "REMARK": "ไม่ล่อแหลม", "BAN_TYPE": 2, "YEAR": "2562", "NAME_DNP_T": "อุทยานแห่งชาติ", "E": 658661.0, "N": 1932435.0, "NAME": "สุภาพ", "PERIMETER": 407.29192391372999, "AREA_RAI": 4.6362867382599999, "RAI": 4.0, "NGAN": 2.0, "WA_SQ": 55.0, "OBJECTID": null, "Area": null, "MUBAN": null, "TAMBOL": null, "HOME_BAN_E": null, "TAM_CODE": null, "TAM_NAM_T": null, "AMPHOE_T": null, "AMPHOE_E": null, "PROV_CODE": null, "PROV_NAM_T": null, "PROV_NAM_E": null, "NAME_EN": null, "TAM_NAM_E": null, "Plot_No1": null, "Shape_Le_1": null, "TARGET_F_1": null, "Shape_Leng": null, "Shape_Area": null, "Cal_Rai": null, "layer": "AP1103WBN08", "path": "/Users/ponteerasingto/project11/อุทยานแห่งชาติต้นสักใหญ่/ส่งกรม/Shapefile/1.SHAPEFILE/บ้านวังเบน/AP1103WBN08.shp" }, "geometry": { "type": "MultiPolygon", "coordinates": [ [ [ [ 100.494164251120509, 17.471838104661902 ], [ 100.493900178190444, 17.471785869695033 ], [ 100.493734239395494, 17.472220873831517 ], [ 100.493917628643374, 17.472770729544795 ], [ 100.494215032393043, 17.472668371571665 ], [ 100.494850640469792, 17.472872155687664 ], [ 100.494799727417927, 17.472402634237131 ], [ 100.49437559227043, 17.472351603465672 ], [ 100.494164251120509, 17.471838104661902 ] ] ] ] } },
{ "type": "Feature", "properties": { "OBJECTID_1": null, "TARGET_FID": "67", "NAME_DNP": "ต้นสักใหญ่", "CODE_DNP": 1103, "APAR_CODE": "11031002310014WBN08", "APAR_NO": "10023", "NUM_APAR": "10014", "SPAR_CODE": "11030000100067WBN08", "SPAR_NO": "00001", "NUM_SPAR": "00067", "PAR_BAN": "วังเบน", "BAN_E": "WBN", "PAR_MOO": "08", "PAR_TAM": "บ่อทอง", "PAR_AMP": "ทองแสนขัน", "PAR_PROV": "อุตรดิตถ์", "NAME_TITLE": "นาง", "SURNAME": "พลบุญ", "IDCARD": "3530900118423", "HOME_NO": "191", "HOME_BAN": "โคกงาม", "HOME_MOO": "15", "HOME_TAM": "ผักขวง", "HOME_AMP": "ทองแสนขัน", "HOME_PROV": "อุตรดิตถ์", "REMARK": "ไม่ล่อแหลม", "BAN_TYPE": 2, "YEAR": "2562", "NAME_DNP_T": "อุทยานแห่งชาติ", "E": 658658.0, "N": 1932065.0, "NAME": "ปิ่น", "PERIMETER": 692.86102579207, "AREA_RAI": 8.9212144562100004, "RAI": 8.0, "NGAN": 3.0, "WA_SQ": 68.0, "OBJECTID": null, "Area": null, "MUBAN": null, "TAMBOL": null, "HOME_BAN_E": null, "TAM_CODE": null, "TAM_NAM_T": null, "AMPHOE_T": null, "AMPHOE_E": null, "PROV_CODE": null, "PROV_NAM_T": null, "PROV_NAM_E": null, "NAME_EN": null, "TAM_NAM_E": null, "Plot_No1": null, "Shape_Le_1": null, "TARGET_F_1": null, "Shape_Leng": null, "Shape_Area": null, "Cal_Rai": null, "layer": "AP1103WBN08", "path": "/Users/ponteerasingto/project11/อุทยานแห่งชาติต้นสักใหญ่/ส่งกรม/Shapefile/1.SHAPEFILE/บ้านวังเบน/AP1103WBN08.shp" }, "geometry": { "type": "MultiPolygon", "coordinates": [ [ [ [ 100.49460746253942, 17.46961176680567 ], [ 100.495147083978068, 17.46938673698687 ], [ 100.495451357917986, 17.469139693571332 ], [ 100.495509212202464, 17.468945295457342 ], [ 100.494425383854974, 17.469474448913637 ], [ 100.494382782775062, 17.468527958413944 ], [ 100.49394082577254, 17.46832385362173 ], [ 100.493488209206859, 17.468608075309259 ], [ 100.493244309629318, 17.468802583897958 ], [ 100.493639268212547, 17.469126692339575 ], [ 100.493834452659897, 17.469500099653928 ], [ 100.494215198921538, 17.469673481943026 ], [ 100.49460746253942, 17.46961176680567 ] ] ] ] } },
{ "type": "Feature", "properties": { "OBJECTID_1": null, "TARGET_FID": "68", "NAME_DNP": "ต้นสักใหญ่", "CODE_DNP": 1103, "APAR_CODE": "11031002310015WBN08", "APAR_NO": "10023", "NUM_APAR": "10015", "SPAR_CODE": "11030000100068WBN08", "SPAR_NO": "00001", "NUM_SPAR": "00068", "PAR_BAN": "วังเบน", "BAN_E": "WBN", "PAR_MOO": "08", "PAR_TAM": "บ่อทอง", "PAR_AMP": "ทองแสนขัน", "PAR_PROV": "อุตรดิตถ์", "NAME_TITLE": "นาง", "SURNAME": "มาสุ", "IDCARD": "3530900118873", "HOME_NO": "66", "HOME_BAN": "โคกงาม", "HOME_MOO": "15", "HOME_TAM": "ผักขวง", "HOME_AMP": "ทองแสนขัน", "HOME_PROV": "อุตรดิตถ์", "REMARK": "ไม่ล่อแหลม", "BAN_TYPE": 2, "YEAR": "2562", "NAME_DNP_T": "อุทยานแห่งชาติ", "E": 658845.0, "N": 1932254.0, "NAME": "บวร", "PERIMETER": 769.40990742965005, "AREA_RAI": 15.27219932051, "RAI": 15.0, "NGAN": 1.0, "WA_SQ": 9.0, "OBJECTID": null, "Area": null, "MUBAN": null, "TAMBOL": null, "HOME_BAN_E": null, "TAM_CODE": null, "TAM_NAM_T": null, "AMPHOE_T": null, "AMPHOE_E": null, "PROV_CODE": null, "PROV_NAM_T": null, "PROV_NAM_E": null, "NAME_EN": null, "TAM_NAM_E": null, "Plot_No1": null, "Shape_Le_1": null, "TARGET_F_1": null, "Shape_Leng": null, "Shape_Area": null, "Cal_Rai": null, "layer": "AP1103WBN08", "path": "/Users/ponteerasingto/project11/อุทยานแห่งชาติต้นสักใหญ่/ส่งกรม/Shapefile/1.SHAPEFILE/บ้านวังเบน/AP1103WBN08.shp" }, "geometry": { "type": "MultiPolygon", "coordinates": [ [ [ [ 100.496657106642459, 17.471548256427177 ], [ 100.496767745097515, 17.471109350199864 ], [ 100.496760425472829, 17.470936707826603 ], [ 100.496671756904391, 17.470638001514384 ], [ 100.49654108529765, 17.470650394757744 ], [ 100.49635833094203, 17.470421952010266 ], [ 100.496102639643851, 17.470097477519513 ], [ 100.496074530201341, 17.469567143445428 ], [ 100.494949582613472, 17.4699977688873 ], [ 100.4950169647352, 17.470177994877066 ], [ 100.495292073817055, 17.470197704469051 ], [ 100.495651290352853, 17.470511618441876 ], [ 100.495640171401803, 17.47060583115465 ], [ 100.495388145226769, 17.470663179968859 ], [ 100.495520438371443, 17.471593660848644 ], [ 100.49605929948406, 17.471785863721866 ], [ 100.496292154006028, 17.471469678861311 ], [ 100.496657106642459, 17.471548256427177 ] ] ] ] } },
{ "type": "Feature", "properties": { "OBJECTID_1": null, "TARGET_FID": "70", "NAME_DNP": "ต้นสักใหญ่", "CODE_DNP": 1103, "APAR_CODE": "11031002310017WBN08", "APAR_NO": "10023", "NUM_APAR": "10017", "SPAR_CODE": "11030000100070WBN08", "SPAR_NO": "00001", "NUM_SPAR": "00070", "PAR_BAN": "วังเบน", "BAN_E": "WBN", "PAR_MOO": "08", "PAR_TAM": "บ่อทอง", "PAR_AMP": "ทองแสนขัน", "PAR_PROV": "อุตรดิตถ์", "NAME_TITLE": "นาง", "SURNAME": "มาสุ", "IDCARD": "3530900118873", "HOME_NO": "66", "HOME_BAN": "โคกงาม", "HOME_MOO": "15", "HOME_TAM": "ผักขวง", "HOME_AMP": "ทองแสนขัน", "HOME_PROV": "อุตรดิตถ์", "REMARK": "ไม่ล่อแหลม", "BAN_TYPE": 2, "YEAR": "2562", "NAME_DNP_T": "อุทยานแห่งชาติ", "E": 658939.0, "N": 1932213.0, "NAME": "บวร", "PERIMETER": 208.80517155269999, "AREA_RAI": 1.19669080977, "RAI": 1.0, "NGAN": 0.0, "WA_SQ": 79.0, "OBJECTID": null, "Area": null, "MUBAN": null, "TAMBOL": null, "HOME_BAN_E": null, "TAM_CODE": null, "TAM_NAM_T": null, "AMPHOE_T": null, "AMPHOE_E": null, "PROV_CODE": null, "PROV_NAM_T": null, "PROV_NAM_E": null, "NAME_EN": null, "TAM_NAM_E": null, "Plot_No1": null, "Shape_Le_1": null, "TARGET_F_1": null, "Shape_Leng": null, "Shape_Area": null, "Cal_Rai": null, "layer": "AP1103WBN08", "path": "/Users/ponteerasingto/project11/อุทยานแห่งชาติต้นสักใหญ่/ส่งกรม/Shapefile/1.SHAPEFILE/บ้านวังเบน/AP1103WBN08.shp" }, "geometry": { "type": "MultiPolygon", "coordinates": [ [ [ [ 100.497128572065748, 17.470478387382844 ], [ 100.497080413994098, 17.470361625095816 ], [ 100.496531938818435, 17.470058158143598 ], [ 100.49645683839897, 17.470085833170945 ], [ 100.49653341571954, 17.470238879581721 ], [ 100.497032292358, 17.470701033624049 ], [ 100.497128572065748, 17.470478387382844 ] ] ] ] } },
{ "type": "Feature", "properties": { "OBJECTID_1": null, "TARGET_FID": "71", "NAME_DNP": "ต้นสักใหญ่", "CODE_DNP": 1103, "APAR_CODE": "11031002310018WBN08", "APAR_NO": "10023", "NUM_APAR": "10018", "SPAR_CODE": "11030000100071WBN08", "SPAR_NO": "00001", "NUM_SPAR": "00071", "PAR_BAN": "วังเบน", "BAN_E": "WBN", "PAR_MOO": "08", "PAR_TAM": "บ่อทอง", "PAR_AMP": "ทองแสนขัน", "PAR_PROV": "อุตรดิตถ์", "NAME_TITLE": "นาง", "SURNAME": "สมบัติยา", "IDCARD": "3530900118547", "HOME_NO": "105/2", "HOME_BAN": "โคกงาม", "HOME_MOO": "15", "HOME_TAM": "ผักขวง", "HOME_AMP": "ทองแสนขัน", "HOME_PROV": "อุตรดิตถ์", "REMARK": "ไม่ล่อแหลม", "BAN_TYPE": 2, "YEAR": "2562", "NAME_DNP_T": "อุทยานแห่งชาติ", "E": 658993.0, "N": 1932331.0, "NAME": "เรียน", "PERIMETER": 514.43730895494002, "AREA_RAI": 10.17149697805, "RAI": 10.0, "NGAN": 0.0, "WA_SQ": 69.0, "OBJECTID": null, "Area": null, "MUBAN": null, "TAMBOL": null, "HOME_BAN_E": null, "TAM_CODE": null, "TAM_NAM_T": null, "AMPHOE_T": null, "AMPHOE_E": null, "PROV_CODE": null, "PROV_NAM_T": null, "PROV_NAM_E": null, "NAME_EN": null, "TAM_NAM_E": null, "Plot_No1": null, "Shape_Le_1": null, "TARGET_F_1": null, "Shape_Leng": null, "Shape_Area": null, "Cal_Rai": null, "layer": "AP1103WBN08", "path": "/Users/ponteerasingto/project11/อุทยานแห่งชาติต้นสักใหญ่/ส่งกรม/Shapefile/1.SHAPEFILE/บ้านวังเบน/AP1103WBN08.shp" }, "geometry": { "type": "MultiPolygon", "coordinates": [ [ [ [ 100.497925828573358, 17.471585508656986 ], [ 100.497870734598166, 17.471111362654408 ], [ 100.497128572065748, 17.470478387382844 ], [ 100.497032292358, 17.470701033624049 ], [ 100.496869818818269, 17.471076750951653 ], [ 100.496767745097515, 17.471109350199864 ], [ 100.496657106642459, 17.471548256427177 ], [ 100.496862851594116, 17.471786459620148 ], [ 100.496951789594192, 17.471889428669318 ], [ 100.497764688426415, 17.472271880518903 ], [ 100.497925828573358, 17.471585508656986 ] ] ] ] } },
{ "type": "Feature", "properties": { "OBJECTID_1": null, "TARGET_FID": "72", "NAME_DNP": "ต้นสักใหญ่", "CODE_DNP": 1103, "APAR_CODE": "11031002310019WBN08", "APAR_NO": "10023", "NUM_APAR": "10019", "SPAR_CODE": "11030000100072WBN08", "SPAR_NO": "00001", "NUM_SPAR": "00072", "PAR_BAN": "วังเบน", "BAN_E": "WBN", "PAR_MOO": "08", "PAR_TAM": "บ่อทอง", "PAR_AMP": "ทองแสนขัน", "PAR_PROV": "อุตรดิตถ์", "NAME_TITLE": "นาง", "SURNAME": "ฟันอ้น", "IDCARD": "3530900118555", "HOME_NO": "41", "HOME_BAN": "โคกงาม", "HOME_MOO": "15", "HOME_TAM": "ผักขวง", "HOME_AMP": "ทองแสนขัน", "HOME_PROV": "อุตรดิตถ์", "REMARK": "ไม่ล่อแหลม", "BAN_TYPE": 2, "YEAR": "2562", "NAME_DNP_T": "อุทยานแห่งชาติ", "E": 659103.0, "N": 1932387.0, "NAME": "เพียร", "PERIMETER": 558.76088989598998, "AREA_RAI": 6.4580425244599997, "RAI": 6.0, "NGAN": 1.0, "WA_SQ": 83.0, "OBJECTID": null, "Area": null, "MUBAN": null, "TAMBOL": null, "HOME_BAN_E": null, "TAM_CODE": null, "TAM_NAM_T": null, "AMPHOE_T": null, "AMPHOE_E": null, "PROV_CODE": null, "PROV_NAM_T": null, "PROV_NAM_E": null, "NAME_EN": null, "TAM_NAM_E": null, "Plot_No1": null, "Shape_Le_1": null, "TARGET_F_1": null, "Shape_Leng": null, "Shape_Area": null, "Cal_Rai": null, "layer": "AP1103WBN08", "path": "/Users/ponteerasingto/project11/อุทยานแห่งชาติต้นสักใหญ่/ส่งกรม/Shapefile/1.SHAPEFILE/บ้านวังเบน/AP1103WBN08.shp" }, "geometry": { "type": "MultiPolygon", "coordinates": [ [ [ [ 100.497925828573358, 17.471585508656986 ], [ 100.497764688426415, 17.472271880518903 ], [ 100.497963741439776, 17.472433039080101 ], [ 100.498542540846657, 17.472710971263997 ], [ 100.498423269507498, 17.472167735723904 ], [ 100.498203266758608, 17.472073757079876 ], [ 100.498281027296002, 17.471834077717272 ], [ 100.498779625816397, 17.472029280287877 ], [ 100.499190350206177, 17.471592426960051 ], [ 100.498962533484132, 17.471368229588474 ], [ 100.497925828573358, 17.471585508656986 ] ] ] ] } },
{ "type": "Feature", "properties": { "OBJECTID_1": null, "TARGET_FID": "75", "NAME_DNP": "ต้นสักใหญ่", "CODE_DNP": 1103, "APAR_CODE": "11031002310022WBN08", "APAR_NO": "10023", "NUM_APAR": "10022", "SPAR_CODE": "11030000100075WBN08", "SPAR_NO": "00001", "NUM_SPAR": "00075", "PAR_BAN": "วังเบน", "BAN_E": "WBN", "PAR_MOO": "08", "PAR_TAM": "บ่อทอง", "PAR_AMP": "ทองแสนขัน", "PAR_PROV": "อุตรดิตถ์", "NAME_TITLE": "นาง", "SURNAME": "ปิกเพ็ง", "IDCARD": "3530900115122", "HOME_NO": "179", "HOME_BAN": "โคกงาม", "HOME_MOO": "15", "HOME_TAM": "ผักขวง", "HOME_AMP": "ทองแสนขัน", "HOME_PROV": "อุตรดิตถ์", "REMARK": "ไม่ล่อแหลม", "BAN_TYPE": 2, "YEAR": "2562", "NAME_DNP_T": "อุทยานแห่งชาติ", "E": 659232.0, "N": 1932355.0, "NAME": "อุดร", "PERIMETER": 225.26880179578001, "AREA_RAI": 1.3731428216399999, "RAI": 1.0, "NGAN": 1.0, "WA_SQ": 49.0, "OBJECTID": null, "Area": null, "MUBAN": null, "TAMBOL": null, "HOME_BAN_E": null, "TAM_CODE": null, "TAM_NAM_T": null, "AMPHOE_T": null, "AMPHOE_E": null, "PROV_CODE": null, "PROV_NAM_T": null, "PROV_NAM_E": null, "NAME_EN": null, "TAM_NAM_E": null, "Plot_No1": null, "Shape_Le_1": null, "TARGET_F_1": null, "Shape_Leng": null, "Shape_Area": null, "Cal_Rai": null, "layer": "AP1103WBN08", "path": "/Users/ponteerasingto/project11/อุทยานแห่งชาติต้นสักใหญ่/ส่งกรม/Shapefile/1.SHAPEFILE/บ้านวังเบน/AP1103WBN08.shp" }, "geometry": { "type": "MultiPolygon", "coordinates": [ [ [ [ 100.499613226948284, 17.471489834364839 ], [ 100.499695744484839, 17.471218114777589 ], [ 100.499460879277308, 17.47128314235021 ], [ 100.499377831723578, 17.47177450835558 ], [ 100.499796136843102, 17.471952771911933 ], [ 100.499887329483911, 17.471842767390079 ], [ 100.499613226948284, 17.471489834364839 ] ] ] ] } },
{ "type": "Feature", "properties": { "OBJECTID_1": null, "TARGET_FID": "76", "NAME_DNP": "ต้นสักใหญ่", "CODE_DNP": 1103, "APAR_CODE": "11031002310023WBN08", "APAR_NO": "10023", "NUM_APAR": "10023", "SPAR_CODE": "11030000100076WBN08", "SPAR_NO": "00001", "NUM_SPAR": "00076", "PAR_BAN": "วังเบน", "BAN_E": "WBN", "PAR_MOO": "08", "PAR_TAM": "บ่อทอง", "PAR_AMP": "ทองแสนขัน", "PAR_PROV": "อุตรดิตถ์", "NAME_TITLE": "นาง", "SURNAME": "ปิกเพ็ง", "IDCARD": "3530900115122", "HOME_NO": "179", "HOME_BAN": "โคกงาม", "HOME_MOO": "15", "HOME_TAM": "ผักขวง", "HOME_AMP": "ทองแสนขัน", "HOME_PROV": "อุตรดิตถ์", "REMARK": "ไม่ล่อแหลม", "BAN_TYPE": 2, "YEAR": "2562", "NAME_DNP_T": "อุทยานแห่งชาติ", "E": 659320.0, "N": 1932378.0, "NAME": "อุดร", "PERIMETER": 291.59135129152003, "AREA_RAI": 2.12813865625, "RAI": 2.0, "NGAN": 0.0, "WA_SQ": 51.0, "OBJECTID": null, "Area": null, "MUBAN": null, "TAMBOL": null, "HOME_BAN_E": null, "TAM_CODE": null, "TAM_NAM_T": null, "AMPHOE_T": null, "AMPHOE_E": null, "PROV_CODE": null, "PROV_NAM_T": null, "PROV_NAM_E": null, "NAME_EN": null, "TAM_NAM_E": null, "Plot_No1": null, "Shape_Le_1": null, "TARGET_F_1": null, "Shape_Leng": null, "Shape_Area": null, "Cal_Rai": null, "layer": "AP1103WBN08", "path": "/Users/ponteerasingto/project11/อุทยานแห่งชาติต้นสักใหญ่/ส่งกรม/Shapefile/1.SHAPEFILE/บ้านวังเบน/AP1103WBN08.shp" }, "geometry": { "type": "MultiPolygon", "coordinates": [ [ [ [ 100.500489518218018, 17.471564552405162 ], [ 100.49998101683893, 17.471559353171553 ], [ 100.499830593057268, 17.471587597784669 ], [ 100.500834321168554, 17.472275841115586 ], [ 100.500813046345797, 17.471977794139519 ], [ 100.500489518218018, 17.471564552405162 ] ] ] ] } },
{ "type": "Feature", "properties": { "OBJECTID_1": null, "TARGET_FID": "77", "NAME_DNP": "ต้นสักใหญ่", "CODE_DNP": 1103, "APAR_CODE": "11031002310024WBN08", "APAR_NO": "10023", "NUM_APAR": "10024", "SPAR_CODE": "11030000100077WBN08", "SPAR_NO": "00001", "NUM_SPAR": "00077", "PAR_BAN": "วังเบน", "BAN_E": "WBN", "PAR_MOO": "08", "PAR_TAM": "บ่อทอง", "PAR_AMP": "ทองแสนขัน", "PAR_PROV": "อุตรดิตถ์", "NAME_TITLE": "นาง", "SURNAME": "ปิกเพ็ง", "IDCARD": "3530900115122", "HOME_NO": "179", "HOME_BAN": "โคกงาม", "HOME_MOO": "15", "HOME_TAM": "ผักขวง", "HOME_AMP": "ทองแสนขัน", "HOME_PROV": "อุตรดิตถ์", "REMARK": "ไม่ล่อแหลม", "BAN_TYPE": 2, "YEAR": "2562", "NAME_DNP_T": "อุทยานแห่งชาติ", "E": 659379.0, "N": 1932303.0, "NAME": "อุดร", "PERIMETER": 436.06897530209, "AREA_RAI": 4.0517668128100004, "RAI": 4.0, "NGAN": 0.0, "WA_SQ": 21.0, "OBJECTID": null, "Area": null, "MUBAN": null, "TAMBOL": null, "HOME_BAN_E": null, "TAM_CODE": null, "TAM_NAM_T": null, "AMPHOE_T": null, "AMPHOE_E": null, "PROV_CODE": null, "PROV_NAM_T": null, "PROV_NAM_E": null, "NAME_EN": null, "TAM_NAM_E": null, "Plot_No1": null, "Shape_Le_1": null, "TARGET_F_1": null, "Shape_Leng": null, "Shape_Area": null, "Cal_Rai": null, "layer": "AP1103WBN08", "path": "/Users/ponteerasingto/project11/อุทยานแห่งชาติต้นสักใหญ่/ส่งกรม/Shapefile/1.SHAPEFILE/บ้านวังเบน/AP1103WBN08.shp" }, "geometry": { "type": "MultiPolygon", "coordinates": [ [ [ [ 100.50178535021206, 17.471130049214118 ], [ 100.501017045570364, 17.470851555454956 ], [ 100.500137006416409, 17.471061163940252 ], [ 100.500110832362878, 17.471314385385803 ], [ 100.501155716497422, 17.471246933872333 ], [ 100.501578803359862, 17.471382266237597 ], [ 100.501713270743863, 17.471525455225585 ], [ 100.50178535021206, 17.471130049214118 ] ] ] ] } },
{ "type": "Feature", "properties": { "OBJECTID_1": null, "TARGET_FID": "66", "NAME_DNP": "ต้นสักใหญ่", "CODE_DNP": 1103, "APAR_CODE": "11031002310013WBN08", "APAR_NO": "10023", "NUM_APAR": "10013", "SPAR_CODE": "11030000100066WBN08", "SPAR_NO": "00001", "NUM_SPAR": "00066", "PAR_BAN": "วังเบน", "BAN_E": "WBN", "PAR_MOO": "08", "PAR_TAM": "บ่อทอง", "PAR_AMP": "ทองแสนขัน", "PAR_PROV": "อุตรดิตถ์", "NAME_TITLE": "นาย", "SURNAME": "กุลให้", "IDCARD": "3530900042834", "HOME_NO": "11/2", "HOME_BAN": "โคกงาม", "HOME_MOO": "15", "HOME_TAM": "ผักขวง", "HOME_AMP": "ทองแสนขัน", "HOME_PROV": "อุตรดิตถ์", "REMARK": "ไม่ล่อแหลม", "BAN_TYPE": 2, "YEAR": "2562", "NAME_DNP_T": "อุทยานแห่งชาติ", "E": 658891.0, "N": 1932477.0, "NAME": "เจต", "PERIMETER": 714.08675511087995, "AREA_RAI": 10.845321820820001, "RAI": 10.0, "NGAN": 3.0, "WA_SQ": 38.0, "OBJECTID": null, "Area": null, "MUBAN": null, "TAMBOL": null, "HOME_BAN_E": null, "TAM_CODE": null, "TAM_NAM_T": null, "AMPHOE_T": null, "AMPHOE_E": null, "PROV_CODE": null, "PROV_NAM_T": null, "PROV_NAM_E": null, "NAME_EN": null, "TAM_NAM_E": null, "Plot_No1": null, "Shape_Le_1": null, "TARGET_F_1": null, "Shape_Leng": null, "Shape_Area": null, "Cal_Rai": null, "layer": "AP1103WBN08", "path": "/Users/ponteerasingto/project11/อุทยานแห่งชาติต้นสักใหญ่/ส่งกรม/Shapefile/1.SHAPEFILE/บ้านวังเบน/AP1103WBN08.shp" }, "geometry": { "type": "MultiPolygon", "coordinates": [ [ [ [ 100.496136242409548, 17.473846222536892 ], [ 100.49631597526411, 17.473533007893426 ], [ 100.496299052677173, 17.473187927492607 ], [ 100.496435275133393, 17.472785225170337 ], [ 100.496951081426587, 17.472691523995326 ], [ 100.497028965599313, 17.472523597049264 ], [ 100.497619245142303, 17.47225863243002 ], [ 100.497111618751077, 17.471969610184779 ], [ 100.496804315235636, 17.471947203436208 ], [ 100.49649720136189, 17.472069488328938 ], [ 100.495990245833951, 17.472386549402554 ], [ 100.495757229606085, 17.473050404235195 ], [ 100.495530006703135, 17.473371582098142 ], [ 100.495573445738003, 17.47375230691555 ], [ 100.49606164641078, 17.473576938186664 ], [ 100.496136242409548, 17.473846222536892 ] ] ] ] } },
{ "type": "Feature", "properties": { "OBJECTID_1": null, "TARGET_FID": "60", "NAME_DNP": "ต้นสักใหญ่", "CODE_DNP": 1103, "APAR_CODE": "11031002310007WBN08", "APAR_NO": "10023", "NUM_APAR": "10007", "SPAR_CODE": "11030000100060WBN08", "SPAR_NO": "00001", "NUM_SPAR": "00060", "PAR_BAN": "วังเบน", "BAN_E": "WBN", "PAR_MOO": "08", "PAR_TAM": "บ่อทอง", "PAR_AMP": "ทองแสนขัน", "PAR_PROV": "อุตรดิตถ์", "NAME_TITLE": "นาย", "SURNAME": "สุริยะเลิศ", "IDCARD": "3530900116901", "HOME_NO": "87/1", "HOME_BAN": "วังโป่ง", "HOME_MOO": "4", "HOME_TAM": "ผักขวง", "HOME_AMP": "ทองแสนขัน", "HOME_PROV": "อุตรดิตถ์", "REMARK": "ไม่ล่อแหลม", "BAN_TYPE": 2, "YEAR": "2562", "NAME_DNP_T": "อุทยานแห่งชาติ", "E": 658852.0, "N": 1932767.0, "NAME": "ดาวรุ่ง", "PERIMETER": 933.97164105399997, "AREA_RAI": 11.852903620739999, "RAI": 11.0, "NGAN": 3.0, "WA_SQ": 41.0, "OBJECTID": null, "Area": null, "MUBAN": null, "TAMBOL": null, "HOME_BAN_E": null, "TAM_CODE": null, "TAM_NAM_T": null, "AMPHOE_T": null, "AMPHOE_E": null, "PROV_CODE": null, "PROV_NAM_T": null, "PROV_NAM_E": null, "NAME_EN": null, "TAM_NAM_E": null, "Plot_No1": null, "Shape_Le_1": null, "TARGET_F_1": null, "Shape_Leng": null, "Shape_Area": null, "Cal_Rai": null, "layer": "AP1103WBN08", "path": "/Users/ponteerasingto/project11/อุทยานแห่งชาติต้นสักใหญ่/ส่งกรม/Shapefile/1.SHAPEFILE/บ้านวังเบน/AP1103WBN08.shp" }, "geometry": { "type": "MultiPolygon", "coordinates": [ [ [ [ 100.496198557903909, 17.47650376673759 ], [ 100.496539289165796, 17.475521346962278 ], [ 100.496587473102394, 17.474548933310512 ], [ 100.496031219825483, 17.474462753923646 ], [ 100.496000506105048, 17.47408779607127 ], [ 100.495887905140776, 17.473887074243738 ], [ 100.495627584160786, 17.473827839195732 ], [ 100.496001080501529, 17.474643057886734 ], [ 100.495835160710342, 17.475191966323408 ], [ 100.495661238160849, 17.475246519816245 ], [ 100.495283634929095, 17.47510864266015 ], [ 100.494965515756974, 17.47546092938116 ], [ 100.495468744787473, 17.475453340612411 ], [ 100.495754461481013, 17.4755006322269 ], [ 100.495978049615246, 17.475704321920897 ], [ 100.495911647392958, 17.47582272064874 ], [ 100.495833077351193, 17.475906982200819 ], [ 100.495722452524305, 17.476341846182837 ], [ 100.495709610540246, 17.476588776103782 ], [ 100.495985912534962, 17.476666470342465 ], [ 100.496198557903909, 17.47650376673759 ] ] ] ] } },
{ "type": "Feature", "properties": { "OBJECTID_1": null, "TARGET_FID": "61", "NAME_DNP": "ต้นสักใหญ่", "CODE_DNP": 1103, "APAR_CODE": "11031002310008WBN08", "APAR_NO": "10023", "NUM_APAR": "10008", "SPAR_CODE": "11030000100061WBN08", "SPAR_NO": "00001", "NUM_SPAR": "00061", "PAR_BAN": "วังเบน", "BAN_E": "WBN", "PAR_MOO": "08", "PAR_TAM": "บ่อทอง", "PAR_AMP": "ทองแสนขัน", "PAR_PROV": "อุตรดิตถ์", "NAME_TITLE": "นาย", "SURNAME": "คำลาเลี้ยง", "IDCARD": "3530900116765", "HOME_NO": "111/1", "HOME_BAN": "โคกงาม", "HOME_MOO": "15", "HOME_TAM": "ผักขวง", "HOME_AMP": "ทองแสนขัน", "HOME_PROV": "อุตรดิตถ์", "REMARK": "ไม่ล่อแหลม", "BAN_TYPE": 2, "YEAR": "2562", "NAME_DNP_T": "อุทยานแห่งชาติ", "E": 658932.0, "N": 1932841.0, "NAME": "ประเสริฐ", "PERIMETER": 908.07773131204999, "AREA_RAI": 12.92649961213, "RAI": 12.0, "NGAN": 3.0, "WA_SQ": 71.0, "OBJECTID": null, "Area": null, "MUBAN": null, "TAMBOL": null, "HOME_BAN_E": null, "TAM_CODE": null, "TAM_NAM_T": null, "AMPHOE_T": null, "AMPHOE_E": null, "PROV_CODE": null, "PROV_NAM_T": null, "PROV_NAM_E": null, "NAME_EN": null, "TAM_NAM_E": null, "Plot_No1": null, "Shape_Le_1": null, "TARGET_F_1": null, "Shape_Leng": null, "Shape_Area": null, "Cal_Rai": null, "layer": "AP1103WBN08", "path": "/Users/ponteerasingto/project11/อุทยานแห่งชาติต้นสักใหญ่/ส่งกรม/Shapefile/1.SHAPEFILE/บ้านวังเบน/AP1103WBN08.shp" }, "geometry": { "type": "MultiPolygon", "coordinates": [ [ [ [ 100.497780364527898, 17.475120270169345 ], [ 100.496739745918731, 17.474746591488355 ], [ 100.496712558702157, 17.475386930601029 ], [ 100.496368333720667, 17.476538635823943 ], [ 100.495788553261903, 17.47703097620791 ], [ 100.496052004579113, 17.477479855885793 ], [ 100.495946218548639, 17.477888267207835 ], [ 100.496439706662144, 17.47764047427971 ], [ 100.496360342276787, 17.477142853802427 ], [ 100.496555702168081, 17.47655949461954 ], [ 100.49703872889458, 17.47601960710729 ], [ 100.497461211992416, 17.475830068222798 ], [ 100.497782729219779, 17.475409294779816 ], [ 100.497780364527898, 17.475120270169345 ] ] ] ] } },
{ "type": "Feature", "properties": { "OBJECTID_1": null, "TARGET_FID": "55", "NAME_DNP": "ต้นสักใหญ่", "CODE_DNP": 1103, "APAR_CODE": "11031002310002WBN08", "APAR_NO": "10023", "NUM_APAR": "10002", "SPAR_CODE": "11030000100055WBN08", "SPAR_NO": "00001", "NUM_SPAR": "00055", "PAR_BAN": "วังเบน", "BAN_E": "WBN", "PAR_MOO": "08", "PAR_TAM": "บ่อทอง", "PAR_AMP": "ทองแสนขัน", "PAR_PROV": "อุตรดิตถ์", "NAME_TITLE": "นาย", "SURNAME": "คำลาเลี้ยง", "IDCARD": "3530900116765", "HOME_NO": "111/1", "HOME_BAN": "โคกงาม", "HOME_MOO": "15", "HOME_TAM": "ผักขวง", "HOME_AMP": "ทองแสนขัน", "HOME_PROV": "อุตรดิตถ์", "REMARK": "ไม่ล่อแหลม", "BAN_TYPE": 2, "YEAR": "2562", "NAME_DNP_T": "อุทยานแห่งชาติ", "E": 659015.0, "N": 1933290.0, "NAME": "ประเสริฐ", "PERIMETER": 355.40170844437, "AREA_RAI": 4.0344021703899999, "RAI": 4.0, "NGAN": 0.0, "WA_SQ": 14.0, "OBJECTID": null, "Area": null, "MUBAN": null, "TAMBOL": null, "HOME_BAN_E": null, "TAM_CODE": null, "TAM_NAM_T": null, "AMPHOE_T": null, "AMPHOE_E": null, "PROV_CODE": null, "PROV_NAM_T": null, "PROV_NAM_E": null, "NAME_EN": null, "TAM_NAM_E": null, "Plot_No1": null, "Shape_Le_1": null, "TARGET_F_1": null, "Shape_Leng": null, "Shape_Area": null, "Cal_Rai": null, "layer": "AP1103WBN08", "path": "/Users/ponteerasingto/project11/อุทยานแห่งชาติต้นสักใหญ่/ส่งกรม/Shapefile/1.SHAPEFILE/บ้านวังเบน/AP1103WBN08.shp" }, "geometry": { "type": "MultiPolygon", "coordinates": [ [ [ [ 100.497877279360495, 17.479908583076543 ], [ 100.497461507136563, 17.479499193034858 ], [ 100.497277865008925, 17.479522900010387 ], [ 100.497273770939657, 17.480173565837209 ], [ 100.49754978652922, 17.480532950579303 ], [ 100.498199624846904, 17.48054612532993 ], [ 100.497971940844621, 17.480338558499131 ], [ 100.497877279360495, 17.479908583076543 ] ] ] ] } },
{ "type": "Feature", "properties": { "OBJECTID_1": null, "TARGET_FID": "28", "NAME_DNP": "ต้นสักใหญ่", "CODE_DNP": 1103, "APAR_CODE": "11031000810001WBN08", "APAR_NO": "10008", "NUM_APAR": "10001", "SPAR_CODE": "11030000100028WBN08", "SPAR_NO": "00001", "NUM_SPAR": "00028", "PAR_BAN": "วังเบน", "BAN_E": "WBN", "PAR_MOO": "08", "PAR_TAM": "บ่อทอง", "PAR_AMP": "ทองแสนขัน", "PAR_PROV": "อุตรดิตถ์", "NAME_TITLE": "นาย", "SURNAME": "พลบุญ", "IDCARD": "3530900118661", "HOME_NO": "187", "HOME_BAN": "โคกงาม", "HOME_MOO": "15", "HOME_TAM": "ผักขวง", "HOME_AMP": "ทองแสนขัน", "HOME_PROV": "อุตรดิตถ์", "REMARK": "ล่อแหลม", "BAN_TYPE": 2, "YEAR": "2562", "NAME_DNP_T": "อุทยานแห่งชาติ", "E": 658912.0, "N": 1934513.0, "NAME": "คาร", "PERIMETER": 481.69345999535, "AREA_RAI": 6.0695271447100003, "RAI": 6.0, "NGAN": 0.0, "WA_SQ": 28.0, "OBJECTID": null, "Area": null, "MUBAN": null, "TAMBOL": null, "HOME_BAN_E": null, "TAM_CODE": null, "TAM_NAM_T": null, "AMPHOE_T": null, "AMPHOE_E": null, "PROV_CODE": null, "PROV_NAM_T": null, "PROV_NAM_E": null, "NAME_EN": null, "TAM_NAM_E": null, "Plot_No1": null, "Shape_Le_1": null, "TARGET_F_1": null, "Shape_Leng": null, "Shape_Area": null, "Cal_Rai": null, "layer": "AP1103WBN08", "path": "/Users/ponteerasingto/project11/อุทยานแห่งชาติต้นสักใหญ่/ส่งกรม/Shapefile/1.SHAPEFILE/บ้านวังเบน/AP1103WBN08.shp" }, "geometry": { "type": "MultiPolygon", "coordinates": [ [ [ [ 100.497072141236501, 17.49059061227155 ], [ 100.49674356938651, 17.490181069181855 ], [ 100.496625584011966, 17.490724285904573 ], [ 100.496195061361234, 17.491507542474643 ], [ 100.497020765890042, 17.491975209392365 ], [ 100.496897499112777, 17.491526643608694 ], [ 100.497118949914551, 17.49125636889892 ], [ 100.497072141236501, 17.49059061227155 ] ] ] ] } },
{ "type": "Feature", "properties": { "OBJECTID_1": null, "TARGET_FID": "36", "NAME_DNP": "ต้นสักใหญ่", "CODE_DNP": 1103, "APAR_CODE": "11031001410001WBN08", "APAR_NO": "10014", "NUM_APAR": "10001", "SPAR_CODE": "11030000100036WBN08", "SPAR_NO": "00001", "NUM_SPAR": "00036", "PAR_BAN": "วังเบน", "BAN_E": "WBN", "PAR_MOO": "08", "PAR_TAM": "บ่อทอง", "PAR_AMP": "ทองแสนขัน", "PAR_PROV": "อุตรดิตถ์", "NAME_TITLE": "นาง", "SURNAME": "มาสุ", "IDCARD": "3530900118873", "HOME_NO": "66", "HOME_BAN": "โคกงาม", "HOME_MOO": "15", "HOME_TAM": "ผักขวง", "HOME_AMP": "ทองแสนขัน", "HOME_PROV": "อุตรดิตถ์", "REMARK": "ล่อแหลม", "BAN_TYPE": 2, "YEAR": "2562", "NAME_DNP_T": "อุทยานแห่งชาติ", "E": 660643.0, "N": 1932861.0, "NAME": "บวร", "PERIMETER": 652.21143430567997, "AREA_RAI": 7.6384459699800002, "RAI": 7.0, "NGAN": 2.0, "WA_SQ": 55.0, "OBJECTID": null, "Area": null, "MUBAN": null, "TAMBOL": null, "HOME_BAN_E": null, "TAM_CODE": null, "TAM_NAM_T": null, "AMPHOE_T": null, "AMPHOE_E": null, "PROV_CODE": null, "PROV_NAM_T": null, "PROV_NAM_E": null, "NAME_EN": null, "TAM_NAM_E": null, "Plot_No1": null, "Shape_Le_1": null, "TARGET_F_1": null, "Shape_Leng": null, "Shape_Area": null, "Cal_Rai": null, "layer": "AP1103WBN08", "path": "/Users/ponteerasingto/project11/อุทยานแห่งชาติต้นสักใหญ่/ส่งกรม/Shapefile/1.SHAPEFILE/บ้านวังเบน/AP1103WBN08.shp" }, "geometry": { "type": "MultiPolygon", "coordinates": [ [ [ [ 100.513516124406735, 17.476567977798364 ], [ 100.51337516728897, 17.476295223126851 ], [ 100.513436840622276, 17.476085579334207 ], [ 100.513279939127656, 17.475801536453051 ], [ 100.512662679775204, 17.475437327745162 ], [ 100.512625064403139, 17.475681016785803 ], [ 100.511941383917204, 17.475431406258931 ], [ 100.512456332030013, 17.476363067970791 ], [ 100.512862569389881, 17.476127982980767 ], [ 100.513183734587699, 17.476694482346549 ], [ 100.513764923304294, 17.476942596480203 ], [ 100.513854618096502, 17.47676696765711 ], [ 100.513642583886281, 17.476525179924479 ], [ 100.513516124406735, 17.476567977798364 ] ] ] ] } },
{ "type": "Feature", "properties": { "OBJECTID_1": null, "TARGET_FID": "35", "NAME_DNP": "ต้นสักใหญ่", "CODE_DNP": 1103, "APAR_CODE": "11031001310001WBN08", "APAR_NO": "10013", "NUM_APAR": "10001", "SPAR_CODE": "11030000100035WBN08", "SPAR_NO": "00001", "NUM_SPAR": "00035", "PAR_BAN": "วังเบน", "BAN_E": "WBN", "PAR_MOO": "08", "PAR_TAM": "บ่อทอง", "PAR_AMP": "ทองแสนขัน", "PAR_PROV": "อุตรดิตถ์", "NAME_TITLE": "นาย", "SURNAME": "วงศ์ลา", "IDCARD": "3530900118504", "HOME_NO": "68", "HOME_BAN": "โคกงาม", "HOME_MOO": "15", "HOME_TAM": "ผักขวง", "HOME_AMP": "ทองแสนขัน", "HOME_PROV": "อุตรดิตถ์", "REMARK": "ล่อแหลม", "BAN_TYPE": 2, "YEAR": "2562", "NAME_DNP_T": "อุทยานแห่งชาติ", "E": 660881.0, "N": 1933200.0, "NAME": "เฉย", "PERIMETER": 972.87383669543999, "AREA_RAI": 15.695493594689999, "RAI": 15.0, "NGAN": 2.0, "WA_SQ": 78.0, "OBJECTID": null, "Area": null, "MUBAN": null, "TAMBOL": null, "HOME_BAN_E": null, "TAM_CODE": null, "TAM_NAM_T": null, "AMPHOE_T": null, "AMPHOE_E": null, "PROV_CODE": null, "PROV_NAM_T": null, "PROV_NAM_E": null, "NAME_EN": null, "TAM_NAM_E": null, "Plot_No1": null, "Shape_Le_1": null, "TARGET_F_1": null, "Shape_Leng": null, "Shape_Area": null, "Cal_Rai": null, "layer": "AP1103WBN08", "path": "/Users/ponteerasingto/project11/อุทยานแห่งชาติต้นสักใหญ่/ส่งกรม/Shapefile/1.SHAPEFILE/บ้านวังเบน/AP1103WBN08.shp" }, "geometry": { "type": "MultiPolygon", "coordinates": [ [ [ [ 100.514915203471944, 17.478242295388942 ], [ 100.514354999247104, 17.4777790906302 ], [ 100.514161539777376, 17.478179407197594 ], [ 100.513892281253177, 17.478434768644735 ], [ 100.513921236181574, 17.478593705518648 ], [ 100.514239866030323, 17.478825540992606 ], [ 100.514708515472449, 17.478644956464844 ], [ 100.514915203471944, 17.478242295388942 ] ] ], [ [ [ 100.515798148325359, 17.479604051279328 ], [ 100.515859859025312, 17.478442189814412 ], [ 100.515376971744999, 17.478402868907686 ], [ 100.515159210586518, 17.478916475645978 ], [ 100.514878748521085, 17.479113731377854 ], [ 100.514757502940839, 17.479691470997214 ], [ 100.515143105748948, 17.479628014945931 ], [ 100.515187573935052, 17.480116152031471 ], [ 100.515709620879477, 17.480470928899795 ], [ 100.515862995254579, 17.480256274337645 ], [ 100.516060943424648, 17.480231945257568 ], [ 100.516121763942579, 17.479919621968637 ], [ 100.515798148325359, 17.479604051279328 ] ] ] ] } },
{ "type": "Feature", "properties": { "OBJECTID_1": null, "TARGET_FID": "32", "NAME_DNP": "ต้นสักใหญ่", "CODE_DNP": 1103, "APAR_CODE": "11031001010001WBN08", "APAR_NO": "10010", "NUM_APAR": "10001", "SPAR_CODE": "11030000100032WBN08", "SPAR_NO": "00001", "NUM_SPAR": "00032", "PAR_BAN": "วังเบน", "BAN_E": "WBN", "PAR_MOO": "08", "PAR_TAM": "บ่อทอง", "PAR_AMP": "ทองแสนขัน", "PAR_PROV": "อุตรดิตถ์", "NAME_TITLE": "นาย", "SURNAME": "พลบุญ", "IDCARD": "3530900118661", "HOME_NO": "187", "HOME_BAN": "โคกงาม", "HOME_MOO": "15", "HOME_TAM": "ผักขวง", "HOME_AMP": "ทองแสนขัน", "HOME_PROV": "อุตรดิตถ์", "REMARK": "ล่อแหลม", "BAN_TYPE": 2, "YEAR": "2562", "NAME_DNP_T": "อุทยานแห่งชาติ", "E": 662245.0, "N": 1933889.0, "NAME": "คาร", "PERIMETER": 993.63601828283004, "AREA_RAI": 8.6096999944900006, "RAI": 8.0, "NGAN": 2.0, "WA_SQ": 44.0, "OBJECTID": null, "Area": null, "MUBAN": null, "TAMBOL": null, "HOME_BAN_E": null, "TAM_CODE": null, "TAM_NAM_T": null, "AMPHOE_T": null, "AMPHOE_E": null, "PROV_CODE": null, "PROV_NAM_T": null, "PROV_NAM_E": null, "NAME_EN": null, "TAM_NAM_E": null, "Plot_No1": null, "Shape_Le_1": null, "TARGET_F_1": null, "Shape_Leng": null, "Shape_Area": null, "Cal_Rai": null, "layer": "AP1103WBN08", "path": "/Users/ponteerasingto/project11/อุทยานแห่งชาติต้นสักใหญ่/ส่งกรม/Shapefile/1.SHAPEFILE/บ้านวังเบน/AP1103WBN08.shp" }, "geometry": { "type": "MultiPolygon", "coordinates": [ [ [ [ 100.527515090242375, 17.485913916942948 ], [ 100.527827134579468, 17.485700915935116 ], [ 100.527562204338437, 17.485614213235479 ], [ 100.527526653161985, 17.485469967153602 ], [ 100.527686855807559, 17.485354640994888 ], [ 100.527982432111472, 17.485472800700787 ], [ 100.528333649688349, 17.485135422554368 ], [ 100.529358121690848, 17.485690403481911 ], [ 100.529436600657462, 17.484964667190447 ], [ 100.528639147424016, 17.485176174406543 ], [ 100.528602742380514, 17.484613589528927 ], [ 100.528041051370067, 17.48499281992342 ], [ 100.527686840887156, 17.485036444805125 ], [ 100.527569596637804, 17.485233842076777 ], [ 100.527322123321468, 17.48502276874143 ], [ 100.527054322842588, 17.485225126285783 ], [ 100.526698789304561, 17.485362236570896 ], [ 100.526566525578914, 17.485342969512399 ], [ 100.526397281138074, 17.485425757946466 ], [ 100.526529097258674, 17.485606941811078 ], [ 100.526887273300872, 17.485469811481007 ], [ 100.527350196810801, 17.485537245007933 ], [ 100.527515090242375, 17.485913916942948 ] ] ] ] } },
{ "type": "Feature", "properties": { "OBJECTID_1": null, "TARGET_FID": "34", "NAME_DNP": "ต้นสักใหญ่", "CODE_DNP": 1103, "APAR_CODE": "11031001210001WBN08", "APAR_NO": "10012", "NUM_APAR": "10001", "SPAR_CODE": "11030000100034WBN08", "SPAR_NO": "00001", "NUM_SPAR": "00034", "PAR_BAN": "วังเบน", "BAN_E": "WBN", "PAR_MOO": "08", "PAR_TAM": "บ่อทอง", "PAR_AMP": "ทองแสนขัน", "PAR_PROV": "อุตรดิตถ์", "NAME_TITLE": "นาง", "SURNAME": "พลบุญ", "IDCARD": "3530900118423", "HOME_NO": "191", "HOME_BAN": "โคกงาม", "HOME_MOO": "15", "HOME_TAM": "ผักขวง", "HOME_AMP": "ทองแสนขัน", "HOME_PROV": "อุตรดิตถ์", "REMARK": "ล่อแหลม", "BAN_TYPE": 2, "YEAR": "2562", "NAME_DNP_T": "อุทยานแห่งชาติ", "E": 661286.0, "N": 1933471.0, "NAME": "ปิ่น", "PERIMETER": 1150.8635857097399, "AREA_RAI": 10.57073980957, "RAI": 10.0, "NGAN": 2.0, "WA_SQ": 28.0, "OBJECTID": null, "Area": null, "MUBAN": null, "TAMBOL": null, "HOME_BAN_E": null, "TAM_CODE": null, "TAM_NAM_T": null, "AMPHOE_T": null, "AMPHOE_E": null, "PROV_CODE": null, "PROV_NAM_T": null, "PROV_NAM_E": null, "NAME_EN": null, "TAM_NAM_E": null, "Plot_No1": null, "Shape_Le_1": null, "TARGET_F_1": null, "Shape_Leng": null, "Shape_Area": null, "Cal_Rai": null, "layer": "AP1103WBN08", "path": "/Users/ponteerasingto/project11/อุทยานแห่งชาติต้นสักใหญ่/ส่งกรม/Shapefile/1.SHAPEFILE/บ้านวังเบน/AP1103WBN08.shp" }, "geometry": { "type": "MultiPolygon", "coordinates": [ [ [ [ 100.517194745693402, 17.48051756141319 ], [ 100.51703208701214, 17.480655717033155 ], [ 100.51672326560444, 17.480691035170363 ], [ 100.516875279143179, 17.480862284758999 ], [ 100.51730401340285, 17.4809502873258 ], [ 100.517550986748418, 17.481103063136992 ], [ 100.517612766028719, 17.480965295698677 ], [ 100.517879149523836, 17.480979066539671 ], [ 100.518028386397091, 17.480959372197823 ], [ 100.518120718777752, 17.481267716904732 ], [ 100.518861869674168, 17.481412680484588 ], [ 100.519001340704179, 17.481106773177597 ], [ 100.518749006218187, 17.480872001748093 ], [ 100.518506437357559, 17.480913305614727 ], [ 100.518287063134693, 17.481047677528089 ], [ 100.518196456007118, 17.480937192418409 ], [ 100.518221156263337, 17.480761271675977 ], [ 100.517846318337476, 17.480715420658626 ], [ 100.517194745693402, 17.48051756141319 ] ] ], [ [ [ 100.519438869622007, 17.481600794555174 ], [ 100.519137528687409, 17.48184027812048 ], [ 100.519391153951076, 17.482029059733048 ], [ 100.52087869265884, 17.482545638655992 ], [ 100.521092290087267, 17.48217890081731 ], [ 100.520965523396441, 17.48218494209554 ], [ 100.520792256892648, 17.482318111008144 ], [ 100.520521523859287, 17.48216805680968 ], [ 100.520284515517304, 17.482261146092537 ], [ 100.520153966522045, 17.481898913495463 ], [ 100.520200579745946, 17.481661856797082 ], [ 100.520020012119602, 17.481588743495948 ], [ 100.519438869622007, 17.481600794555174 ] ] ] ] } },
{ "type": "Feature", "properties": { "OBJECTID_1": null, "TARGET_FID": "127", "NAME_DNP": "ต้นสักใหญ่", "CODE_DNP": 1103, "APAR_CODE": "11031004010003WBN08", "APAR_NO": "10040", "NUM_APAR": "10003", "SPAR_CODE": "11030000100127WBN08", "SPAR_NO": "00001", "NUM_SPAR": "00127", "PAR_BAN": "วังเบน", "BAN_E": "WBN", "PAR_MOO": "08", "PAR_TAM": "บ่อทอง", "PAR_AMP": "ทองแสนขัน", "PAR_PROV": "อุตรดิตถ์", "NAME_TITLE": "นาย", "SURNAME": "มะตัน", "IDCARD": "5530990010038", "HOME_NO": "18/2", "HOME_BAN": "วังเบน", "HOME_MOO": "8", "HOME_TAM": "บ่อทอง", "HOME_AMP": "ทองแสนขัน", "HOME_PROV": "อุตรดิตถ์", "REMARK": "ไม่ล่อแหลม", "BAN_TYPE": 2, "YEAR": "2562", "NAME_DNP_T": "อุทยานแห่งชาติ", "E": 653225.0, "N": 1931008.0, "NAME": "สุทา", "PERIMETER": 494.73306472400998, "AREA_RAI": 9.4470540874599997, "RAI": 9.0, "NGAN": 1.0, "WA_SQ": 79.0, "OBJECTID": null, "Area": null, "MUBAN": null, "TAMBOL": null, "HOME_BAN_E": null, "TAM_CODE": null, "TAM_NAM_T": null, "AMPHOE_T": null, "AMPHOE_E": null, "PROV_CODE": null, "PROV_NAM_T": null, "PROV_NAM_E": null, "NAME_EN": null, "TAM_NAM_E": null, "Plot_No1": null, "Shape_Le_1": null, "TARGET_F_1": null, "Shape_Leng": null, "Shape_Area": null, "Cal_Rai": null, "layer": "AP1103WBN08", "path": "/Users/ponteerasingto/project11/อุทยานแห่งชาติต้นสักใหญ่/ส่งกรม/Shapefile/1.SHAPEFILE/บ้านวังเบน/AP1103WBN08.shp" }, "geometry": { "type": "MultiPolygon", "coordinates": [ [ [ [ 100.443409116650372, 17.459526247544868 ], [ 100.442596758573501, 17.459024980478489 ], [ 100.442271662858616, 17.46006115176181 ], [ 100.442628095363787, 17.460430390490121 ], [ 100.443684227900604, 17.460432686673887 ], [ 100.443409116650372, 17.459526247544868 ] ] ] ] } },
{ "type": "Feature", "properties": { "OBJECTID_1": null, "TARGET_FID": "114", "NAME_DNP": "ต้นสักใหญ่", "CODE_DNP": 1103, "APAR_CODE": "11031003610006WBN08", "APAR_NO": "10036", "NUM_APAR": "10006", "SPAR_CODE": "11030000100114WBN08", "SPAR_NO": "00001", "NUM_SPAR": "00114", "PAR_BAN": "วังเบน", "BAN_E": "WBN", "PAR_MOO": "08", "PAR_TAM": "บ่อทอง", "PAR_AMP": "ทองแสนขัน", "PAR_PROV": "อุตรดิตถ์", "NAME_TITLE": "นางสาว", "SURNAME": "อินจันดี", "IDCARD": "3530900303000", "HOME_NO": "83", "HOME_BAN": "วังเบน", "HOME_MOO": "8", "HOME_TAM": "บ่อทอง", "HOME_AMP": "ทองแสนขัน", "HOME_PROV": "อุตรดิตถ์", "REMARK": "ไม่ล่อแหลม", "BAN_TYPE": 2, "YEAR": "2562", "NAME_DNP_T": "อุทยานแห่งชาติ", "E": 655321.0, "N": 1930945.0, "NAME": "ดวงใจ", "PERIMETER": 458.97309343609999, "AREA_RAI": 6.47168859701, "RAI": 6.0, "NGAN": 1.0, "WA_SQ": 89.0, "OBJECTID": null, "Area": null, "MUBAN": null, "TAMBOL": null, "HOME_BAN_E": null, "TAM_CODE": null, "TAM_NAM_T": null, "AMPHOE_T": null, "AMPHOE_E": null, "PROV_CODE": null, "PROV_NAM_T": null, "PROV_NAM_E": null, "NAME_EN": null, "TAM_NAM_E": null, "Plot_No1": null, "Shape_Le_1": null, "TARGET_F_1": null, "Shape_Leng": null, "Shape_Area": null, "Cal_Rai": null, "layer": "AP1103WBN08", "path": "/Users/ponteerasingto/project11/อุทยานแห่งชาติต้นสักใหญ่/ส่งกรม/Shapefile/1.SHAPEFILE/บ้านวังเบน/AP1103WBN08.shp" }, "geometry": { "type": "MultiPolygon", "coordinates": [ [ [ [ 100.462863477212679, 17.459799005447632 ], [ 100.463443158983878, 17.459288685376134 ], [ 100.462830098978586, 17.459048095591022 ], [ 100.462812633742871, 17.458732616178718 ], [ 100.462266782993396, 17.458339068396629 ], [ 100.46218734155994, 17.458944735741756 ], [ 100.462324521676564, 17.459513792672251 ], [ 100.462863477212679, 17.459799005447632 ] ] ] ] } },
{ "type": "Feature", "properties": { "OBJECTID_1": null, "TARGET_FID": "113", "NAME_DNP": "ต้นสักใหญ่", "CODE_DNP": 1103, "APAR_CODE": "11031003610005WBN08", "APAR_NO": "10036", "NUM_APAR": "10005", "SPAR_CODE": "11030000100113WBN08", "SPAR_NO": "00001", "NUM_SPAR": "00113", "PAR_BAN": "วังเบน", "BAN_E": "WBN", "PAR_MOO": "08", "PAR_TAM": "บ่อทอง", "PAR_AMP": "ทองแสนขัน", "PAR_PROV": "อุตรดิตถ์", "NAME_TITLE": "นาง", "SURNAME": "ยะตะนะ", "IDCARD": "3530900277190", "HOME_NO": "38/1", "HOME_BAN": "วังตะเคียน", "HOME_MOO": "8", "HOME_TAM": "ผักขวง", "HOME_AMP": "ทองแสนขัน", "HOME_PROV": "อุตรดิตถ์", "REMARK": "ไม่ล่อแหลม", "BAN_TYPE": 2, "YEAR": "2562", "NAME_DNP_T": "อุทยานแห่งชาติ", "E": 655553.0, "N": 1931043.0, "NAME": "นน", "PERIMETER": 797.99022196100998, "AREA_RAI": 23.704678549290001, "RAI": 23.0, "NGAN": 2.0, "WA_SQ": 82.0, "OBJECTID": null, "Area": null, "MUBAN": null, "TAMBOL": null, "HOME_BAN_E": null, "TAM_CODE": null, "TAM_NAM_T": null, "AMPHOE_T": null, "AMPHOE_E": null, "PROV_CODE": null, "PROV_NAM_T": null, "PROV_NAM_E": null, "NAME_EN": null, "TAM_NAM_E": null, "Plot_No1": null, "Shape_Le_1": null, "TARGET_F_1": null, "Shape_Leng": null, "Shape_Area": null, "Cal_Rai": null, "layer": "AP1103WBN08", "path": "/Users/ponteerasingto/project11/อุทยานแห่งชาติต้นสักใหญ่/ส่งกรม/Shapefile/1.SHAPEFILE/บ้านวังเบน/AP1103WBN08.shp" }, "geometry": { "type": "MultiPolygon", "coordinates": [ [ [ [ 100.465171689922485, 17.461155600780344 ], [ 100.465856378289445, 17.460825234259296 ], [ 100.466248232650756, 17.460372007481272 ], [ 100.465943112466135, 17.460204256421324 ], [ 100.465070917279348, 17.459150190920688 ], [ 100.464250382134153, 17.458975497421591 ], [ 100.463443158983878, 17.459288685376169 ], [ 100.46416619688695, 17.460223185328733 ], [ 100.464557263430123, 17.460852877115286 ], [ 100.465171689922485, 17.461155600780344 ] ] ] ] } },
{ "type": "Feature", "properties": { "OBJECTID_1": null, "TARGET_FID": "94", "NAME_DNP": "ต้นสักใหญ่", "CODE_DNP": 1103, "APAR_CODE": "11031003210002WBN08", "APAR_NO": "10032", "NUM_APAR": "10002", "SPAR_CODE": "11030000100094WBN08", "SPAR_NO": "00001", "NUM_SPAR": "00094", "PAR_BAN": "วังเบน", "BAN_E": "WBN", "PAR_MOO": "08", "PAR_TAM": "บ่อทอง", "PAR_AMP": "ทองแสนขัน", "PAR_PROV": "อุตรดิตถ์", "NAME_TITLE": "นาย", "SURNAME": "หาญดง", "IDCARD": "1530900004979", "HOME_NO": "67", "HOME_BAN": "วังเบน", "HOME_MOO": "8", "HOME_TAM": "บ่อทอง", "HOME_AMP": "ทองแสนขัน", "HOME_PROV": "อุตรดิตถ์", "REMARK": "ไม่ล่อแหลม", "BAN_TYPE": 2, "YEAR": "2562", "NAME_DNP_T": "อุทยานแห่งชาติ", "E": 656769.0, "N": 1931493.0, "NAME": "วัชระ", "PERIMETER": 443.18065991187001, "AREA_RAI": 6.1439239815400004, "RAI": 6.0, "NGAN": 0.0, "WA_SQ": 58.0, "OBJECTID": null, "Area": null, "MUBAN": null, "TAMBOL": null, "HOME_BAN_E": null, "TAM_CODE": null, "TAM_NAM_T": null, "AMPHOE_T": null, "AMPHOE_E": null, "PROV_CODE": null, "PROV_NAM_T": null, "PROV_NAM_E": null, "NAME_EN": null, "TAM_NAM_E": null, "Plot_No1": null, "Shape_Le_1": null, "TARGET_F_1": null, "Shape_Leng": null, "Shape_Area": null, "Cal_Rai": null, "layer": "AP1103WBN08", "path": "/Users/ponteerasingto/project11/อุทยานแห่งชาติต้นสักใหญ่/ส่งกรม/Shapefile/1.SHAPEFILE/บ้านวังเบน/AP1103WBN08.shp" }, "geometry": { "type": "MultiPolygon", "coordinates": [ [ [ [ 100.476803152954389, 17.463907106772911 ], [ 100.476280312660222, 17.463349775072619 ], [ 100.475640015390553, 17.463142587346308 ], [ 100.475843432039341, 17.463882599952196 ], [ 100.476122797749113, 17.464509024303009 ], [ 100.47647207408238, 17.464200016544151 ], [ 100.476851265237229, 17.464240962557323 ], [ 100.476803152954389, 17.463907106772911 ] ] ] ] } },
{ "type": "Feature", "properties": { "OBJECTID_1": null, "TARGET_FID": "107", "NAME_DNP": "ต้นสักใหญ่", "CODE_DNP": 1103, "APAR_CODE": "11031003510001WBN08", "APAR_NO": "10035", "NUM_APAR": "10001", "SPAR_CODE": "11030000100107WBN08", "SPAR_NO": "00001", "NUM_SPAR": "00107", "PAR_BAN": "วังเบน", "BAN_E": "WBN", "PAR_MOO": "08", "PAR_TAM": "บ่อทอง", "PAR_AMP": "ทองแสนขัน", "PAR_PROV": "อุตรดิตถ์", "NAME_TITLE": "นาย", "SURNAME": "ทองจันทร", "IDCARD": "3530090027756", "HOME_NO": "1", "HOME_BAN": "วังเบน", "HOME_MOO": "8", "HOME_TAM": "บ่อทอง", "HOME_AMP": "ทองแสนขัน", "HOME_PROV": "อุตรดิตถ์", "REMARK": "ไม่ล่อแหลม", "BAN_TYPE": 2, "YEAR": "2562", "NAME_DNP_T": "อุทยานแห่งชาติ", "E": 655869.0, "N": 1930910.0, "NAME": "บุญธง", "PERIMETER": 689.09120834018995, "AREA_RAI": 15.712513413630001, "RAI": 15.0, "NGAN": 2.0, "WA_SQ": 85.0, "OBJECTID": null, "Area": null, "MUBAN": null, "TAMBOL": null, "HOME_BAN_E": null, "TAM_CODE": null, "TAM_NAM_T": null, "AMPHOE_T": null, "AMPHOE_E": null, "PROV_CODE": null, "PROV_NAM_T": null, "PROV_NAM_E": null, "NAME_EN": null, "TAM_NAM_E": null, "Plot_No1": null, "Shape_Le_1": null, "TARGET_F_1": null, "Shape_Leng": null, "Shape_Area": null, "Cal_Rai": null, "layer": "AP1103WBN08", "path": "/Users/ponteerasingto/project11/อุทยานแห่งชาติต้นสักใหญ่/ส่งกรม/Shapefile/1.SHAPEFILE/บ้านวังเบน/AP1103WBN08.shp" }, "geometry": { "type": "MultiPolygon", "coordinates": [ [ [ [ 100.467610962161018, 17.460062250260858 ], [ 100.468802041319464, 17.458177862401492 ], [ 100.468752842447444, 17.458038636852173 ], [ 100.46808803849477, 17.457662436964636 ], [ 100.467544987151072, 17.458398059531561 ], [ 100.467230195873952, 17.458675669833422 ], [ 100.466805827330361, 17.45909414557417 ], [ 100.467019246387366, 17.459353369809637 ], [ 100.467610962161018, 17.460062250260858 ] ] ] ] } },
{ "type": "Feature", "properties": { "OBJECTID_1": null, "TARGET_FID": "151", "NAME_DNP": "ต้นสักใหญ่", "CODE_DNP": 1103, "APAR_CODE": "11031005310005WBN08", "APAR_NO": "10053", "NUM_APAR": "10005", "SPAR_CODE": "11030000100152WBN08", "SPAR_NO": "00001", "NUM_SPAR": "00152", "PAR_BAN": "วังเบน", "BAN_E": "WBN", "PAR_MOO": "08", "PAR_TAM": "บ่อทอง", "PAR_AMP": "ทองแสนขัน", "PAR_PROV": "อุตรดิตถ์", "NAME_TITLE": "นาย", "SURNAME": "วรราช", "IDCARD": "3530900274409", "HOME_NO": "70", "HOME_BAN": "วังเบน", "HOME_MOO": "8", "HOME_TAM": "บ่อทอง", "HOME_AMP": "ทองแสนขัน", "HOME_PROV": "อุตรดิตถ์", "REMARK": "ไม่ล่อแหลม", "BAN_TYPE": 2, "YEAR": "2562", "NAME_DNP_T": "อุทยานแห่งชาติ", "E": 654950.0, "N": 1927565.0, "NAME": "สามารถ", "PERIMETER": 636.54955625930995, "AREA_RAI": 12.821370959499999, "RAI": 12.0, "NGAN": 3.0, "WA_SQ": 29.0, "OBJECTID": null, "Area": null, "MUBAN": null, "TAMBOL": null, "HOME_BAN_E": null, "TAM_CODE": null, "TAM_NAM_T": null, "AMPHOE_T": null, "AMPHOE_E": null, "PROV_CODE": null, "PROV_NAM_T": null, "PROV_NAM_E": null, "NAME_EN": null, "TAM_NAM_E": null, "Plot_No1": null, "Shape_Le_1": null, "TARGET_F_1": null, "Shape_Leng": null, "Shape_Area": null, "Cal_Rai": null, "layer": "AP1103WBN08", "path": "/Users/ponteerasingto/project11/อุทยานแห่งชาติต้นสักใหญ่/ส่งกรม/Shapefile/1.SHAPEFILE/บ้านวังเบน/AP1103WBN08.shp" }, "geometry": { "type": "MultiPolygon", "coordinates": [ [ [ [ 100.458971228981255, 17.42993867288811 ], [ 100.459491293716781, 17.429359767128087 ], [ 100.45955410818533, 17.428851854148782 ], [ 100.459352561829846, 17.427979268795365 ], [ 100.458900150845494, 17.427910288078614 ], [ 100.458707118823099, 17.427603234838116 ], [ 100.45817626238231, 17.428033065046296 ], [ 100.458178773350753, 17.428349333713722 ], [ 100.458580098034247, 17.428874934497788 ], [ 100.458912428872011, 17.429455485018746 ], [ 100.458971228981255, 17.42993867288811 ] ] ] ] } },
{ "type": "Feature", "properties": { "OBJECTID_1": null, "TARGET_FID": "150", "NAME_DNP": "ต้นสักใหญ่", "CODE_DNP": 1103, "APAR_CODE": "11031005310004WBN08", "APAR_NO": "10053", "NUM_APAR": "10004", "SPAR_CODE": "11030000100151WBN08", "SPAR_NO": "00001", "NUM_SPAR": "00151", "PAR_BAN": "วังเบน", "BAN_E": "WBN", "PAR_MOO": "08", "PAR_TAM": "บ่อทอง", "PAR_AMP": "ทองแสนขัน", "PAR_PROV": "อุตรดิตถ์", "NAME_TITLE": "นาย", "SURNAME": "โสปัญญะ", "IDCARD": "3530900274611", "HOME_NO": "3", "HOME_BAN": "วังเบน", "HOME_MOO": "8", "HOME_TAM": "บ่อทอง", "HOME_AMP": "ทองแสนขัน", "HOME_PROV": "อุตรดิตถ์", "REMARK": "ไม่ล่อแหลม", "BAN_TYPE": 2, "YEAR": "2562", "NAME_DNP_T": "อุทยานแห่งชาติ", "E": 654839.0, "N": 1927649.0, "NAME": "จันทร์", "PERIMETER": 981.73515104702994, "AREA_RAI": 33.584652914110002, "RAI": 33.0, "NGAN": 2.0, "WA_SQ": 34.0, "OBJECTID": null, "Area": null, "MUBAN": null, "TAMBOL": null, "HOME_BAN_E": null, "TAM_CODE": null, "TAM_NAM_T": null, "AMPHOE_T": null, "AMPHOE_E": null, "PROV_CODE": null, "PROV_NAM_T": null, "PROV_NAM_E": null, "NAME_EN": null, "TAM_NAM_E": null, "Plot_No1": null, "Shape_Le_1": null, "TARGET_F_1": null, "Shape_Leng": null, "Shape_Area": null, "Cal_Rai": null, "layer": "AP1103WBN08", "path": "/Users/ponteerasingto/project11/อุทยานแห่งชาติต้นสักใหญ่/ส่งกรม/Shapefile/1.SHAPEFILE/บ้านวังเบน/AP1103WBN08.shp" }, "geometry": { "type": "MultiPolygon", "coordinates": [ [ [ [ 100.456695395170385, 17.430041024174642 ], [ 100.457153066206814, 17.43025829579026 ], [ 100.457857689950416, 17.430592802075722 ], [ 100.458416598124344, 17.431031513399844 ], [ 100.45893179160646, 17.430369488909033 ], [ 100.458971228981255, 17.42993867288811 ], [ 100.458912428872011, 17.429455485018746 ], [ 100.458580098034247, 17.428874934497788 ], [ 100.458178773350753, 17.428349333713722 ], [ 100.45817626238231, 17.428033065046296 ], [ 100.458229727067049, 17.427685190940586 ], [ 100.457225122695206, 17.427893383697391 ], [ 100.457016499901684, 17.429224293146724 ], [ 100.456833863376033, 17.429688829980456 ], [ 100.456695395170385, 17.430041024174642 ] ] ] ] } },
{ "type": "Feature", "properties": { "OBJECTID_1": null, "TARGET_FID": "15", "NAME_DNP": "ต้นสักใหญ่", "CODE_DNP": 1103, "APAR_CODE": "11031000510004WBN08", "APAR_NO": "10005", "NUM_APAR": "10004", "SPAR_CODE": "11030000100015WBN08", "SPAR_NO": "00001", "NUM_SPAR": "00015", "PAR_BAN": "วังเบน", "BAN_E": "WBN", "PAR_MOO": "08", "PAR_TAM": "บ่อทอง", "PAR_AMP": "ทองแสนขัน", "PAR_PROV": "อุตรดิตถ์", "NAME_TITLE": "นาย", "SURNAME": "คงสังคะ", "IDCARD": "3530900119292", "HOME_NO": "134", "HOME_BAN": "โคกงาม", "HOME_MOO": "15", "HOME_TAM": "ผักขวง", "HOME_AMP": "ทองแสนขัน", "HOME_PROV": "อุตรดิตถ์", "REMARK": "ล่อแหลม", "BAN_TYPE": 2, "YEAR": "2562", "NAME_DNP_T": "อุทยานแห่งชาติ", "E": 655639.0, "N": 1934138.0, "NAME": "วายุ", "PERIMETER": 837.75882307834001, "AREA_RAI": 21.209487875160001, "RAI": 21.0, "NGAN": 0.0, "WA_SQ": 84.0, "OBJECTID": null, "Area": null, "MUBAN": null, "TAMBOL": null, "HOME_BAN_E": null, "TAM_CODE": null, "TAM_NAM_T": null, "AMPHOE_T": null, "AMPHOE_E": null, "PROV_CODE": null, "PROV_NAM_T": null, "PROV_NAM_E": null, "NAME_EN": null, "TAM_NAM_E": null, "Plot_No1": null, "Shape_Le_1": null, "TARGET_F_1": null, "Shape_Leng": null, "Shape_Area": null, "Cal_Rai": null, "layer": "AP1103WBN08", "path": "/Users/ponteerasingto/project11/อุทยานแห่งชาติต้นสักใหญ่/ส่งกรม/Shapefile/1.SHAPEFILE/บ้านวังเบน/AP1103WBN08.shp" }, "geometry": { "type": "MultiPolygon", "coordinates": [ [ [ [ 100.466741554669397, 17.489049372255732 ], [ 100.467354047953094, 17.487924299308318 ], [ 100.466400319864221, 17.487596983564643 ], [ 100.465315273882211, 17.487333889309866 ], [ 100.464906683196162, 17.486876030619062 ], [ 100.464747837026877, 17.487030825398577 ], [ 100.464493958980128, 17.487077880576042 ], [ 100.46445121797791, 17.487620398027374 ], [ 100.465843958287749, 17.48867645635227 ], [ 100.466741554669397, 17.489049372255732 ] ] ] ] } },
{ "type": "Feature", "properties": { "OBJECTID_1": null, "TARGET_FID": "1", "NAME_DNP": "ต้นสักใหญ่", "CODE_DNP": 1103, "APAR_CODE": "11031000110001WBN08", "APAR_NO": "10001", "NUM_APAR": "10001", "SPAR_CODE": "11030000100001WBN08", "SPAR_NO": "00001", "NUM_SPAR": "00001", "PAR_BAN": "วังเบน", "BAN_E": "WBN", "PAR_MOO": "08", "PAR_TAM": "บ่อทอง", "PAR_AMP": "ทองแสนขัน", "PAR_PROV": "อุตรดิตถ์", "NAME_TITLE": "นาย", "SURNAME": "วงษ์ลา", "IDCARD": "3530900117613", "HOME_NO": "88", "HOME_BAN": "โคกงาม", "HOME_MOO": "15", "HOME_TAM": "ผักขวง", "HOME_AMP": "ทองแสนขัน", "HOME_PROV": "อุตรดิตถ์", "REMARK": "ล่อแหลม", "BAN_TYPE": 2, "YEAR": "2562", "NAME_DNP_T": "อุทยานแห่งชาติ", "E": 653959.0, "N": 1932813.0, "NAME": "ทองทิม", "PERIMETER": 1015.38649958306, "AREA_RAI": 22.31107107015, "RAI": 22.0, "NGAN": 1.0, "WA_SQ": 24.0, "OBJECTID": null, "Area": null, "MUBAN": null, "TAMBOL": null, "HOME_BAN_E": null, "TAM_CODE": null, "TAM_NAM_T": null, "AMPHOE_T": null, "AMPHOE_E": null, "PROV_CODE": null, "PROV_NAM_T": null, "PROV_NAM_E": null, "NAME_EN": null, "TAM_NAM_E": null, "Plot_No1": null, "Shape_Le_1": null, "TARGET_F_1": null, "Shape_Leng": null, "Shape_Area": null, "Cal_Rai": null, "layer": "AP1103WBN08", "path": "/Users/ponteerasingto/project11/อุทยานแห่งชาติต้นสักใหญ่/ส่งกรม/Shapefile/1.SHAPEFILE/บ้านวังเบน/AP1103WBN08.shp" }, "geometry": { "type": "MultiPolygon", "coordinates": [ [ [ [ 100.451102708360921, 17.476985948510329 ], [ 100.451460835070833, 17.476326249486544 ], [ 100.451649310021821, 17.476103031305428 ], [ 100.45152463011803, 17.47588823516228 ], [ 100.45119464748386, 17.475747186606263 ], [ 100.450904308312928, 17.47589276428571 ], [ 100.450455257752196, 17.475817140193111 ], [ 100.450233729990231, 17.475676478710358 ], [ 100.450024464294188, 17.475725414866808 ], [ 100.449690024042781, 17.475412967426582 ], [ 100.449444252716859, 17.475404617762475 ], [ 100.449139003543763, 17.475558973786786 ], [ 100.448716549606004, 17.475592479385746 ], [ 100.448322588235044, 17.475220095474949 ], [ 100.448039716367816, 17.475531488207952 ], [ 100.448207923169363, 17.476088074118 ], [ 100.448498727304226, 17.476111310111758 ], [ 100.448809622858647, 17.476002552928041 ], [ 100.4489265866127, 17.476092978524928 ], [ 100.449428216783573, 17.476048753023154 ], [ 100.449684595972485, 17.476803268061136 ], [ 100.450806223205277, 17.476939672465502 ], [ 100.451102708360921, 17.476985948510329 ] ] ] ] } },
{ "type": "Feature", "properties": { "OBJECTID_1": null, "TARGET_FID": "90", "NAME_DNP": "ต้นสักใหญ่", "CODE_DNP": 1103, "APAR_CODE": "11031003110001WBN08", "APAR_NO": "10031", "NUM_APAR": "10001", "SPAR_CODE": "11030000100090WBN08", "SPAR_NO": "00001", "NUM_SPAR": "00090", "PAR_BAN": "วังเบน", "BAN_E": "WBN", "PAR_MOO": "08", "PAR_TAM": "บ่อทอง", "PAR_AMP": "ทองแสนขัน", "PAR_PROV": "อุตรดิตถ์", "NAME_TITLE": "นาง", "SURNAME": "เพชรพิชัย", "IDCARD": "3530900284498", "HOME_NO": "13/3", "HOME_BAN": "วังเบน", "HOME_MOO": "8", "HOME_TAM": "บ่อทอง", "HOME_AMP": "ทองแสนขัน", "HOME_PROV": "อุตรดิตถ์", "REMARK": "ไม่ล่อแหลม", "BAN_TYPE": 2, "YEAR": "2562", "NAME_DNP_T": "อุทยานแห่งชาติ", "E": 656941.0, "N": 1931775.0, "NAME": "ขันแก้ว", "PERIMETER": 640.84544095332001, "AREA_RAI": 14.79126758348, "RAI": 14.0, "NGAN": 3.0, "WA_SQ": 17.0, "OBJECTID": null, "Area": null, "MUBAN": null, "TAMBOL": null, "HOME_BAN_E": null, "TAM_CODE": null, "TAM_NAM_T": null, "AMPHOE_T": null, "AMPHOE_E": null, "PROV_CODE": null, "PROV_NAM_T": null, "PROV_NAM_E": null, "NAME_EN": null, "TAM_NAM_E": null, "Plot_No1": null, "Shape_Le_1": null, "TARGET_F_1": null, "Shape_Leng": null, "Shape_Area": null, "Cal_Rai": null, "layer": "AP1103WBN08", "path": "/Users/ponteerasingto/project11/อุทยานแห่งชาติต้นสักใหญ่/ส่งกรม/Shapefile/1.SHAPEFILE/บ้านวังเบน/AP1103WBN08.shp" }, "geometry": { "type": "MultiPolygon", "coordinates": [ [ [ [ 100.477158633794275, 17.465955792321108 ], [ 100.477363493669145, 17.466839864946301 ], [ 100.477969564653463, 17.467269122119507 ], [ 100.478376241664279, 17.467492016048329 ], [ 100.478543566516464, 17.467502670494405 ], [ 100.478752349342784, 17.467516523611891 ], [ 100.478897599967681, 17.46711683064833 ], [ 100.478898822499517, 17.467114894039621 ], [ 100.477806329525876, 17.46534736351521 ], [ 100.477158633794275, 17.465955792321108 ] ] ] ] } },
{ "type": "Feature", "properties": { "OBJECTID_1": null, "TARGET_FID": "78", "NAME_DNP": "ต้นสักใหญ่", "CODE_DNP": 1103, "APAR_CODE": "11031002410001WBN08", "APAR_NO": "10024", "NUM_APAR": "10001", "SPAR_CODE": "11030000100078WBN08", "SPAR_NO": "00001", "NUM_SPAR": "00078", "PAR_BAN": "วังเบน", "BAN_E": "WBN", "PAR_MOO": "08", "PAR_TAM": "บ่อทอง", "PAR_AMP": "ทองแสนขัน", "PAR_PROV": "อุตรดิตถ์", "NAME_TITLE": "นาย", "SURNAME": "พลบุญ", "IDCARD": "3530900118661", "HOME_NO": "187", "HOME_BAN": "โคกงาม", "HOME_MOO": "15", "HOME_TAM": "ผักขวง", "HOME_AMP": "ทองแสนขัน", "HOME_PROV": "อุตรดิตถ์", "REMARK": "ไม่ล่อแหลม", "BAN_TYPE": 2, "YEAR": "2562", "NAME_DNP_T": "อุทยานแห่งชาติ", "E": 658584.0, "N": 1933231.0, "NAME": "คาร", "PERIMETER": 804.85548712977004, "AREA_RAI": 17.629624741330002, "RAI": 17.0, "NGAN": 2.0, "WA_SQ": 52.0, "OBJECTID": null, "Area": null, "MUBAN": null, "TAMBOL": null, "HOME_BAN_E": null, "TAM_CODE": null, "TAM_NAM_T": null, "AMPHOE_T": null, "AMPHOE_E": null, "PROV_CODE": null, "PROV_NAM_T": null, "PROV_NAM_E": null, "NAME_EN": null, "TAM_NAM_E": null, "Plot_No1": null, "Shape_Le_1": null, "TARGET_F_1": null, "Shape_Leng": null, "Shape_Area": null, "Cal_Rai": null, "layer": "AP1103WBN08", "path": "/Users/ponteerasingto/project11/อุทยานแห่งชาติต้นสักใหญ่/ส่งกรม/Shapefile/1.SHAPEFILE/บ้านวังเบน/AP1103WBN08.shp" }, "geometry": { "type": "MultiPolygon", "coordinates": [ [ [ [ 100.492959536001962, 17.479864419510605 ], [ 100.493110623691265, 17.480248674762688 ], [ 100.493050295338421, 17.48030237277414 ], [ 100.493219028393412, 17.480628794312594 ], [ 100.493652156102854, 17.48062553912419 ], [ 100.493935876298323, 17.480364174492035 ], [ 100.494284063251001, 17.480295634518502 ], [ 100.494520960725822, 17.480187363585365 ], [ 100.494402069256935, 17.479863718577491 ], [ 100.494018715839871, 17.479692636647854 ], [ 100.493957489488622, 17.479317853865307 ], [ 100.494624257807047, 17.479248465789226 ], [ 100.494570178789772, 17.479096744788031 ], [ 100.49400907416485, 17.478974190752719 ], [ 100.493944428402372, 17.47882254897441 ], [ 100.493753802415469, 17.478773272641369 ], [ 100.493498696720195, 17.478592636617208 ], [ 100.492798155237764, 17.478671011650199 ], [ 100.492796061862236, 17.479257136327956 ], [ 100.492959536001962, 17.479864419510605 ] ] ] ] } },
{ "type": "Feature", "properties": { "OBJECTID_1": null, "TARGET_FID": "44", "NAME_DNP": "ต้นสักใหญ่", "CODE_DNP": 1103, "APAR_CODE": "11031001810003WBN08", "APAR_NO": "10018", "NUM_APAR": "10003", "SPAR_CODE": "11030000100044WBN08", "SPAR_NO": "00001", "NUM_SPAR": "00044", "PAR_BAN": "วังเบน", "BAN_E": "WBN", "PAR_MOO": "08", "PAR_TAM": "บ่อทอง", "PAR_AMP": "ทองแสนขัน", "PAR_PROV": "อุตรดิตถ์", "NAME_TITLE": "นาย", "SURNAME": "คำอาจ", "IDCARD": "3530900118415", "HOME_NO": "16", "HOME_BAN": "วังตะเคียน", "HOME_MOO": "8", "HOME_TAM": "ผักขวง", "HOME_AMP": "ทองแสนขัน", "HOME_PROV": "อุตรดิตถ์", "REMARK": "ไม่ล่อแหลม", "BAN_TYPE": 2, "YEAR": "2562", "NAME_DNP_T": "อุทยานแห่งชาติ", "E": 659457.0, "N": 1932782.0, "NAME": "บานเย็น", "PERIMETER": 861.25834678441004, "AREA_RAI": 18.970980430769998, "RAI": 18.0, "NGAN": 3.0, "WA_SQ": 88.0, "OBJECTID": null, "Area": null, "MUBAN": null, "TAMBOL": null, "HOME_BAN_E": null, "TAM_CODE": null, "TAM_NAM_T": null, "AMPHOE_T": null, "AMPHOE_E": null, "PROV_CODE": null, "PROV_NAM_T": null, "PROV_NAM_E": null, "NAME_EN": null, "TAM_NAM_E": null, "Plot_No1": null, "Shape_Le_1": null, "TARGET_F_1": null, "Shape_Leng": null, "Shape_Area": null, "Cal_Rai": null, "layer": "AP1103WBN08", "path": "/Users/ponteerasingto/project11/อุทยานแห่งชาติต้นสักใหญ่/ส่งกรม/Shapefile/1.SHAPEFILE/บ้านวังเบน/AP1103WBN08.shp" }, "geometry": { "type": "MultiPolygon", "coordinates": [ [ [ [ 100.500533423766711, 17.476129226587751 ], [ 100.5006825639108, 17.475861898037465 ], [ 100.501102358122338, 17.475828302571497 ], [ 100.50172513742136, 17.476416907175143 ], [ 100.502812703314405, 17.475629022177049 ], [ 100.502974209662511, 17.47487851291017 ], [ 100.502649817924265, 17.474731736688138 ], [ 100.502471013232409, 17.474824587991261 ], [ 100.501961243517741, 17.474637166447934 ], [ 100.50162736715383, 17.475094125454472 ], [ 100.501209493209956, 17.47532186898329 ], [ 100.500880531756096, 17.474933852199761 ], [ 100.500440520493001, 17.474978533833898 ], [ 100.500533423766711, 17.476129226587751 ] ] ] ] } },
{ "type": "Feature", "properties": { "OBJECTID_1": null, "TARGET_FID": "152", "NAME_DNP": "ต้นสักใหญ่", "CODE_DNP": 1103, "APAR_CODE": "11031005410001WBN08", "APAR_NO": "10054", "NUM_APAR": "10001", "SPAR_CODE": "11030000100153WBN08", "SPAR_NO": "00001", "NUM_SPAR": "00153", "PAR_BAN": "วังเบน", "BAN_E": "WBN", "PAR_MOO": "08", "PAR_TAM": "บ่อทอง", "PAR_AMP": "ทองแสนขัน", "PAR_PROV": "อุตรดิตถ์", "NAME_TITLE": "นาง", "SURNAME": "แก้วเอี่ยม", "IDCARD": "3650300106512", "HOME_NO": "58/2", "HOME_BAN": "ห้วยน้ำปลา", "HOME_MOO": "4", "HOME_TAM": "บ้านดง", "HOME_AMP": "ทองแสนขัน", "HOME_PROV": "อุตรดิตถ์", "REMARK": "ล่อแหลม", "BAN_TYPE": 2, "YEAR": "2562", "NAME_DNP_T": "อุทยานแห่งชาติ", "E": 660540.0, "N": 1927070.0, "NAME": "อ๊อด", "PERIMETER": 302.33099226337998, "AREA_RAI": 3.2234933147499998, "RAI": 3.0, "NGAN": 0.0, "WA_SQ": 89.0, "OBJECTID": null, "Area": null, "MUBAN": null, "TAMBOL": null, "HOME_BAN_E": null, "TAM_CODE": null, "TAM_NAM_T": null, "AMPHOE_T": null, "AMPHOE_E": null, "PROV_CODE": null, "PROV_NAM_T": null, "PROV_NAM_E": null, "NAME_EN": null, "TAM_NAM_E": null, "Plot_No1": null, "Shape_Le_1": null, "TARGET_F_1": null, "Shape_Leng": null, "Shape_Area": null, "Cal_Rai": null, "layer": "AP1103WBN08", "path": "/Users/ponteerasingto/project11/อุทยานแห่งชาติต้นสักใหญ่/ส่งกรม/Shapefile/1.SHAPEFILE/บ้านวังเบน/AP1103WBN08.shp" }, "geometry": { "type": "MultiPolygon", "coordinates": [ [ [ [ 100.511481633780519, 17.424260401936181 ], [ 100.511854259259181, 17.424058842996111 ], [ 100.511865681364029, 17.423768698789498 ], [ 100.511888736134793, 17.423543776211144 ], [ 100.511541824170621, 17.423154295554475 ], [ 100.511295138588068, 17.423443077765722 ], [ 100.511417850928993, 17.423789534747801 ], [ 100.511308780109985, 17.424075311816484 ], [ 100.511481633780519, 17.424260401936181 ] ] ] ] } },
{ "type": "Feature", "properties": { "OBJECTID_1": null, "TARGET_FID": "153", "NAME_DNP": "ต้นสักใหญ่", "CODE_DNP": 1103, "APAR_CODE": "11031005510001WBN08", "APAR_NO": "10055", "NUM_APAR": "10001", "SPAR_CODE": "11030000100154WBN08", "SPAR_NO": "00001", "NUM_SPAR": "00154", "PAR_BAN": "วังเบน", "BAN_E": "WBN", "PAR_MOO": "08", "PAR_TAM": "บ่อทอง", "PAR_AMP": "ทองแสนขัน", "PAR_PROV": "อุตรดิตถ์", "NAME_TITLE": "นาย", "SURNAME": "สีไพร", "IDCARD": "1650300009910", "HOME_NO": "48", "HOME_BAN": "ห้วยน้ำอุ่น", "HOME_MOO": "10", "HOME_TAM": "บ้านดง", "HOME_AMP": "ทองแสนขัน", "HOME_PROV": "อุตรดิตถ์", "REMARK": "ล่อแหลม", "BAN_TYPE": 2, "YEAR": "2562", "NAME_DNP_T": "อุทยานแห่งชาติ", "E": 660710.0, "N": 1927378.0, "NAME": "แสง", "PERIMETER": 376.59332705367001, "AREA_RAI": 3.4736113824700001, "RAI": 3.0, "NGAN": 1.0, "WA_SQ": 89.0, "OBJECTID": null, "Area": null, "MUBAN": null, "TAMBOL": null, "HOME_BAN_E": null, "TAM_CODE": null, "TAM_NAM_T": null, "AMPHOE_T": null, "AMPHOE_E": null, "PROV_CODE": null, "PROV_NAM_T": null, "PROV_NAM_E": null, "NAME_EN": null, "TAM_NAM_E": null, "Plot_No1": null, "Shape_Le_1": null, "TARGET_F_1": null, "Shape_Leng": null, "Shape_Area": null, "Cal_Rai": null, "layer": "AP1103WBN08", "path": "/Users/ponteerasingto/project11/อุทยานแห่งชาติต้นสักใหญ่/ส่งกรม/Shapefile/1.SHAPEFILE/บ้านวังเบน/AP1103WBN08.shp" }, "geometry": { "type": "MultiPolygon", "coordinates": [ [ [ [ 100.512545958220926, 17.426619906356866 ], [ 100.512871224631297, 17.42670053082529 ], [ 100.51339491043845, 17.42683033741989 ], [ 100.513629340295466, 17.426720117921001 ], [ 100.51391646925245, 17.426761243283458 ], [ 100.513758108210283, 17.426436059470305 ], [ 100.513652775903878, 17.426421017684785 ], [ 100.513478597640002, 17.426441467579615 ], [ 100.513229310112436, 17.426414669891741 ], [ 100.513081659750455, 17.426346430498675 ], [ 100.512936548361679, 17.42642138851852 ], [ 100.512729869479088, 17.42625587916632 ], [ 100.512572429308875, 17.426265922095386 ], [ 100.512460565122296, 17.426311107351772 ], [ 100.512545958220926, 17.426619906356866 ] ] ] ] } },
{ "type": "Feature", "properties": { "OBJECTID_1": null, "TARGET_FID": "154", "NAME_DNP": "ต้นสักใหญ่", "CODE_DNP": 1103, "APAR_CODE": "11031005610001WBN08", "APAR_NO": "10056", "NUM_APAR": "10001", "SPAR_CODE": "11030000100155WBN08", "SPAR_NO": "00001", "NUM_SPAR": "00155", "PAR_BAN": "วังเบน", "BAN_E": "WBN", "PAR_MOO": "08", "PAR_TAM": "บ่อทอง", "PAR_AMP": "ทองแสนขัน", "PAR_PROV": "อุตรดิตถ์", "NAME_TITLE": "นางสาว", "SURNAME": "พากันหา", "IDCARD": "3650900135920", "HOME_NO": "30/2", "HOME_BAN": "ห้วยน้ำอุ่น", "HOME_MOO": "10", "HOME_TAM": "บ้านดง", "HOME_AMP": "ทองแสนขัน", "HOME_PROV": "อุตรดิตถ์", "REMARK": "ไม่ล่อแหลม", "BAN_TYPE": 2, "YEAR": "2562", "NAME_DNP_T": "อุทยานแห่งชาติ", "E": 660972.0, "N": 1927394.0, "NAME": "สอ", "PERIMETER": 370.13759572663997, "AREA_RAI": 2.7683563410600001, "RAI": 2.0, "NGAN": 3.0, "WA_SQ": 7.0, "OBJECTID": null, "Area": null, "MUBAN": null, "TAMBOL": null, "HOME_BAN_E": null, "TAM_CODE": null, "TAM_NAM_T": null, "AMPHOE_T": null, "AMPHOE_E": null, "PROV_CODE": null, "PROV_NAM_T": null, "PROV_NAM_E": null, "NAME_EN": null, "TAM_NAM_E": null, "Plot_No1": null, "Shape_Le_1": null, "TARGET_F_1": null, "Shape_Leng": null, "Shape_Area": null, "Cal_Rai": null, "layer": "AP1103WBN08", "path": "/Users/ponteerasingto/project11/อุทยานแห่งชาติต้นสักใหญ่/ส่งกรม/Shapefile/1.SHAPEFILE/บ้านวังเบน/AP1103WBN08.shp" }, "geometry": { "type": "MultiPolygon", "coordinates": [ [ [ [ 100.51540292560793, 17.427185573974096 ], [ 100.515801281568883, 17.427212818016653 ], [ 100.515821455426234, 17.426168312794637 ], [ 100.515500160754797, 17.426056871596916 ], [ 100.51538761389719, 17.42647632183537 ], [ 100.515736994170311, 17.42681518132477 ], [ 100.515385205990199, 17.426846684373491 ], [ 100.51540292560793, 17.427185573974096 ] ] ] ] } },
{ "type": "Feature", "properties": { "OBJECTID_1": null, "TARGET_FID": "155", "NAME_DNP": "ต้นสักใหญ่", "CODE_DNP": 1103, "APAR_CODE": "11031005710001WBN08", "APAR_NO": "10057", "NUM_APAR": "10001", "SPAR_CODE": "11030000100156WBN08", "SPAR_NO": "00001", "NUM_SPAR": "00156", "PAR_BAN": "วังเบน", "BAN_E": "WBN", "PAR_MOO": "08", "PAR_TAM": "บ่อทอง", "PAR_AMP": "ทองแสนขัน", "PAR_PROV": "อุตรดิตถ์", "NAME_TITLE": "นาย", "SURNAME": "ติอิน", "IDCARD": "3650300135440", "HOME_NO": "39", "HOME_BAN": "ห้วยน้ำอุ่น", "HOME_MOO": "10", "HOME_TAM": "บ้านดง", "HOME_AMP": "ทองแสนขัน", "HOME_PROV": "อุตรดิตถ์", "REMARK": "ไม่ล่อแหลม", "BAN_TYPE": 2, "YEAR": "2562", "NAME_DNP_T": "อุทยานแห่งชาติ", "E": 661163.0, "N": 1927477.0, "NAME": "วุฒิ", "PERIMETER": 493.10704455324998, "AREA_RAI": 4.25673000916, "RAI": 4.0, "NGAN": 1.0, "WA_SQ": 3.0, "OBJECTID": null, "Area": null, "MUBAN": null, "TAMBOL": null, "HOME_BAN_E": null, "TAM_CODE": null, "TAM_NAM_T": null, "AMPHOE_T": null, "AMPHOE_E": null, "PROV_CODE": null, "PROV_NAM_T": null, "PROV_NAM_E": null, "NAME_EN": null, "TAM_NAM_E": null, "Plot_No1": null, "Shape_Le_1": null, "TARGET_F_1": null, "Shape_Leng": null, "Shape_Area": null, "Cal_Rai": null, "layer": "AP1103WBN08", "path": "/Users/ponteerasingto/project11/อุทยานแห่งชาติต้นสักใหญ่/ส่งกรม/Shapefile/1.SHAPEFILE/บ้านวังเบน/AP1103WBN08.shp" }, "geometry": { "type": "MultiPolygon", "coordinates": [ [ [ [ 100.516557795039475, 17.427267199405563 ], [ 100.516638187563643, 17.427438234927191 ], [ 100.516893653417426, 17.427530153666623 ], [ 100.517096828321925, 17.427401887191728 ], [ 100.517352955996088, 17.427653374869166 ], [ 100.518045636965155, 17.427686352765917 ], [ 100.518192424598695, 17.427723351344451 ], [ 100.518452066375957, 17.427413477786541 ], [ 100.518119852622235, 17.427293016583295 ], [ 100.517984514615407, 17.427382689926748 ], [ 100.517723065362645, 17.42748232247995 ], [ 100.51756160054083, 17.427443293665693 ], [ 100.517522525569817, 17.427386318556504 ], [ 100.517484981033633, 17.427386604511938 ], [ 100.516803915590273, 17.42696278490854 ], [ 100.516711191248831, 17.427009838335536 ], [ 100.516612545201255, 17.427136714173052 ], [ 100.516557795039475, 17.427267199405563 ] ] ] ] } },
{ "type": "Feature", "properties": { "OBJECTID_1": null, "TARGET_FID": "156", "NAME_DNP": "ต้นสักใหญ่", "CODE_DNP": 1103, "APAR_CODE": "11031005810001WBN08", "APAR_NO": "10058", "NUM_APAR": "10001", "SPAR_CODE": "11030000100157WBN08", "SPAR_NO": "00001", "NUM_SPAR": "00157", "PAR_BAN": "วังเบน", "BAN_E": "WBN", "PAR_MOO": "08", "PAR_TAM": "บ่อทอง", "PAR_AMP": "ทองแสนขัน", "PAR_PROV": "อุตรดิตถ์", "NAME_TITLE": "นาย", "SURNAME": "สุทธิผุย", "IDCARD": "3650300136659", "HOME_NO": "9/2", "HOME_BAN": "ห้วยน้ำอุ่น", "HOME_MOO": "10", "HOME_TAM": "บ้านดง", "HOME_AMP": "ทองแสนขัน", "HOME_PROV": "อุตรดิตถ์", "REMARK": "ไม่ล่อแหลม", "BAN_TYPE": 2, "YEAR": "2562", "NAME_DNP_T": "อุทยานแห่งชาติ", "E": 661364.0, "N": 1927618.0, "NAME": "ถวิล", "PERIMETER": 271.11501315269999, "AREA_RAI": 1.9821910228299999, "RAI": 1.0, "NGAN": 3.0, "WA_SQ": 93.0, "OBJECTID": null, "Area": null, "MUBAN": null, "TAMBOL": null, "HOME_BAN_E": null, "TAM_CODE": null, "TAM_NAM_T": null, "AMPHOE_T": null, "AMPHOE_E": null, "PROV_CODE": null, "PROV_NAM_T": null, "PROV_NAM_E": null, "NAME_EN": null, "TAM_NAM_E": null, "Plot_No1": null, "Shape_Le_1": null, "TARGET_F_1": null, "Shape_Leng": null, "Shape_Area": null, "Cal_Rai": null, "layer": "AP1103WBN08", "path": "/Users/ponteerasingto/project11/อุทยานแห่งชาติต้นสักใหญ่/ส่งกรม/Shapefile/1.SHAPEFILE/บ้านวังเบน/AP1103WBN08.shp" }, "geometry": { "type": "MultiPolygon", "coordinates": [ [ [ [ 100.518825046456541, 17.428660409380804 ], [ 100.518971943161986, 17.428849230121802 ], [ 100.519341845901209, 17.428767228214497 ], [ 100.519548561642452, 17.428916279756539 ], [ 100.519846463257409, 17.428860847680863 ], [ 100.519595540313134, 17.428673943570903 ], [ 100.519502233997471, 17.428394435778404 ], [ 100.519193883179042, 17.428454169315678 ], [ 100.518825046456541, 17.428660409380804 ] ] ] ] } },
{ "type": "Feature", "properties": { "OBJECTID_1": null, "TARGET_FID": "29", "NAME_DNP": "ต้นสักใหญ่", "CODE_DNP": 1103, "APAR_CODE": "11031000810002WBN08", "APAR_NO": "10008", "NUM_APAR": "10002", "SPAR_CODE": "11030000100029WBN08", "SPAR_NO": "00001", "NUM_SPAR": "00029", "PAR_BAN": "วังเบน", "BAN_E": "WBN", "PAR_MOO": "08", "PAR_TAM": "บ่อทอง", "PAR_AMP": "ทองแสนขัน", "PAR_PROV": "อุตรดิตถ์", "NAME_TITLE": "นาย", "SURNAME": "ใจเงิน", "IDCARD": "3530900123150", "HOME_NO": "136", "HOME_BAN": "โคกงาม", "HOME_MOO": "15", "HOME_TAM": "ผักขวง", "HOME_AMP": "ทองแสนขัน", "HOME_PROV": "อุตรดิตถ์", "REMARK": "ล่อแหลม", "BAN_TYPE": 2, "YEAR": "2562", "NAME_DNP_T": "อุทยานแห่งชาติ", "E": 659019.0, "N": 1934537.0, "NAME": "จิระศักดิ์", "PERIMETER": 445.21599347184002, "AREA_RAI": 6.6774748303200004, "RAI": 6.0, "NGAN": 2.0, "WA_SQ": 71.0, "OBJECTID": null, "Area": null, "MUBAN": null, "TAMBOL": null, "HOME_BAN_E": null, "TAM_CODE": null, "TAM_NAM_T": null, "AMPHOE_T": null, "AMPHOE_E": null, "PROV_CODE": null, "PROV_NAM_T": null, "PROV_NAM_E": null, "NAME_EN": null, "TAM_NAM_E": null, "Plot_No1": null, "Shape_Le_1": null, "TARGET_F_1": null, "Shape_Leng": null, "Shape_Area": null, "Cal_Rai": null, "layer": "AP1103WBN08", "path": "/Users/ponteerasingto/project11/อุทยานแห่งชาติต้นสักใหญ่/ส่งกรม/Shapefile/1.SHAPEFILE/บ้านวังเบน/AP1103WBN08.shp" }, "geometry": { "type": "MultiPolygon", "coordinates": [ [ [ [ 100.497818988999953, 17.491985935646298 ], [ 100.498409281855075, 17.491656316777323 ], [ 100.498422114774655, 17.49139800030953 ], [ 100.498205973482854, 17.491170101409615 ], [ 100.497862042541811, 17.491158350022214 ], [ 100.497701065083106, 17.490973071988375 ], [ 100.497478336922129, 17.490549165514775 ], [ 100.497182031287096, 17.490876566489362 ], [ 100.497213689531435, 17.49109151098661 ], [ 100.497235303337234, 17.491296967797549 ], [ 100.497487733164888, 17.491696740701869 ], [ 100.497818988999953, 17.491985935646298 ] ] ] ] } },
{ "type": "Feature", "properties": { "OBJECTID_1": null, "TARGET_FID": "124", "NAME_DNP": "ต้นสักใหญ่", "CODE_DNP": 1103, "APAR_CODE": "11031003910002WBN08", "APAR_NO": "10039", "NUM_APAR": "10002", "SPAR_CODE": "11030000100124WBN08", "SPAR_NO": "00001", "NUM_SPAR": "00124", "PAR_BAN": "วังเบน", "BAN_E": "WBN", "PAR_MOO": "08", "PAR_TAM": "บ่อทอง", "PAR_AMP": "ทองแสนขัน", "PAR_PROV": "อุตรดิตถ์", "NAME_TITLE": "นาย", "SURNAME": "เพ็ชรคำ", "IDCARD": "1530900034941", "HOME_NO": "95/1", "HOME_BAN": "วังเบน", "HOME_MOO": "8", "HOME_TAM": "บ่อทอง", "HOME_AMP": "ทองแสนขัน", "HOME_PROV": "อุตรดิตถ์", "REMARK": "ไม่ล่อแหลม", "BAN_TYPE": 2, "YEAR": "2562", "NAME_DNP_T": "อุทยานแห่งชาติ", "E": 654000.0, "N": 1930920.0, "NAME": "สมทรง", "PERIMETER": 414.95607746730002, "AREA_RAI": 4.0047009646599996, "RAI": 4.0, "NGAN": 0.0, "WA_SQ": 2.0, "OBJECTID": null, "Area": null, "MUBAN": null, "TAMBOL": null, "HOME_BAN_E": null, "TAM_CODE": null, "TAM_NAM_T": null, "AMPHOE_T": null, "AMPHOE_E": null, "PROV_CODE": null, "PROV_NAM_T": null, "PROV_NAM_E": null, "NAME_EN": null, "TAM_NAM_E": null, "Plot_No1": null, "Shape_Le_1": null, "TARGET_F_1": null, "Shape_Leng": null, "Shape_Area": null, "Cal_Rai": null, "layer": "AP1103WBN08", "path": "/Users/ponteerasingto/project11/อุทยานแห่งชาติต้นสักใหญ่/ส่งกรม/Shapefile/1.SHAPEFILE/บ้านวังเบน/AP1103WBN08.shp" }, "geometry": { "type": "MultiPolygon", "coordinates": [ [ [ [ 100.449352931674525, 17.458806934048535 ], [ 100.449722154853006, 17.458877853411252 ], [ 100.450047548422916, 17.459072737759641 ], [ 100.450142901166217, 17.459317117462149 ], [ 100.450430220453725, 17.459422616957728 ], [ 100.450805341233959, 17.459323967281343 ], [ 100.450981573384709, 17.459079344979912 ], [ 100.449502081094266, 17.458563740163875 ], [ 100.449352931674525, 17.458806934048535 ] ] ] ] } },
{ "type": "Feature", "properties": { "OBJECTID_1": null, "TARGET_FID": "118", "NAME_DNP": "ต้นสักใหญ่", "CODE_DNP": 1103, "APAR_CODE": "11031003710002WBN08", "APAR_NO": "10037", "NUM_APAR": "10002", "SPAR_CODE": "11030000100118WBN08", "SPAR_NO": "00001", "NUM_SPAR": "00118", "PAR_BAN": "วังเบน", "BAN_E": "WBN", "PAR_MOO": "08", "PAR_TAM": "บ่อทอง", "PAR_AMP": "ทองแสนขัน", "PAR_PROV": "อุตรดิตถ์", "NAME_TITLE": "นาง", "SURNAME": "หม่องชา", "IDCARD": "3530900275847", "HOME_NO": "27/1", "HOME_BAN": "วังเบน", "HOME_MOO": "8", "HOME_TAM": "บ่อทอง", "HOME_AMP": "ทองแสนขัน", "HOME_PROV": "อุตรดิตถ์", "REMARK": "ไม่ล่อแหลม", "BAN_TYPE": 2, "YEAR": "2562", "NAME_DNP_T": "อุทยานแห่งชาติ", "E": 654936.0, "N": 1930724.0, "NAME": "นันทวดี", "PERIMETER": 752.41365505568001, "AREA_RAI": 16.106489703979999, "RAI": 16.0, "NGAN": 0.0, "WA_SQ": 43.0, "OBJECTID": null, "Area": null, "MUBAN": null, "TAMBOL": null, "HOME_BAN_E": null, "TAM_CODE": null, "TAM_NAM_T": null, "AMPHOE_T": null, "AMPHOE_E": null, "PROV_CODE": null, "PROV_NAM_T": null, "PROV_NAM_E": null, "NAME_EN": null, "TAM_NAM_E": null, "Plot_No1": null, "Shape_Le_1": null, "TARGET_F_1": null, "Shape_Leng": null, "Shape_Area": null, "Cal_Rai": null, "layer": "AP1103WBN08", "path": "/Users/ponteerasingto/project11/อุทยานแห่งชาติต้นสักใหญ่/ส่งกรม/Shapefile/1.SHAPEFILE/บ้านวังเบน/AP1103WBN08.shp" }, "geometry": { "type": "MultiPolygon", "coordinates": [ [ [ [ 100.458002631327702, 17.458025743392049 ], [ 100.458491398341295, 17.458051408927606 ], [ 100.458834771048856, 17.457772403776918 ], [ 100.459325175318867, 17.457643611456959 ], [ 100.459303842036789, 17.457780053400935 ], [ 100.45933299166019, 17.458053510251439 ], [ 100.459887373266923, 17.457636313930994 ], [ 100.459736049202519, 17.457203287788154 ], [ 100.460003693089149, 17.456950860388581 ], [ 100.459555839818236, 17.456419825212421 ], [ 100.458475566012652, 17.456410492560153 ], [ 100.458252772466849, 17.457178062888172 ], [ 100.458388968960122, 17.45735998315147 ], [ 100.458002631327702, 17.458025743392049 ] ] ] ] } },
{ "type": "Feature", "properties": { "OBJECTID_1": null, "TARGET_FID": "100", "NAME_DNP": "ต้นสักใหญ่", "CODE_DNP": 1103, "APAR_CODE": "11031003310005WBN08", "APAR_NO": "10033", "NUM_APAR": "10005", "SPAR_CODE": "11030000100100WBN08", "SPAR_NO": "00001", "NUM_SPAR": "00100", "PAR_BAN": "วังเบน", "BAN_E": "WBN", "PAR_MOO": "08", "PAR_TAM": "บ่อทอง", "PAR_AMP": "ทองแสนขัน", "PAR_PROV": "อุตรดิตถ์", "NAME_TITLE": "นาย", "SURNAME": "น่วมคำ", "IDCARD": "3530900039108", "HOME_NO": "74", "HOME_BAN": "แสนขัน", "HOME_MOO": "1", "HOME_TAM": "บ่อทอง", "HOME_AMP": "ทองแสนขัน", "HOME_PROV": "อุตรดิตถ์", "REMARK": "ไม่ล่อแหลม", "BAN_TYPE": 2, "YEAR": "2562", "NAME_DNP_T": "อุทยานแห่งชาติ", "E": 656423.0, "N": 1931554.0, "NAME": "ต้าน", "PERIMETER": 536.64991330967996, "AREA_RAI": 10.201382908019999, "RAI": 10.0, "NGAN": 0.0, "WA_SQ": 81.0, "OBJECTID": null, "Area": null, "MUBAN": null, "TAMBOL": null, "HOME_BAN_E": null, "TAM_CODE": null, "TAM_NAM_T": null, "AMPHOE_T": null, "AMPHOE_E": null, "PROV_CODE": null, "PROV_NAM_T": null, "PROV_NAM_E": null, "NAME_EN": null, "TAM_NAM_E": null, "Plot_No1": null, "Shape_Le_1": null, "TARGET_F_1": null, "Shape_Leng": null, "Shape_Area": null, "Cal_Rai": null, "layer": "AP1103WBN08", "path": "/Users/ponteerasingto/project11/อุทยานแห่งชาติต้นสักใหญ่/ส่งกรม/Shapefile/1.SHAPEFILE/บ้านวังเบน/AP1103WBN08.shp" }, "geometry": { "type": "MultiPolygon", "coordinates": [ [ [ [ 100.472216522097256, 17.46454983682721 ], [ 100.472616012013177, 17.464897967734228 ], [ 100.474043155795798, 17.465259633299009 ], [ 100.473888739303717, 17.464638346086936 ], [ 100.472867875317306, 17.463888184764119 ], [ 100.472425446384889, 17.463975709679264 ], [ 100.472216522097256, 17.46454983682721 ] ] ] ] } },
{ "type": "Feature", "properties": { "OBJECTID_1": null, "TARGET_FID": "93", "NAME_DNP": "ต้นสักใหญ่", "CODE_DNP": 1103, "APAR_CODE": "11031003210001WBN08", "APAR_NO": "10032", "NUM_APAR": "10001", "SPAR_CODE": "11030000100093WBN08", "SPAR_NO": "00001", "NUM_SPAR": "00093", "PAR_BAN": "วังเบน", "BAN_E": "WBN", "PAR_MOO": "08", "PAR_TAM": "บ่อทอง", "PAR_AMP": "ทองแสนขัน", "PAR_PROV": "อุตรดิตถ์", "NAME_TITLE": "นาย", "SURNAME": "ก้อนคำ", "IDCARD": "3530900285231", "HOME_NO": "88/1", "HOME_BAN": "วังเบน", "HOME_MOO": "8", "HOME_TAM": "บ่อทอง", "HOME_AMP": "ทองแสนขัน", "HOME_PROV": "อุตรดิตถ์", "REMARK": "ไม่ล่อแหลม", "BAN_TYPE": 2, "YEAR": "2562", "NAME_DNP_T": "อุทยานแห่งชาติ", "E": 656695.0, "N": 1931606.0, "NAME": "บุญเกิด", "PERIMETER": 680.95046142803005, "AREA_RAI": 17.762831885370002, "RAI": 17.0, "NGAN": 3.0, "WA_SQ": 5.0, "OBJECTID": null, "Area": null, "MUBAN": null, "TAMBOL": null, "HOME_BAN_E": null, "TAM_CODE": null, "TAM_NAM_T": null, "AMPHOE_T": null, "AMPHOE_E": null, "PROV_CODE": null, "PROV_NAM_T": null, "PROV_NAM_E": null, "NAME_EN": null, "TAM_NAM_E": null, "Plot_No1": null, "Shape_Le_1": null, "TARGET_F_1": null, "Shape_Leng": null, "Shape_Area": null, "Cal_Rai": null, "layer": "AP1103WBN08", "path": "/Users/ponteerasingto/project11/อุทยานแห่งชาติต้นสักใหญ่/ส่งกรม/Shapefile/1.SHAPEFILE/บ้านวังเบน/AP1103WBN08.shp" }, "geometry": { "type": "MultiPolygon", "coordinates": [ [ [ [ 100.474895399388302, 17.465695219874608 ], [ 100.475431897631708, 17.465804810424221 ], [ 100.475949380524298, 17.465736842171015 ], [ 100.476281915560151, 17.465403994726287 ], [ 100.476818317082959, 17.46550162749158 ], [ 100.476682345978077, 17.464699796120858 ], [ 100.475064139196789, 17.464148081235049 ], [ 100.474672759388866, 17.464743945858896 ], [ 100.474895399388302, 17.465695219874608 ] ] ] ] } },
{ "type": "Feature", "properties": { "OBJECTID_1": null, "TARGET_FID": "33", "NAME_DNP": "ต้นสักใหญ่", "CODE_DNP": 1103, "APAR_CODE": "11031001110001WBN08", "APAR_NO": "10011", "NUM_APAR": "10001", "SPAR_CODE": "11030000100033WBN08", "SPAR_NO": "00001", "NUM_SPAR": "00033", "PAR_BAN": "วังเบน", "BAN_E": "WBN", "PAR_MOO": "08", "PAR_TAM": "บ่อทอง", "PAR_AMP": "ทองแสนขัน", "PAR_PROV": "อุตรดิตถ์", "NAME_TITLE": "นาย", "SURNAME": "คำอาจ", "IDCARD": "3530900118415", "HOME_NO": "16", "HOME_BAN": "วังตะเคียน", "HOME_MOO": "8", "HOME_TAM": "ผักขวง", "HOME_AMP": "ทองแสนขัน", "HOME_PROV": "อุตรดิตถ์", "REMARK": "ล่อแหลม", "BAN_TYPE": 2, "YEAR": "2562", "NAME_DNP_T": "อุทยานแห่งชาติ", "E": 661862.0, "N": 1933785.0, "NAME": "บานเย็น", "PERIMETER": 951.63459216376998, "AREA_RAI": 14.32755545483, "RAI": 14.0, "NGAN": 1.0, "WA_SQ": 31.0, "OBJECTID": null, "Area": null, "MUBAN": null, "TAMBOL": null, "HOME_BAN_E": null, "TAM_CODE": null, "TAM_NAM_T": null, "AMPHOE_T": null, "AMPHOE_E": null, "PROV_CODE": null, "PROV_NAM_T": null, "PROV_NAM_E": null, "NAME_EN": null, "TAM_NAM_E": null, "Plot_No1": null, "Shape_Le_1": null, "TARGET_F_1": null, "Shape_Leng": null, "Shape_Area": null, "Cal_Rai": null, "layer": "AP1103WBN08", "path": "/Users/ponteerasingto/project11/อุทยานแห่งชาติต้นสักใหญ่/ส่งกรม/Shapefile/1.SHAPEFILE/บ้านวังเบน/AP1103WBN08.shp" }, "geometry": { "type": "MultiPolygon", "coordinates": [ [ [ [ 100.524341178662567, 17.48505430300126 ], [ 100.524737185594489, 17.485218836997866 ], [ 100.524816061954724, 17.485172593847384 ], [ 100.525362848738951, 17.485475183502928 ], [ 100.52538427945025, 17.485193586120719 ], [ 100.525499402170979, 17.485058324322935 ], [ 100.52554528608799, 17.484857672952216 ], [ 100.525485938594272, 17.484711073666649 ], [ 100.525391401556362, 17.484780256182489 ], [ 100.525311975976436, 17.484760582548688 ], [ 100.525376416624894, 17.484567395024779 ], [ 100.525046166166973, 17.484495984368337 ], [ 100.524810391339798, 17.484605385039341 ], [ 100.524853247033704, 17.484318563767001 ], [ 100.524547396774992, 17.484003286198028 ], [ 100.52455950764724, 17.483871350798083 ], [ 100.524674841530441, 17.483761442177084 ], [ 100.524766144007543, 17.483938221730611 ], [ 100.524911615974631, 17.48395738869943 ], [ 100.524854361849052, 17.483744851862387 ], [ 100.524775359989846, 17.483641500804232 ], [ 100.524178551462455, 17.483619138900334 ], [ 100.523972498273451, 17.483323009505185 ], [ 100.523630287747622, 17.483362847831252 ], [ 100.523423211471751, 17.483289779914564 ], [ 100.523209290428255, 17.483390559268408 ], [ 100.523313520773954, 17.483664282981703 ], [ 100.524114016089598, 17.48409117271861 ], [ 100.523950045392695, 17.4846526042096 ], [ 100.524341178662567, 17.48505430300126 ] ] ] ] } },
{ "type": "Feature", "properties": { "OBJECTID_1": null, "TARGET_FID": "50", "NAME_DNP": "ต้นสักใหญ่", "CODE_DNP": 1103, "APAR_CODE": "11031002010002WBN08", "APAR_NO": "10020", "NUM_APAR": "10002", "SPAR_CODE": "11030000100050WBN08", "SPAR_NO": "00001", "NUM_SPAR": "00050", "PAR_BAN": "วังเบน", "BAN_E": "WBN", "PAR_MOO": "08", "PAR_TAM": "บ่อทอง", "PAR_AMP": "ทองแสนขัน", "PAR_PROV": "อุตรดิตถ์", "NAME_TITLE": "นาย", "SURNAME": "อินสา", "IDCARD": "3530900123940", "HOME_NO": "136", "HOME_BAN": "โคกงาม", "HOME_MOO": "9", "HOME_TAM": "ผักขวง", "HOME_AMP": "ทองแสนขัน", "HOME_PROV": "อุตรดิตถ์", "REMARK": "ล่อแหลม", "BAN_TYPE": 2, "YEAR": "2562", "NAME_DNP_T": "อุทยานแห่งชาติ", "E": 659639.0, "N": 1932256.0, "NAME": "จันทร์", "PERIMETER": 657.62807247305, "AREA_RAI": 11.99992865418, "RAI": 12.0, "NGAN": 0.0, "WA_SQ": 0.0, "OBJECTID": null, "Area": null, "MUBAN": null, "TAMBOL": null, "HOME_BAN_E": null, "TAM_CODE": null, "TAM_NAM_T": null, "AMPHOE_T": null, "AMPHOE_E": null, "PROV_CODE": null, "PROV_NAM_T": null, "PROV_NAM_E": null, "NAME_EN": null, "TAM_NAM_E": null, "Plot_No1": null, "Shape_Le_1": null, "TARGET_F_1": null, "Shape_Leng": null, "Shape_Area": null, "Cal_Rai": null, "layer": "AP1103WBN08", "path": "/Users/ponteerasingto/project11/อุทยานแห่งชาติต้นสักใหญ่/ส่งกรม/Shapefile/1.SHAPEFILE/บ้านวังเบน/AP1103WBN08.shp" }, "geometry": { "type": "MultiPolygon", "coordinates": [ [ [ [ 100.503659111027304, 17.47137208809027 ], [ 100.503825631742757, 17.471103625356179 ], [ 100.504053244292976, 17.470910629431792 ], [ 100.504401735095428, 17.470773639854304 ], [ 100.504552261870032, 17.470561082457586 ], [ 100.504337796400335, 17.470151505016037 ], [ 100.503198775216163, 17.470458195569144 ], [ 100.502566606082894, 17.470127369545565 ], [ 100.502118155698923, 17.470297571342687 ], [ 100.503391687142638, 17.471473530901314 ], [ 100.503659111027304, 17.47137208809027 ] ] ] ] } },
{ "type": "Feature", "properties": { "OBJECTID_1": null, "TARGET_FID": "69", "NAME_DNP": "ต้นสักใหญ่", "CODE_DNP": 1103, "APAR_CODE": "11031002310016WBN08", "APAR_NO": "10023", "NUM_APAR": "10016", "SPAR_CODE": "11030000100069WBN08", "SPAR_NO": "00001", "NUM_SPAR": "00069", "PAR_BAN": "วังเบน", "BAN_E": "WBN", "PAR_MOO": "08", "PAR_TAM": "บ่อทอง", "PAR_AMP": "ทองแสนขัน", "PAR_PROV": "อุตรดิตถ์", "NAME_TITLE": "นาง", "SURNAME": "ตะตา", "IDCARD": "3530900116889", "HOME_NO": "112", "HOME_BAN": "โคกงาม", "HOME_MOO": "15", "HOME_TAM": "ผักขวง", "HOME_AMP": "ทองแสนขัน", "HOME_PROV": "อุตรดิตถ์", "REMARK": "ไม่ล่อแหลม", "BAN_TYPE": 2, "YEAR": "2562", "NAME_DNP_T": "อุทยานแห่งชาติ", "E": 658873.0, "N": 1932060.0, "NAME": "สมฤทธิ", "PERIMETER": 280.20664278026999, "AREA_RAI": 2.0655200810099998, "RAI": 2.0, "NGAN": 0.0, "WA_SQ": 26.0, "OBJECTID": null, "Area": null, "MUBAN": null, "TAMBOL": null, "HOME_BAN_E": null, "TAM_CODE": null, "TAM_NAM_T": null, "AMPHOE_T": null, "AMPHOE_E": null, "PROV_CODE": null, "PROV_NAM_T": null, "PROV_NAM_E": null, "NAME_EN": null, "TAM_NAM_E": null, "Plot_No1": null, "Shape_Le_1": null, "TARGET_F_1": null, "Shape_Leng": null, "Shape_Area": null, "Cal_Rai": null, "layer": "AP1103WBN08", "path": "/Users/ponteerasingto/project11/อุทยานแห่งชาติต้นสักใหญ่/ส่งกรม/Shapefile/1.SHAPEFILE/บ้านวังเบน/AP1103WBN08.shp" }, "geometry": { "type": "MultiPolygon", "coordinates": [ [ [ [ 100.496608480016519, 17.469054518587825 ], [ 100.496523920014724, 17.468590302263152 ], [ 100.495748136340268, 17.469076400961029 ], [ 100.495683720462551, 17.469300784135683 ], [ 100.496044821492703, 17.469212382487768 ], [ 100.496429442777057, 17.469037792982895 ], [ 100.496608480016519, 17.469054518587825 ] ] ] ] } },
{ "type": "Feature", "properties": { "OBJECTID_1": null, "TARGET_FID": "52", "NAME_DNP": "ต้นสักใหญ่", "CODE_DNP": 1103, "APAR_CODE": "11031002110001WBN08", "APAR_NO": "10021", "NUM_APAR": "10001", "SPAR_CODE": "11030000100052WBN08", "SPAR_NO": "00001", "NUM_SPAR": "00052", "PAR_BAN": "วังเบน", "BAN_E": "WBN", "PAR_MOO": "08", "PAR_TAM": "บ่อทอง", "PAR_AMP": "ทองแสนขัน", "PAR_PROV": "อุตรดิตถ์", "NAME_TITLE": "นาง", "SURNAME": "สุริยะเลิศ", "IDCARD": "3530900094389", "HOME_NO": "87/1", "HOME_BAN": "วังโป่ง", "HOME_MOO": "4", "HOME_TAM": "ผักขวง", "HOME_AMP": "ทองแสนขัน", "HOME_PROV": "อุตรดิตถ์", "REMARK": "ไม่ล่อแหลม", "BAN_TYPE": 2, "YEAR": "2562", "NAME_DNP_T": "อุทยานแห่งชาติ", "E": 659442.0, "N": 1932529.0, "NAME": "วิภาพร", "PERIMETER": 403.30366887000002, "AREA_RAI": 5.0937383241700003, "RAI": 5.0, "NGAN": 0.0, "WA_SQ": 37.0, "OBJECTID": null, "Area": null, "MUBAN": null, "TAMBOL": null, "HOME_BAN_E": null, "TAM_CODE": null, "TAM_NAM_T": null, "AMPHOE_T": null, "AMPHOE_E": null, "PROV_CODE": null, "PROV_NAM_T": null, "PROV_NAM_E": null, "NAME_EN": null, "TAM_NAM_E": null, "Plot_No1": null, "Shape_Le_1": null, "TARGET_F_1": null, "Shape_Leng": null, "Shape_Area": null, "Cal_Rai": null, "layer": "AP1103WBN08", "path": "/Users/ponteerasingto/project11/อุทยานแห่งชาติต้นสักใหญ่/ส่งกรม/Shapefile/1.SHAPEFILE/บ้านวังเบน/AP1103WBN08.shp" }, "geometry": { "type": "MultiPolygon", "coordinates": [ [ [ [ 100.501775275878146, 17.473828420562661 ], [ 100.502098152299652, 17.473574970821296 ], [ 100.501774996107102, 17.473311189552128 ], [ 100.501919023730167, 17.472994437076188 ], [ 100.502021770867231, 17.472959432095177 ], [ 100.501981115247972, 17.472834234185498 ], [ 100.501749177202782, 17.472606778533731 ], [ 100.501432585568438, 17.472762063169768 ], [ 100.501070313284259, 17.472931990835484 ], [ 100.501032336827265, 17.473161807244612 ], [ 100.501775275878146, 17.473828420562661 ] ] ] ] } },
{ "type": "Feature", "properties": { "OBJECTID_1": null, "TARGET_FID": "43", "NAME_DNP": "ต้นสักใหญ่", "CODE_DNP": 1103, "APAR_CODE": "11031001810002WBN08", "APAR_NO": "10018", "NUM_APAR": "10002", "SPAR_CODE": "11030000100043WBN08", "SPAR_NO": "00001", "NUM_SPAR": "00043", "PAR_BAN": "วังเบน", "BAN_E": "WBN", "PAR_MOO": "08", "PAR_TAM": "บ่อทอง", "PAR_AMP": "ทองแสนขัน", "PAR_PROV": "อุตรดิตถ์", "NAME_TITLE": "นาย", "SURNAME": "ด่านทิม", "IDCARD": "3530900118458", "HOME_NO": "66/2", "HOME_BAN": "โคกงาม", "HOME_MOO": "15", "HOME_TAM": "ผักขวง", "HOME_AMP": "ทองแสนขัน", "HOME_PROV": "อุตรดิตถ์", "REMARK": "ไม่ล่อแหลม", "BAN_TYPE": 2, "YEAR": "2562", "NAME_DNP_T": "อุทยานแห่งชาติ", "E": 659352.0, "N": 1932966.0, "NAME": "บุญน้อย", "PERIMETER": 708.08320152625004, "AREA_RAI": 11.155459703249999, "RAI": 11.0, "NGAN": 0.0, "WA_SQ": 62.0, "OBJECTID": null, "Area": null, "MUBAN": null, "TAMBOL": null, "HOME_BAN_E": null, "TAM_CODE": null, "TAM_NAM_T": null, "AMPHOE_T": null, "AMPHOE_E": null, "PROV_CODE": null, "PROV_NAM_T": null, "PROV_NAM_E": null, "NAME_EN": null, "TAM_NAM_E": null, "Plot_No1": null, "Shape_Le_1": null, "TARGET_F_1": null, "Shape_Leng": null, "Shape_Area": null, "Cal_Rai": null, "layer": "AP1103WBN08", "path": "/Users/ponteerasingto/project11/อุทยานแห่งชาติต้นสักใหญ่/ส่งกรม/Shapefile/1.SHAPEFILE/บ้านวังเบน/AP1103WBN08.shp" }, "geometry": { "type": "MultiPolygon", "coordinates": [ [ [ [ 100.500118283904911, 17.477781567666252 ], [ 100.500988349581618, 17.47823562864664 ], [ 100.501252104885737, 17.478262160294896 ], [ 100.501224038998799, 17.477980936693459 ], [ 100.501029241893335, 17.477906344362662 ], [ 100.500927166983487, 17.477057103532719 ], [ 100.501123773916206, 17.47686926263825 ], [ 100.501229114624564, 17.476425396004018 ], [ 100.501616684775101, 17.47643185622255 ], [ 100.501342754148737, 17.476147855965579 ], [ 100.501024928821451, 17.476051373648996 ], [ 100.500577955546134, 17.476274382664879 ], [ 100.500118283904911, 17.477781567666252 ] ] ] ] } },
{ "type": "Feature", "properties": { "OBJECTID_1": null, "TARGET_FID": "48", "NAME_DNP": "ต้นสักใหญ่", "CODE_DNP": 1103, "APAR_CODE": "11031001910004WBN08", "APAR_NO": "10019", "NUM_APAR": "10004", "SPAR_CODE": "11030000100048WBN08", "SPAR_NO": "00001", "NUM_SPAR": "00048", "PAR_BAN": "วังเบน", "BAN_E": "WBN", "PAR_MOO": "08", "PAR_TAM": "บ่อทอง", "PAR_AMP": "ทองแสนขัน", "PAR_PROV": "อุตรดิตถ์", "NAME_TITLE": "นาง", "SURNAME": "ตะตา", "IDCARD": "3530900116889", "HOME_NO": "112", "HOME_BAN": "โคกงาม", "HOME_MOO": "15", "HOME_TAM": "ผักขวง", "HOME_AMP": "ทองแสนขัน", "HOME_PROV": "อุตรดิตถ์", "REMARK": "ไม่ล่อแหลม", "BAN_TYPE": 2, "YEAR": "2562", "NAME_DNP_T": "อุทยานแห่งชาติ", "E": 659245.0, "N": 1933095.0, "NAME": "สมฤทธิ", "PERIMETER": 324.30326600725999, "AREA_RAI": 2.8475138661099999, "RAI": 2.0, "NGAN": 3.0, "WA_SQ": 39.0, "OBJECTID": null, "Area": null, "MUBAN": null, "TAMBOL": null, "HOME_BAN_E": null, "TAM_CODE": null, "TAM_NAM_T": null, "AMPHOE_T": null, "AMPHOE_E": null, "PROV_CODE": null, "PROV_NAM_T": null, "PROV_NAM_E": null, "NAME_EN": null, "TAM_NAM_E": null, "Plot_No1": null, "Shape_Le_1": null, "TARGET_F_1": null, "Shape_Leng": null, "Shape_Area": null, "Cal_Rai": null, "layer": "AP1103WBN08", "path": "/Users/ponteerasingto/project11/อุทยานแห่งชาติต้นสักใหญ่/ส่งกรม/Shapefile/1.SHAPEFILE/บ้านวังเบน/AP1103WBN08.shp" }, "geometry": { "type": "MultiPolygon", "coordinates": [ [ [ [ 100.49945639383553, 17.477803380045213 ], [ 100.499681577998246, 17.478862283191901 ], [ 100.49986863830091, 17.478675407757549 ], [ 100.500212819528031, 17.478655556245517 ], [ 100.499918231736501, 17.47816583380299 ], [ 100.499695151605749, 17.477758162056489 ], [ 100.49945639383553, 17.477803380045213 ] ] ] ] } },
{ "type": "Feature", "properties": { "OBJECTID_1": null, "TARGET_FID": "56", "NAME_DNP": "ต้นสักใหญ่", "CODE_DNP": 1103, "APAR_CODE": "11031002310003WBN08", "APAR_NO": "10023", "NUM_APAR": "10003", "SPAR_CODE": "11030000100056WBN08", "SPAR_NO": "00001", "NUM_SPAR": "00056", "PAR_BAN": "วังเบน", "BAN_E": "WBN", "PAR_MOO": "08", "PAR_TAM": "บ่อทอง", "PAR_AMP": "ทองแสนขัน", "PAR_PROV": "อุตรดิตถ์", "NAME_TITLE": "นาง", "SURNAME": "ตะตา", "IDCARD": "3530900116889", "HOME_NO": "112", "HOME_BAN": "โคกงาม", "HOME_MOO": "15", "HOME_TAM": "ผักขวง", "HOME_AMP": "ทองแสนขัน", "HOME_PROV": "อุตรดิตถ์", "REMARK": "ไม่ล่อแหลม", "BAN_TYPE": 2, "YEAR": "2562", "NAME_DNP_T": "อุทยานแห่งชาติ", "E": 658889.0, "N": 1933164.0, "NAME": "สมฤทธิ", "PERIMETER": 660.58037900519003, "AREA_RAI": 9.6089140005899996, "RAI": 9.0, "NGAN": 2.0, "WA_SQ": 44.0, "OBJECTID": null, "Area": null, "MUBAN": null, "TAMBOL": null, "HOME_BAN_E": null, "TAM_CODE": null, "TAM_NAM_T": null, "AMPHOE_T": null, "AMPHOE_E": null, "PROV_CODE": null, "PROV_NAM_T": null, "PROV_NAM_E": null, "NAME_EN": null, "TAM_NAM_E": null, "Plot_No1": null, "Shape_Le_1": null, "TARGET_F_1": null, "Shape_Leng": null, "Shape_Area": null, "Cal_Rai": null, "layer": "AP1103WBN08", "path": "/Users/ponteerasingto/project11/อุทยานแห่งชาติต้นสักใหญ่/ส่งกรม/Shapefile/1.SHAPEFILE/บ้านวังเบน/AP1103WBN08.shp" }, "geometry": { "type": "MultiPolygon", "coordinates": [ [ [ [ 100.496886984753942, 17.480086114046834 ], [ 100.497023360537355, 17.48000805313125 ], [ 100.497031183393403, 17.479094543150346 ], [ 100.497059416530803, 17.478885154748767 ], [ 100.496937520654996, 17.478787190325374 ], [ 100.496665098167739, 17.478875720091086 ], [ 100.496384824347899, 17.478586319766663 ], [ 100.4963731001084, 17.47827362723622 ], [ 100.496539849422504, 17.477938017427533 ], [ 100.495954442675441, 17.478118180477363 ], [ 100.495716798137522, 17.478299837639089 ], [ 100.495956630997995, 17.47916234896196 ], [ 100.496352419099907, 17.479445745501497 ], [ 100.496495248500963, 17.479393245543658 ], [ 100.496886984753942, 17.480086114046834 ] ] ] ] } },
{ "type": "Feature", "properties": { "OBJECTID_1": null, "TARGET_FID": "54", "NAME_DNP": "ต้นสักใหญ่", "CODE_DNP": 1103, "APAR_CODE": "11031002310001WBN08", "APAR_NO": "10023", "NUM_APAR": "10001", "SPAR_CODE": "11030000100054WBN08", "SPAR_NO": "00001", "NUM_SPAR": "00054", "PAR_BAN": "วังเบน", "BAN_E": "WBN", "PAR_MOO": "08", "PAR_TAM": "บ่อทอง", "PAR_AMP": "ทองแสนขัน", "PAR_PROV": "อุตรดิตถ์", "NAME_TITLE": "นาง", "SURNAME": "ตะตา", "IDCARD": "3530900116889", "HOME_NO": "112", "HOME_BAN": "โคกงาม", "HOME_MOO": "15", "HOME_TAM": "ผักขวง", "HOME_AMP": "ทองแสนขัน", "HOME_PROV": "อุตรดิตถ์", "REMARK": "ไม่ล่อแหลม", "BAN_TYPE": 2, "YEAR": "2562", "NAME_DNP_T": "อุทยานแห่งชาติ", "E": 659030.0, "N": 1933445.0, "NAME": "สมฤทธิ", "PERIMETER": 206.52322862771999, "AREA_RAI": 1.46813375003, "RAI": 1.0, "NGAN": 1.0, "WA_SQ": 87.0, "OBJECTID": null, "Area": null, "MUBAN": null, "TAMBOL": null, "HOME_BAN_E": null, "TAM_CODE": null, "TAM_NAM_T": null, "AMPHOE_T": null, "AMPHOE_E": null, "PROV_CODE": null, "PROV_NAM_T": null, "PROV_NAM_E": null, "NAME_EN": null, "TAM_NAM_E": null, "Plot_No1": null, "Shape_Le_1": null, "TARGET_F_1": null, "Shape_Leng": null, "Shape_Area": null, "Cal_Rai": null, "layer": "AP1103WBN08", "path": "/Users/ponteerasingto/project11/อุทยานแห่งชาติต้นสักใหญ่/ส่งกรม/Shapefile/1.SHAPEFILE/บ้านวังเบน/AP1103WBN08.shp" }, "geometry": { "type": "MultiPolygon", "coordinates": [ [ [ [ 100.497617372434718, 17.481887930269092 ], [ 100.497841800466603, 17.481696469775862 ], [ 100.498074164418696, 17.481324217871332 ], [ 100.497752620594625, 17.481154946968303 ], [ 100.497566373968766, 17.481409374659748 ], [ 100.497617372434718, 17.481887930269092 ] ] ] ] } },
{ "type": "Feature", "properties": { "OBJECTID_1": null, "TARGET_FID": "80", "NAME_DNP": "ต้นสักใหญ่", "CODE_DNP": 1103, "APAR_CODE": "11031002610001WBN08", "APAR_NO": "10026", "NUM_APAR": "10001", "SPAR_CODE": "11030000100080WBN08", "SPAR_NO": "00001", "NUM_SPAR": "00080", "PAR_BAN": "วังเบน", "BAN_E": "WBN", "PAR_MOO": "08", "PAR_TAM": "บ่อทอง", "PAR_AMP": "ทองแสนขัน", "PAR_PROV": "อุตรดิตถ์", "NAME_TITLE": "นาย", "SURNAME": "ปิกเพ็ง", "IDCARD": "3530900118563", "HOME_NO": "60", "HOME_BAN": "โคกงาม", "HOME_MOO": "15", "HOME_TAM": "ผักขวง", "HOME_AMP": "ทองแสนขัน", "HOME_PROV": "อุตรดิตถ์", "REMARK": "ล่อแหลม", "BAN_TYPE": 2, "YEAR": "2562", "NAME_DNP_T": "อุทยานแห่งชาติ", "E": 658046.0, "N": 1933511.0, "NAME": "ประดิษฐ", "PERIMETER": 558.16500966804006, "AREA_RAI": 11.05701574459, "RAI": 11.0, "NGAN": 0.0, "WA_SQ": 23.0, "OBJECTID": null, "Area": null, "MUBAN": null, "TAMBOL": null, "HOME_BAN_E": null, "TAM_CODE": null, "TAM_NAM_T": null, "AMPHOE_T": null, "AMPHOE_E": null, "PROV_CODE": null, "PROV_NAM_T": null, "PROV_NAM_E": null, "NAME_EN": null, "TAM_NAM_E": null, "Plot_No1": null, "Shape_Le_1": null, "TARGET_F_1": null, "Shape_Leng": null, "Shape_Area": null, "Cal_Rai": null, "layer": "AP1103WBN08", "path": "/Users/ponteerasingto/project11/อุทยานแห่งชาติต้นสักใหญ่/ส่งกรม/Shapefile/1.SHAPEFILE/บ้านวังเบน/AP1103WBN08.shp" }, "geometry": { "type": "MultiPolygon", "coordinates": [ [ [ [ 100.487855984095233, 17.482240397708168 ], [ 100.488519030944417, 17.483201444582676 ], [ 100.48897579281531, 17.482837985877548 ], [ 100.488835361052196, 17.482463789144322 ], [ 100.488822978230914, 17.482240760855159 ], [ 100.489164154474139, 17.481959302842686 ], [ 100.489161513606177, 17.481634782914892 ], [ 100.488781410715518, 17.481400381603009 ], [ 100.488158075345282, 17.481376076450406 ], [ 100.487855984095233, 17.482240397708168 ] ] ] ] } },
{ "type": "Feature", "properties": { "OBJECTID_1": null, "TARGET_FID": "27", "NAME_DNP": "ต้นสักใหญ่", "CODE_DNP": 1103, "APAR_CODE": "11031000710001WBN08", "APAR_NO": "10007", "NUM_APAR": "10001", "SPAR_CODE": "11030000100027WBN08", "SPAR_NO": "00001", "NUM_SPAR": "00027", "PAR_BAN": "วังเบน", "BAN_E": "WBN", "PAR_MOO": "08", "PAR_TAM": "บ่อทอง", "PAR_AMP": "ทองแสนขัน", "PAR_PROV": "อุตรดิตถ์", "NAME_TITLE": "นาย", "SURNAME": "ด่านทิม", "IDCARD": "3530900118458", "HOME_NO": "66/2", "HOME_BAN": "โคกงาม", "HOME_MOO": "15", "HOME_TAM": "ผักขวง", "HOME_AMP": "ทองแสนขัน", "HOME_PROV": "อุตรดิตถ์", "REMARK": "ล่อแหลม", "BAN_TYPE": 2, "YEAR": "2562", "NAME_DNP_T": "อุทยานแห่งชาติ", "E": 658804.0, "N": 1934042.0, "NAME": "บุญน้อย", "PERIMETER": 813.29382059244995, "AREA_RAI": 14.46919470416, "RAI": 14.0, "NGAN": 1.0, "WA_SQ": 88.0, "OBJECTID": null, "Area": null, "MUBAN": null, "TAMBOL": null, "HOME_BAN_E": null, "TAM_CODE": null, "TAM_NAM_T": null, "AMPHOE_T": null, "AMPHOE_E": null, "PROV_CODE": null, "PROV_NAM_T": null, "PROV_NAM_E": null, "NAME_EN": null, "TAM_NAM_E": null, "Plot_No1": null, "Shape_Le_1": null, "TARGET_F_1": null, "Shape_Leng": null, "Shape_Area": null, "Cal_Rai": null, "layer": "AP1103WBN08", "path": "/Users/ponteerasingto/project11/อุทยานแห่งชาติต้นสักใหญ่/ส่งกรม/Shapefile/1.SHAPEFILE/บ้านวังเบน/AP1103WBN08.shp" }, "geometry": { "type": "MultiPolygon", "coordinates": [ [ [ [ 100.494955826282919, 17.488217755083014 ], [ 100.495221770274924, 17.488029341147097 ], [ 100.495443736920208, 17.488032741129778 ], [ 100.495531076457354, 17.487727828494076 ], [ 100.495682071471037, 17.487452862062149 ], [ 100.49584750806504, 17.48700537558463 ], [ 100.495925850783067, 17.486915982609929 ], [ 100.496485249274656, 17.486412925409024 ], [ 100.496933221654814, 17.486352168095078 ], [ 100.496929778676602, 17.485931389998566 ], [ 100.496583309454437, 17.485555541637375 ], [ 100.496278440925536, 17.486069081370939 ], [ 100.495826596117851, 17.486303121412675 ], [ 100.495163361505419, 17.486624389043211 ], [ 100.494896446851769, 17.4870176057915 ], [ 100.494764313063826, 17.487628212550305 ], [ 100.494955826282919, 17.488217755083014 ] ] ] ] } },
{ "type": "Feature", "properties": { "OBJECTID_1": null, "TARGET_FID": "83", "NAME_DNP": "ต้นสักใหญ่", "CODE_DNP": 1103, "APAR_CODE": "11031002810002WBN08", "APAR_NO": "10028", "NUM_APAR": "10002", "SPAR_CODE": "11030000100083WBN08", "SPAR_NO": "00001", "NUM_SPAR": "00083", "PAR_BAN": "วังเบน", "BAN_E": "WBN", "PAR_MOO": "08", "PAR_TAM": "บ่อทอง", "PAR_AMP": "ทองแสนขัน", "PAR_PROV": "อุตรดิตถ์", "NAME_TITLE": "นางสาว", "SURNAME": "บุญปู่", "IDCARD": "1650800031329", "HOME_NO": "47", "HOME_BAN": "ใหญ่เจริญ", "HOME_MOO": "13", "HOME_TAM": "ผักขวง", "HOME_AMP": "ทองแสนขัน", "HOME_PROV": "อุตรดิตถ์", "REMARK": "ไม่ล่อแหลม", "BAN_TYPE": 2, "YEAR": "2562", "NAME_DNP_T": "อุทยานแห่งชาติ", "E": 657556.0, "N": 1932041.0, "NAME": "วรรณา", "PERIMETER": 308.62389940802001, "AREA_RAI": 3.6924445131099999, "RAI": 3.0, "NGAN": 2.0, "WA_SQ": 77.0, "OBJECTID": null, "Area": null, "MUBAN": null, "TAMBOL": null, "HOME_BAN_E": null, "TAM_CODE": null, "TAM_NAM_T": null, "AMPHOE_T": null, "AMPHOE_E": null, "PROV_CODE": null, "PROV_NAM_T": null, "PROV_NAM_E": null, "NAME_EN": null, "TAM_NAM_E": null, "Plot_No1": null, "Shape_Le_1": null, "TARGET_F_1": null, "Shape_Leng": null, "Shape_Area": null, "Cal_Rai": null, "layer": "AP1103WBN08", "path": "/Users/ponteerasingto/project11/อุทยานแห่งชาติต้นสักใหญ่/ส่งกรม/Shapefile/1.SHAPEFILE/บ้านวังเบน/AP1103WBN08.shp" }, "geometry": { "type": "MultiPolygon", "coordinates": [ [ [ [ 100.483410816162163, 17.469265309560786 ], [ 100.483882812588149, 17.469392755961739 ], [ 100.484240246127925, 17.468641148990574 ], [ 100.483710612304861, 17.468396314575756 ], [ 100.483474629225327, 17.468842329537939 ], [ 100.483410816162163, 17.469265309560786 ] ] ] ] } },
{ "type": "Feature", "properties": { "OBJECTID_1": null, "TARGET_FID": "17", "NAME_DNP": "ต้นสักใหญ่", "CODE_DNP": 1103, "APAR_CODE": "11031000510006WBN08", "APAR_NO": "10005", "NUM_APAR": "10006", "SPAR_CODE": "11030000100017WBN08", "SPAR_NO": "00001", "NUM_SPAR": "00017", "PAR_BAN": "วังเบน", "BAN_E": "WBN", "PAR_MOO": "08", "PAR_TAM": "บ่อทอง", "PAR_AMP": "ทองแสนขัน", "PAR_PROV": "อุตรดิตถ์", "NAME_TITLE": "นาง", "SURNAME": "พลบุญ", "IDCARD": "3530900140844", "HOME_NO": "65/1", "HOME_BAN": "โคกงาม", "HOME_MOO": "15", "HOME_TAM": "ผักขวง", "HOME_AMP": "ทองแสนขัน", "HOME_PROV": "อุตรดิตถ์", "REMARK": "ล่อแหลม", "BAN_TYPE": 2, "YEAR": "2562", "NAME_DNP_T": "อุทยานแห่งชาติ", "E": 655549.0, "N": 1933828.0, "NAME": "สายทอง", "PERIMETER": 824.46022299519996, "AREA_RAI": 17.4139779295, "RAI": 17.0, "NGAN": 1.0, "WA_SQ": 66.0, "OBJECTID": null, "Area": null, "MUBAN": null, "TAMBOL": null, "HOME_BAN_E": null, "TAM_CODE": null, "TAM_NAM_T": null, "AMPHOE_T": null, "AMPHOE_E": null, "PROV_CODE": null, "PROV_NAM_T": null, "PROV_NAM_E": null, "NAME_EN": null, "TAM_NAM_E": null, "Plot_No1": null, "Shape_Le_1": null, "TARGET_F_1": null, "Shape_Leng": null, "Shape_Area": null, "Cal_Rai": null, "layer": "AP1103WBN08", "path": "/Users/ponteerasingto/project11/อุทยานแห่งชาติต้นสักใหญ่/ส่งกรม/Shapefile/1.SHAPEFILE/บ้านวังเบน/AP1103WBN08.shp" }, "geometry": { "type": "MultiPolygon", "coordinates": [ [ [ [ 100.463775105175145, 17.484326984321555 ], [ 100.463468781282444, 17.484880479422056 ], [ 100.463960880071696, 17.485184101906455 ], [ 100.464668251228133, 17.48532347589223 ], [ 100.465349256500673, 17.485697996194855 ], [ 100.465656293174263, 17.486409630228181 ], [ 100.4659177035536, 17.486127563687432 ], [ 100.46624517126854, 17.485863083565793 ], [ 100.466401481150186, 17.485392021155924 ], [ 100.464772222566978, 17.484534857072365 ], [ 100.463775105175145, 17.484326984321555 ] ] ] ] } },
{ "type": "Feature", "properties": { "OBJECTID_1": null, "TARGET_FID": "134", "NAME_DNP": "ต้นสักใหญ่", "CODE_DNP": 1103, "APAR_CODE": "11031004310001WBN08", "APAR_NO": "10043", "NUM_APAR": "10001", "SPAR_CODE": "11030000100134WBN08", "SPAR_NO": "00001", "NUM_SPAR": "00134", "PAR_BAN": "วังเบน", "BAN_E": "WBN", "PAR_MOO": "08", "PAR_TAM": "บ่อทอง", "PAR_AMP": "ทองแสนขัน", "PAR_PROV": "อุตรดิตถ์", "NAME_TITLE": "นาย", "SURNAME": "มีกันหา", "IDCARD": "3530900142537", "HOME_NO": "67", "HOME_BAN": "วังตะเคียน", "HOME_MOO": "8", "HOME_TAM": "ผักขวง", "HOME_AMP": "ทองแสนขัน", "HOME_PROV": "อุตรดิตถ์", "REMARK": "ไม่ล่อแหลม", "BAN_TYPE": 2, "YEAR": "2562", "NAME_DNP_T": "อุทยานแห่งชาติ", "E": 656757.0, "N": 1930460.0, "NAME": "ราเชนทร์", "PERIMETER": 479.82992785912, "AREA_RAI": 4.0386209393700003, "RAI": 4.0, "NGAN": 0.0, "WA_SQ": 15.0, "OBJECTID": null, "Area": null, "MUBAN": null, "TAMBOL": null, "HOME_BAN_E": null, "TAM_CODE": null, "TAM_NAM_T": null, "AMPHOE_T": null, "AMPHOE_E": null, "PROV_CODE": null, "PROV_NAM_T": null, "PROV_NAM_E": null, "NAME_EN": null, "TAM_NAM_E": null, "Plot_No1": null, "Shape_Le_1": null, "TARGET_F_1": null, "Shape_Leng": null, "Shape_Area": null, "Cal_Rai": null, "layer": "AP1103WBN08", "path": "/Users/ponteerasingto/project11/อุทยานแห่งชาติต้นสักใหญ่/ส่งกรม/Shapefile/1.SHAPEFILE/บ้านวังเบน/AP1103WBN08.shp" }, "geometry": { "type": "MultiPolygon", "coordinates": [ [ [ [ 100.475432422317922, 17.454824943288273 ], [ 100.475773879031735, 17.455001732666997 ], [ 100.476073120440674, 17.454576313781455 ], [ 100.476741753492945, 17.455012483627236 ], [ 100.477196724510264, 17.454787017800736 ], [ 100.475613616816318, 17.454273247363112 ], [ 100.475432422317922, 17.454824943288273 ] ] ] ] } },
{ "type": "Feature", "properties": { "OBJECTID_1": null, "TARGET_FID": "133", "NAME_DNP": "ต้นสักใหญ่", "CODE_DNP": 1103, "APAR_CODE": "11031004210001WBN08", "APAR_NO": "10042", "NUM_APAR": "10001", "SPAR_CODE": "11030000100133WBN08", "SPAR_NO": "00001", "NUM_SPAR": "00133", "PAR_BAN": "วังเบน", "BAN_E": "WBN", "PAR_MOO": "08", "PAR_TAM": "บ่อทอง", "PAR_AMP": "ทองแสนขัน", "PAR_PROV": "อุตรดิตถ์", "NAME_TITLE": "นาง", "SURNAME": "สิงห์รัก", "IDCARD": "3530900139676", "HOME_NO": "15", "HOME_BAN": "วังตะเคียน", "HOME_MOO": "8", "HOME_TAM": "ผักขวง", "HOME_AMP": "ทองแสนขัน", "HOME_PROV": "อุตรดิตถ์", "REMARK": "ไม่ล่อแหลม", "BAN_TYPE": 2, "YEAR": "2562", "NAME_DNP_T": "อุทยานแห่งชาติ", "E": 656497.0, "N": 1930411.0, "NAME": "ธาริณี", "PERIMETER": 276.46236182301999, "AREA_RAI": 2.50543441652, "RAI": 2.0, "NGAN": 2.0, "WA_SQ": 2.0, "OBJECTID": null, "Area": null, "MUBAN": null, "TAMBOL": null, "HOME_BAN_E": null, "TAM_CODE": null, "TAM_NAM_T": null, "AMPHOE_T": null, "AMPHOE_E": null, "PROV_CODE": null, "PROV_NAM_T": null, "PROV_NAM_E": null, "NAME_EN": null, "TAM_NAM_E": null, "Plot_No1": null, "Shape_Le_1": null, "TARGET_F_1": null, "Shape_Leng": null, "Shape_Area": null, "Cal_Rai": null, "layer": "AP1103WBN08", "path": "/Users/ponteerasingto/project11/อุทยานแห่งชาติต้นสักใหญ่/ส่งกรม/Shapefile/1.SHAPEFILE/บ้านวังเบน/AP1103WBN08.shp" }, "geometry": { "type": "MultiPolygon", "coordinates": [ [ [ [ 100.473677445800035, 17.454743875686383 ], [ 100.473891880752518, 17.454691479511474 ], [ 100.473949502519474, 17.454499776061422 ], [ 100.473902051448263, 17.454186641031452 ], [ 100.47391807436837, 17.45393807478677 ], [ 100.47376870195788, 17.45391786592106 ], [ 100.473741693364587, 17.453873358517491 ], [ 100.473342072187776, 17.453860145752287 ], [ 100.473677445800035, 17.454743875686383 ] ] ] ] } },
{ "type": "Feature", "properties": { "OBJECTID_1": null, "TARGET_FID": "125", "NAME_DNP": "ต้นสักใหญ่", "CODE_DNP": 1103, "APAR_CODE": "11031004020001WBN08", "APAR_NO": "10040", "NUM_APAR": "20001", "SPAR_CODE": "11030000100125WBN08", "SPAR_NO": "00001", "NUM_SPAR": "00125", "PAR_BAN": "วังเบน", "BAN_E": "WBN", "PAR_MOO": "08", "PAR_TAM": "บ่อทอง", "PAR_AMP": "ทองแสนขัน", "PAR_PROV": "อุตรดิตถ์", "NAME_TITLE": "นาง", "SURNAME": "บุญผม", "IDCARD": "3530900277017", "HOME_NO": "30/2", "HOME_BAN": "วังเบน", "HOME_MOO": "8", "HOME_TAM": "บ่อทอง", "HOME_AMP": "ทองแสนขัน", "HOME_PROV": "อุตรดิตถ์", "REMARK": "ล่อแหลม", "BAN_TYPE": 2, "YEAR": "2562", "NAME_DNP_T": "อุทยานแห่งชาติ", "E": 653232.0, "N": 1931297.0, "NAME": "ทองคำ", "PERIMETER": 772.79053742097994, "AREA_RAI": 21.418537520809998, "RAI": 21.0, "NGAN": 1.0, "WA_SQ": 67.0, "OBJECTID": null, "Area": null, "MUBAN": null, "TAMBOL": null, "HOME_BAN_E": null, "TAM_CODE": null, "TAM_NAM_T": null, "AMPHOE_T": null, "AMPHOE_E": null, "PROV_CODE": null, "PROV_NAM_T": null, "PROV_NAM_E": null, "NAME_EN": null, "TAM_NAM_E": null, "Plot_No1": null, "Shape_Le_1": null, "TARGET_F_1": null, "Shape_Leng": null, "Shape_Area": null, "Cal_Rai": null, "layer": "AP1103WBN08", "path": "/Users/ponteerasingto/project11/อุทยานแห่งชาติต้นสักใหญ่/ส่งกรม/Shapefile/1.SHAPEFILE/บ้านวังเบน/AP1103WBN08.shp" }, "geometry": { "type": "MultiPolygon", "coordinates": [ [ [ [ 100.441784074531228, 17.462622938069568 ], [ 100.442240551542866, 17.463197981831236 ], [ 100.442695465946898, 17.463574226765353 ], [ 100.443193898696677, 17.463498316423792 ], [ 100.443386230355401, 17.463438041650079 ], [ 100.443829045183506, 17.46237911649331 ], [ 100.443952122975432, 17.461739680671791 ], [ 100.443844189172779, 17.461281076585344 ], [ 100.443909749386151, 17.461175730670824 ], [ 100.443884742002837, 17.461093337233649 ], [ 100.443114478229802, 17.461568604849862 ], [ 100.442347984409636, 17.462176046695635 ], [ 100.441992977329775, 17.462457385447152 ], [ 100.441784074531228, 17.462622938069568 ] ] ] ] } },
{ "type": "Feature", "properties": { "OBJECTID_1": null, "TARGET_FID": "126", "NAME_DNP": "ต้นสักใหญ่", "CODE_DNP": 1103, "APAR_CODE": "11031004020002WBN08", "APAR_NO": "10040", "NUM_APAR": "20002", "SPAR_CODE": "11030000100126WBN08", "SPAR_NO": "00001", "NUM_SPAR": "00126", "PAR_BAN": "วังเบน", "BAN_E": "WBN", "PAR_MOO": "08", "PAR_TAM": "บ่อทอง", "PAR_AMP": "ทองแสนขัน", "PAR_PROV": "อุตรดิตถ์", "NAME_TITLE": "นาย", "SURNAME": "กุลวงษ์", "IDCARD": "3530900275766", "HOME_NO": "30/1", "HOME_BAN": "วังเบน", "HOME_MOO": "8", "HOME_TAM": "บ่อทอง", "HOME_AMP": "ทองแสนขัน", "HOME_PROV": "อุตรดิตถ์", "REMARK": "ล่อแหลม", "BAN_TYPE": 2, "YEAR": "2562", "NAME_DNP_T": "อุทยานแห่งชาติ", "E": 653204.0, "N": 1931145.0, "NAME": "สีไพร", "PERIMETER": 665.32636946393995, "AREA_RAI": 17.168517899929999, "RAI": 17.0, "NGAN": 0.0, "WA_SQ": 67.0, "OBJECTID": null, "Area": null, "MUBAN": null, "TAMBOL": null, "HOME_BAN_E": null, "TAM_CODE": null, "TAM_NAM_T": null, "AMPHOE_T": null, "AMPHOE_E": null, "PROV_CODE": null, "PROV_NAM_T": null, "PROV_NAM_E": null, "NAME_EN": null, "TAM_NAM_E": null, "Plot_No1": null, "Shape_Le_1": null, "TARGET_F_1": null, "Shape_Leng": null, "Shape_Area": null, "Cal_Rai": null, "layer": "AP1103WBN08", "path": "/Users/ponteerasingto/project11/อุทยานแห่งชาติต้นสักใหญ่/ส่งกรม/Shapefile/1.SHAPEFILE/บ้านวังเบน/AP1103WBN08.shp" }, "geometry": { "type": "MultiPolygon", "coordinates": [ [ [ [ 100.44169266441601, 17.461048773146409 ], [ 100.442347984409636, 17.462176046695635 ], [ 100.443114478229802, 17.461568604849862 ], [ 100.443884742002837, 17.461093337233649 ], [ 100.443684227900619, 17.460432686673901 ], [ 100.442228200860143, 17.46043281948042 ], [ 100.44169266441601, 17.461048773146409 ] ] ] ] } },
{ "type": "Feature", "properties": { "OBJECTID_1": null, "TARGET_FID": "123", "NAME_DNP": "ต้นสักใหญ่", "CODE_DNP": 1103, "APAR_CODE": "11031003920001WBN08", "APAR_NO": "10039", "NUM_APAR": "20001", "SPAR_CODE": "11030000100123WBN08", "SPAR_NO": "00001", "NUM_SPAR": "00123", "PAR_BAN": "วังเบน", "BAN_E": "WBN", "PAR_MOO": "08", "PAR_TAM": "บ่อทอง", "PAR_AMP": "ทองแสนขัน", "PAR_PROV": "อุตรดิตถ์", "NAME_TITLE": "นาย", "SURNAME": "บุญสอาด", "IDCARD": "1530900002259", "HOME_NO": "148", "HOME_BAN": "วังเบน", "HOME_MOO": "8", "HOME_TAM": "บ่อทอง", "HOME_AMP": "ทองแสนขัน", "HOME_PROV": "อุตรดิตถ์", "REMARK": "ไม่ล่อแหลม", "BAN_TYPE": 2, "YEAR": "2562", "NAME_DNP_T": "อุทยานแห่งชาติ", "E": 653943.0, "N": 1931026.0, "NAME": "สยาม", "PERIMETER": 650.31993214722002, "AREA_RAI": 16.993957006919999, "RAI": 16.0, "NGAN": 3.0, "WA_SQ": 98.0, "OBJECTID": null, "Area": null, "MUBAN": null, "TAMBOL": null, "HOME_BAN_E": null, "TAM_CODE": null, "TAM_NAM_T": null, "AMPHOE_T": null, "AMPHOE_E": null, "PROV_CODE": null, "PROV_NAM_T": null, "PROV_NAM_E": null, "NAME_EN": null, "TAM_NAM_E": null, "Plot_No1": null, "Shape_Le_1": null, "TARGET_F_1": null, "Shape_Leng": null, "Shape_Area": null, "Cal_Rai": null, "layer": "AP1103WBN08", "path": "/Users/ponteerasingto/project11/อุทยานแห่งชาติต้นสักใหญ่/ส่งกรม/Shapefile/1.SHAPEFILE/บ้านวังเบน/AP1103WBN08.shp" }, "geometry": { "type": "MultiPolygon", "coordinates": [ [ [ [ 100.449896626484133, 17.460964460892132 ], [ 100.450138984257336, 17.460655444796725 ], [ 100.45044803262202, 17.460445346369195 ], [ 100.450709147109009, 17.460127156158524 ], [ 100.450582031882632, 17.459531657983153 ], [ 100.449156018973156, 17.459128186424326 ], [ 100.4485927565308, 17.460047112710434 ], [ 100.449363379111389, 17.460600278546512 ], [ 100.449454418783262, 17.460577221211178 ], [ 100.449455096677283, 17.460662917176908 ], [ 100.449665794083955, 17.46080681373531 ], [ 100.449896626484133, 17.460964460892132 ] ] ] ] } },
{ "type": "Feature", "properties": { "OBJECTID_1": null, "TARGET_FID": "121", "NAME_DNP": "ต้นสักใหญ่", "CODE_DNP": 1103, "APAR_CODE": "11031003820001WBN08", "APAR_NO": "10038", "NUM_APAR": "20001", "SPAR_CODE": "11030000100121WBN08", "SPAR_NO": "00001", "NUM_SPAR": "00121", "PAR_BAN": "วังเบน", "BAN_E": "WBN", "PAR_MOO": "08", "PAR_TAM": "บ่อทอง", "PAR_AMP": "ทองแสนขัน", "PAR_PROV": "อุตรดิตถ์", "NAME_TITLE": "นาย", "SURNAME": "แก้วสุมาล", "IDCARD": "3530900117001", "HOME_NO": "87", "HOME_BAN": "วังเบน", "HOME_MOO": "8", "HOME_TAM": "บ่อทอง", "HOME_AMP": "ทองแสนขัน", "HOME_PROV": "อุตรดิตถ์", "REMARK": "ไม่ล่อแหลม", "BAN_TYPE": 2, "YEAR": "2562", "NAME_DNP_T": "อุทยานแห่งชาติ", "E": 654547.0, "N": 1930902.0, "NAME": "ดวงจันทร์", "PERIMETER": 409.73396236782003, "AREA_RAI": 6.4405563211699999, "RAI": 6.0, "NGAN": 1.0, "WA_SQ": 76.0, "OBJECTID": null, "Area": null, "MUBAN": null, "TAMBOL": null, "HOME_BAN_E": null, "TAM_CODE": null, "TAM_NAM_T": null, "AMPHOE_T": null, "AMPHOE_E": null, "PROV_CODE": null, "PROV_NAM_T": null, "PROV_NAM_E": null, "NAME_EN": null, "TAM_NAM_E": null, "Plot_No1": null, "Shape_Le_1": null, "TARGET_F_1": null, "Shape_Leng": null, "Shape_Area": null, "Cal_Rai": null, "layer": "AP1103WBN08", "path": "/Users/ponteerasingto/project11/อุทยานแห่งชาติต้นสักใหญ่/ส่งกรม/Shapefile/1.SHAPEFILE/บ้านวังเบน/AP1103WBN08.shp" }, "geometry": { "type": "MultiPolygon", "coordinates": [ [ [ [ 100.454809606552558, 17.459114201880702 ], [ 100.455816919790436, 17.459338406023736 ], [ 100.45596128500631, 17.458471853196208 ], [ 100.454852919460279, 17.458353545332251 ], [ 100.454809606552558, 17.459114201880702 ] ] ] ] } },
{ "type": "Feature", "properties": { "OBJECTID_1": null, "TARGET_FID": "120", "NAME_DNP": "ต้นสักใหญ่", "CODE_DNP": 1103, "APAR_CODE": "11031003720004WBN08", "APAR_NO": "10037", "NUM_APAR": "20004", "SPAR_CODE": "11030000100120WBN08", "SPAR_NO": "00001", "NUM_SPAR": "00120", "PAR_BAN": "วังเบน", "BAN_E": "WBN", "PAR_MOO": "08", "PAR_TAM": "บ่อทอง", "PAR_AMP": "ทองแสนขัน", "PAR_PROV": "อุตรดิตถ์", "NAME_TITLE": "นาย", "SURNAME": "แร่กุล", "IDCARD": "3530900054271", "HOME_NO": "29/3", "HOME_BAN": "วังเบน", "HOME_MOO": "8", "HOME_TAM": "บ่อทอง", "HOME_AMP": "ทองแสนขัน", "HOME_PROV": "อุตรดิตถ์", "REMARK": "ไม่ล่อแหลม", "BAN_TYPE": 2, "YEAR": "2562", "NAME_DNP_T": "อุทยานแห่งชาติ", "E": 654394.0, "N": 1930417.0, "NAME": "บุญเรือง", "PERIMETER": 803.06534177213996, "AREA_RAI": 18.44384195424, "RAI": 18.0, "NGAN": 1.0, "WA_SQ": 78.0, "OBJECTID": null, "Area": null, "MUBAN": null, "TAMBOL": null, "HOME_BAN_E": null, "TAM_CODE": null, "TAM_NAM_T": null, "AMPHOE_T": null, "AMPHOE_E": null, "PROV_CODE": null, "PROV_NAM_T": null, "PROV_NAM_E": null, "NAME_EN": null, "TAM_NAM_E": null, "Plot_No1": null, "Shape_Le_1": null, "TARGET_F_1": null, "Shape_Leng": null, "Shape_Area": null, "Cal_Rai": null, "layer": "AP1103WBN08", "path": "/Users/ponteerasingto/project11/อุทยานแห่งชาติต้นสักใหญ่/ส่งกรม/Shapefile/1.SHAPEFILE/บ้านวังเบน/AP1103WBN08.shp" }, "geometry": { "type": "MultiPolygon", "coordinates": [ [ [ [ 100.45263199627513, 17.454105862540992 ], [ 100.454059577450693, 17.455248272006223 ], [ 100.454470893132864, 17.455577419039667 ], [ 100.454495099574373, 17.455499811715818 ], [ 100.455160886938003, 17.455160584331892 ], [ 100.454572660751523, 17.454595571097787 ], [ 100.454643316679821, 17.454007666693858 ], [ 100.454131846114606, 17.453622825392738 ], [ 100.453765609135857, 17.453742979062703 ], [ 100.45300317075916, 17.453766621467391 ], [ 100.452582131895326, 17.453536999371384 ], [ 100.45263199627513, 17.454105862540992 ] ] ] ] } },
{ "type": "Feature", "properties": { "OBJECTID_1": null, "TARGET_FID": "119", "NAME_DNP": "ต้นสักใหญ่", "CODE_DNP": 1103, "APAR_CODE": "11031003720003WBN08", "APAR_NO": "10037", "NUM_APAR": "20003", "SPAR_CODE": "11030000100119WBN08", "SPAR_NO": "00001", "NUM_SPAR": "00119", "PAR_BAN": "วังเบน", "BAN_E": "WBN", "PAR_MOO": "08", "PAR_TAM": "บ่อทอง", "PAR_AMP": "ทองแสนขัน", "PAR_PROV": "อุตรดิตถ์", "NAME_TITLE": "นาง", "SURNAME": "มาไกล", "IDCARD": "3530900275987", "HOME_NO": "29/3", "HOME_BAN": "วังเบน", "HOME_MOO": "8", "HOME_TAM": "บ่อทอง", "HOME_AMP": "ทองแสนขัน", "HOME_PROV": "อุตรดิตถ์", "REMARK": "ไม่ล่อแหลม", "BAN_TYPE": 2, "YEAR": "2562", "NAME_DNP_T": "อุทยานแห่งชาติ", "E": 654565.0, "N": 1930583.0, "NAME": "สงัด", "PERIMETER": 569.15835084618004, "AREA_RAI": 10.869061938190001, "RAI": 10.0, "NGAN": 3.0, "WA_SQ": 48.0, "OBJECTID": null, "Area": null, "MUBAN": null, "TAMBOL": null, "HOME_BAN_E": null, "TAM_CODE": null, "TAM_NAM_T": null, "AMPHOE_T": null, "AMPHOE_E": null, "PROV_CODE": null, "PROV_NAM_T": null, "PROV_NAM_E": null, "NAME_EN": null, "TAM_NAM_E": null, "Plot_No1": null, "Shape_Le_1": null, "TARGET_F_1": null, "Shape_Leng": null, "Shape_Area": null, "Cal_Rai": null, "layer": "AP1103WBN08", "path": "/Users/ponteerasingto/project11/อุทยานแห่งชาติต้นสักใหญ่/ส่งกรม/Shapefile/1.SHAPEFILE/บ้านวังเบน/AP1103WBN08.shp" }, "geometry": { "type": "MultiPolygon", "coordinates": [ [ [ [ 100.455823005471487, 17.456701354382695 ], [ 100.45608652721873, 17.4567171668131 ], [ 100.456514218947561, 17.456036281540282 ], [ 100.45577671485448, 17.455644063012571 ], [ 100.455160886938003, 17.455160584331892 ], [ 100.454495099574373, 17.455499811715818 ], [ 100.454470893132864, 17.455577419039667 ], [ 100.455823005471487, 17.456701354382695 ] ] ] ] } },
{ "type": "Feature", "properties": { "OBJECTID_1": null, "TARGET_FID": "122", "NAME_DNP": "ต้นสักใหญ่", "CODE_DNP": 1103, "APAR_CODE": "11031003820002WBN08", "APAR_NO": "10038", "NUM_APAR": "20002", "SPAR_CODE": "11030000100122WBN08", "SPAR_NO": "00001", "NUM_SPAR": "00122", "PAR_BAN": "วังเบน", "BAN_E": "WBN", "PAR_MOO": "08", "PAR_TAM": "บ่อทอง", "PAR_AMP": "ทองแสนขัน", "PAR_PROV": "อุตรดิตถ์", "NAME_TITLE": "นาย", "SURNAME": "บุญสะอาด", "IDCARD": "3530900050632", "HOME_NO": "111/1", "HOME_BAN": "วังเบน", "HOME_MOO": "8", "HOME_TAM": "บ่อทอง", "HOME_AMP": "ทองแสนขัน", "HOME_PROV": "อุตรดิตถ์", "REMARK": "ไม่ล่อแหลม", "BAN_TYPE": 2, "YEAR": "2562", "NAME_DNP_T": "อุทยานแห่งชาติ", "E": 654658.0, "N": 1930934.0, "NAME": "พิน", "PERIMETER": 462.42542002507003, "AREA_RAI": 8.6106583571400002, "RAI": 8.0, "NGAN": 2.0, "WA_SQ": 44.0, "OBJECTID": null, "Area": null, "MUBAN": null, "TAMBOL": null, "HOME_BAN_E": null, "TAM_CODE": null, "TAM_NAM_T": null, "AMPHOE_T": null, "AMPHOE_E": null, "PROV_CODE": null, "PROV_NAM_T": null, "PROV_NAM_E": null, "NAME_EN": null, "TAM_NAM_E": null, "Plot_No1": null, "Shape_Le_1": null, "TARGET_F_1": null, "Shape_Leng": null, "Shape_Area": null, "Cal_Rai": null, "layer": "AP1103WBN08", "path": "/Users/ponteerasingto/project11/อุทยานแห่งชาติต้นสักใหญ่/ส่งกรม/Shapefile/1.SHAPEFILE/บ้านวังเบน/AP1103WBN08.shp" }, "geometry": { "type": "MultiPolygon", "coordinates": [ [ [ [ 100.45582483057278, 17.459330696731744 ], [ 100.456394314648918, 17.459722758826938 ], [ 100.456979807817405, 17.45974139478766 ], [ 100.456870325236878, 17.458547157543979 ], [ 100.45596128500631, 17.458471853196208 ], [ 100.45582483057278, 17.459330696731744 ] ] ] ] } },
{ "type": "Feature", "properties": { "OBJECTID_1": null, "TARGET_FID": "117", "NAME_DNP": "ต้นสักใหญ่", "CODE_DNP": 1103, "APAR_CODE": "11031003720001WBN08", "APAR_NO": "10037", "NUM_APAR": "20001", "SPAR_CODE": "11030000100117WBN08", "SPAR_NO": "00001", "NUM_SPAR": "00117", "PAR_BAN": "วังเบน", "BAN_E": "WBN", "PAR_MOO": "08", "PAR_TAM": "บ่อทอง", "PAR_AMP": "ทองแสนขัน", "PAR_PROV": "อุตรดิตถ์", "NAME_TITLE": "นาย", "SURNAME": "รักไทย", "IDCARD": "3530900275839", "HOME_NO": "27/2", "HOME_BAN": "วังเบน", "HOME_MOO": "8", "HOME_TAM": "บ่อทอง", "HOME_AMP": "ทองแสนขัน", "HOME_PROV": "อุตรดิตถ์", "REMARK": "ไม่ล่อแหลม", "BAN_TYPE": 2, "YEAR": "2562", "NAME_DNP_T": "อุทยานแห่งชาติ", "E": 654757.0, "N": 1930709.0, "NAME": "บุญยืน", "PERIMETER": 835.40325470446999, "AREA_RAI": 22.105405151359999, "RAI": 22.0, "NGAN": 0.0, "WA_SQ": 42.0, "OBJECTID": null, "Area": null, "MUBAN": null, "TAMBOL": null, "HOME_BAN_E": null, "TAM_CODE": null, "TAM_NAM_T": null, "AMPHOE_T": null, "AMPHOE_E": null, "PROV_CODE": null, "PROV_NAM_T": null, "PROV_NAM_E": null, "NAME_EN": null, "TAM_NAM_E": null, "Plot_No1": null, "Shape_Le_1": null, "TARGET_F_1": null, "Shape_Leng": null, "Shape_Area": null, "Cal_Rai": null, "layer": "AP1103WBN08", "path": "/Users/ponteerasingto/project11/อุทยานแห่งชาติต้นสักใหญ่/ส่งกรม/Shapefile/1.SHAPEFILE/บ้านวังเบน/AP1103WBN08.shp" }, "geometry": { "type": "MultiPolygon", "coordinates": [ [ [ [ 100.457623339960392, 17.458165646954889 ], [ 100.457910749965748, 17.458180558843459 ], [ 100.458388968960122, 17.45735998315147 ], [ 100.458252772466849, 17.457178062888172 ], [ 100.458475566012652, 17.456410492560188 ], [ 100.457099573058713, 17.456413884325251 ], [ 100.456514218947561, 17.456036281540321 ], [ 100.45608652721873, 17.456717166813132 ], [ 100.455823005471501, 17.456701354382716 ], [ 100.457623339960392, 17.458165646954889 ] ] ] ] } },
{ "type": "Feature", "properties": { "OBJECTID_1": null, "TARGET_FID": "111", "NAME_DNP": "ต้นสักใหญ่", "CODE_DNP": 1103, "APAR_CODE": "11031003620003WBN08", "APAR_NO": "10036", "NUM_APAR": "20003", "SPAR_CODE": "11030000100111WBN08", "SPAR_NO": "00001", "NUM_SPAR": "00111", "PAR_BAN": "วังเบน", "BAN_E": "WBN", "PAR_MOO": "08", "PAR_TAM": "บ่อทอง", "PAR_AMP": "ทองแสนขัน", "PAR_PROV": "อุตรดิตถ์", "NAME_TITLE": "นาง", "SURNAME": "นวลทอง", "IDCARD": "3530900125489", "HOME_NO": "13/1", "HOME_BAN": "วังตะเคียน", "HOME_MOO": "8", "HOME_TAM": "ผักขวง", "HOME_AMP": "ทองแสนขัน", "HOME_PROV": "อุตรดิตถ์", "REMARK": "ไม่ล่อแหลม", "BAN_TYPE": 2, "YEAR": "2562", "NAME_DNP_T": "อุทยานแห่งชาติ", "E": 655429.0, "N": 1931136.0, "NAME": "ทองคำ", "PERIMETER": 769.78173000722995, "AREA_RAI": 19.352869804539999, "RAI": 19.0, "NGAN": 1.0, "WA_SQ": 41.0, "OBJECTID": null, "Area": null, "MUBAN": null, "TAMBOL": null, "HOME_BAN_E": null, "TAM_CODE": null, "TAM_NAM_T": null, "AMPHOE_T": null, "AMPHOE_E": null, "PROV_CODE": null, "PROV_NAM_T": null, "PROV_NAM_E": null, "NAME_EN": null, "TAM_NAM_E": null, "Plot_No1": null, "Shape_Le_1": null, "TARGET_F_1": null, "Shape_Leng": null, "Shape_Area": null, "Cal_Rai": null, "layer": "AP1103WBN08", "path": "/Users/ponteerasingto/project11/อุทยานแห่งชาติต้นสักใหญ่/ส่งกรม/Shapefile/1.SHAPEFILE/บ้านวังเบน/AP1103WBN08.shp" }, "geometry": { "type": "MultiPolygon", "coordinates": [ [ [ [ 100.462544125831215, 17.461075532721601 ], [ 100.463318388672135, 17.461349976847437 ], [ 100.464263278127149, 17.461767749843006 ], [ 100.465276121188097, 17.461263271847546 ], [ 100.464539575717637, 17.460892949552402 ], [ 100.464048054308293, 17.46030713109586 ], [ 100.462841016230826, 17.459838332990564 ], [ 100.462544125831215, 17.461075532721601 ] ] ] ] } },
{ "type": "Feature", "properties": { "OBJECTID_1": null, "TARGET_FID": "115", "NAME_DNP": "ต้นสักใหญ่", "CODE_DNP": 1103, "APAR_CODE": "11031003620007WBN08", "APAR_NO": "10036", "NUM_APAR": "20007", "SPAR_CODE": "11030000100115WBN08", "SPAR_NO": "00001", "NUM_SPAR": "00115", "PAR_BAN": "วังเบน", "BAN_E": "WBN", "PAR_MOO": "08", "PAR_TAM": "บ่อทอง", "PAR_AMP": "ทองแสนขัน", "PAR_PROV": "อุตรดิตถ์", "NAME_TITLE": "นาย", "SURNAME": "หาญดง", "IDCARD": "5530990000971", "HOME_NO": "136/1", "HOME_BAN": "วังเบน", "HOME_MOO": "8", "HOME_TAM": "บ่อทอง", "HOME_AMP": "ทองแสนขัน", "HOME_PROV": "อุตรดิตถ์", "REMARK": "ไม่ล่อแหลม", "BAN_TYPE": 2, "YEAR": "2562", "NAME_DNP_T": "อุทยานแห่งชาติ", "E": 655440.0, "N": 1930872.0, "NAME": "อำนวย", "PERIMETER": 472.38558356486999, "AREA_RAI": 8.1041065626699993, "RAI": 8.0, "NGAN": 0.0, "WA_SQ": 42.0, "OBJECTID": null, "Area": null, "MUBAN": null, "TAMBOL": null, "HOME_BAN_E": null, "TAM_CODE": null, "TAM_NAM_T": null, "AMPHOE_T": null, "AMPHOE_E": null, "PROV_CODE": null, "PROV_NAM_T": null, "PROV_NAM_E": null, "NAME_EN": null, "TAM_NAM_E": null, "Plot_No1": null, "Shape_Le_1": null, "TARGET_F_1": null, "Shape_Leng": null, "Shape_Area": null, "Cal_Rai": null, "layer": "AP1103WBN08", "path": "/Users/ponteerasingto/project11/อุทยานแห่งชาติต้นสักใหญ่/ส่งกรม/Shapefile/1.SHAPEFILE/บ้านวังเบน/AP1103WBN08.shp" }, "geometry": { "type": "MultiPolygon", "coordinates": [ [ [ [ 100.46330936659929, 17.457861866739577 ], [ 100.463443158983878, 17.459288685376134 ], [ 100.464250382134153, 17.458975497421577 ], [ 100.464175165030113, 17.457810312962064 ], [ 100.46330936659929, 17.457861866739577 ] ] ] ] } },
{ "type": "Feature", "properties": { "OBJECTID_1": null, "TARGET_FID": "116", "NAME_DNP": "ต้นสักใหญ่", "CODE_DNP": 1103, "APAR_CODE": "11031003620008WBN08", "APAR_NO": "10036", "NUM_APAR": "20008", "SPAR_CODE": "11030000100116WBN08", "SPAR_NO": "00001", "NUM_SPAR": "00116", "PAR_BAN": "วังเบน", "BAN_E": "WBN", "PAR_MOO": "08", "PAR_TAM": "บ่อทอง", "PAR_AMP": "ทองแสนขัน", "PAR_PROV": "อุตรดิตถ์", "NAME_TITLE": "นาง", "SURNAME": "ม่วงคุ", "IDCARD": "3530900284838", "HOME_NO": "118", "HOME_BAN": "วังเบน", "HOME_MOO": "8", "HOME_TAM": "บ่อทอง", "HOME_AMP": "ทองแสนขัน", "HOME_PROV": "อุตรดิตถ์", "REMARK": "ไม่ล่อแหลม", "BAN_TYPE": 2, "YEAR": "2562", "NAME_DNP_T": "อุทยานแห่งชาติ", "E": 655523.0, "N": 1930874.0, "NAME": "ลำพอง", "PERIMETER": 419.38193545630003, "AREA_RAI": 5.81159590633, "RAI": 5.0, "NGAN": 3.0, "WA_SQ": 25.0, "OBJECTID": null, "Area": null, "MUBAN": null, "TAMBOL": null, "HOME_BAN_E": null, "TAM_CODE": null, "TAM_NAM_T": null, "AMPHOE_T": null, "AMPHOE_E": null, "PROV_CODE": null, "PROV_NAM_T": null, "PROV_NAM_E": null, "NAME_EN": null, "TAM_NAM_E": null, "Plot_No1": null, "Shape_Le_1": null, "TARGET_F_1": null, "Shape_Leng": null, "Shape_Area": null, "Cal_Rai": null, "layer": "AP1103WBN08", "path": "/Users/ponteerasingto/project11/อุทยานแห่งชาติต้นสักใหญ่/ส่งกรม/Shapefile/1.SHAPEFILE/บ้านวังเบน/AP1103WBN08.shp" }, "geometry": { "type": "MultiPolygon", "coordinates": [ [ [ [ 100.464250382134153, 17.458975497421577 ], [ 100.465070917279334, 17.459150190920688 ], [ 100.464722089079459, 17.457914728240691 ], [ 100.464175165030113, 17.457810312962064 ], [ 100.464250382134153, 17.458975497421577 ] ] ] ] } },
{ "type": "Feature", "properties": { "OBJECTID_1": null, "TARGET_FID": "95", "NAME_DNP": "ต้นสักใหญ่", "CODE_DNP": 1103, "APAR_CODE": "11031003220003WBN08", "APAR_NO": "10032", "NUM_APAR": "20003", "SPAR_CODE": "11030000100095WBN08", "SPAR_NO": "00001", "NUM_SPAR": "00095", "PAR_BAN": "วังเบน", "BAN_E": "WBN", "PAR_MOO": "08", "PAR_TAM": "บ่อทอง", "PAR_AMP": "ทองแสนขัน", "PAR_PROV": "อุตรดิตถ์", "NAME_TITLE": "นาง", "SURNAME": "จันกลาง", "IDCARD": "3530900141093", "HOME_NO": "149", "HOME_BAN": "วังเบน", "HOME_MOO": "8", "HOME_TAM": "บ่อทอง", "HOME_AMP": "ทองแสนขัน", "HOME_PROV": "อุตรดิตถ์", "REMARK": "ไม่ล่อแหลม", "BAN_TYPE": 2, "YEAR": "2562", "NAME_DNP_T": "อุทยานแห่งชาติ", "E": 656835.0, "N": 1931423.0, "NAME": "สมหมาย", "PERIMETER": 608.94300845141004, "AREA_RAI": 10.799226794200001, "RAI": 10.0, "NGAN": 3.0, "WA_SQ": 20.0, "OBJECTID": null, "Area": null, "MUBAN": null, "TAMBOL": null, "HOME_BAN_E": null, "TAM_CODE": null, "TAM_NAM_T": null, "AMPHOE_T": null, "AMPHOE_E": null, "PROV_CODE": null, "PROV_NAM_T": null, "PROV_NAM_E": null, "NAME_EN": null, "TAM_NAM_E": null, "Plot_No1": null, "Shape_Le_1": null, "TARGET_F_1": null, "Shape_Leng": null, "Shape_Area": null, "Cal_Rai": null, "layer": "AP1103WBN08", "path": "/Users/ponteerasingto/project11/อุทยานแห่งชาติต้นสักใหญ่/ส่งกรม/Shapefile/1.SHAPEFILE/บ้านวังเบน/AP1103WBN08.shp" }, "geometry": { "type": "MultiPolygon", "coordinates": [ [ [ [ 100.477090223464359, 17.464671388815056 ], [ 100.477621962585999, 17.46261194105821 ], [ 100.476415307158931, 17.462727283266286 ], [ 100.476280312660222, 17.463349775072597 ], [ 100.476803152954361, 17.463907106772879 ], [ 100.476862994009522, 17.464322349401222 ], [ 100.477090223464359, 17.464671388815056 ] ] ] ] } },
{ "type": "Feature", "properties": { "OBJECTID_1": null, "TARGET_FID": "97", "NAME_DNP": "ต้นสักใหญ่", "CODE_DNP": 1103, "APAR_CODE": "11031003320002WBN08", "APAR_NO": "10033", "NUM_APAR": "20002", "SPAR_CODE": "11030000100097WBN08", "SPAR_NO": "00001", "NUM_SPAR": "00097", "PAR_BAN": "วังเบน", "BAN_E": "WBN", "PAR_MOO": "08", "PAR_TAM": "บ่อทอง", "PAR_AMP": "ทองแสนขัน", "PAR_PROV": "อุตรดิตถ์", "NAME_TITLE": "นาย", "SURNAME": "ก้อนคำ", "IDCARD": "3530900285236", "HOME_NO": "88", "HOME_BAN": "วังเบน", "HOME_MOO": "8", "HOME_TAM": "บ่อทอง", "HOME_AMP": "ทองแสนขัน", "HOME_PROV": "อุตรดิตถ์", "REMARK": "ไม่ล่อแหลม", "BAN_TYPE": 2, "YEAR": "2562", "NAME_DNP_T": "อุทยานแห่งชาติ", "E": 656542.0, "N": 1931901.0, "NAME": "เก่ง", "PERIMETER": 663.05684289483997, "AREA_RAI": 14.226637962570001, "RAI": 14.0, "NGAN": 0.0, "WA_SQ": 91.0, "OBJECTID": null, "Area": null, "MUBAN": null, "TAMBOL": null, "HOME_BAN_E": null, "TAM_CODE": null, "TAM_NAM_T": null, "AMPHOE_T": null, "AMPHOE_E": null, "PROV_CODE": null, "PROV_NAM_T": null, "PROV_NAM_E": null, "NAME_EN": null, "TAM_NAM_E": null, "Plot_No1": null, "Shape_Le_1": null, "TARGET_F_1": null, "Shape_Leng": null, "Shape_Area": null, "Cal_Rai": null, "layer": "AP1103WBN08", "path": "/Users/ponteerasingto/project11/อุทยานแห่งชาติต้นสักใหญ่/ส่งกรม/Shapefile/1.SHAPEFILE/บ้านวังเบน/AP1103WBN08.shp" }, "geometry": { "type": "MultiPolygon", "coordinates": [ [ [ [ 100.474326354160368, 17.468525154291605 ], [ 100.475375045648661, 17.46822277162601 ], [ 100.474095120811214, 17.466702513370002 ], [ 100.473993581599032, 17.466955237997926 ], [ 100.473120365207649, 17.46725991970342 ], [ 100.473569185975251, 17.467737848870065 ], [ 100.473502062875042, 17.467889659778919 ], [ 100.474326354160368, 17.468525154291605 ] ] ] ] } },
{ "type": "Feature", "properties": { "OBJECTID_1": null, "TARGET_FID": "89", "NAME_DNP": "ต้นสักใหญ่", "CODE_DNP": 1103, "APAR_CODE": "11031003020001WBN08", "APAR_NO": "10030", "NUM_APAR": "20001", "SPAR_CODE": "11030000100089WBN08", "SPAR_NO": "00001", "NUM_SPAR": "00089", "PAR_BAN": "วังเบน", "BAN_E": "WBN", "PAR_MOO": "08", "PAR_TAM": "บ่อทอง", "PAR_AMP": "ทองแสนขัน", "PAR_PROV": "อุตรดิตถ์", "NAME_TITLE": "นาย", "SURNAME": "หาญดง", "IDCARD": "3530900284846", "HOME_NO": "49/1", "HOME_BAN": "วังเบน", "HOME_MOO": "8", "HOME_TAM": "บ่อทอง", "HOME_AMP": "ทองแสนขัน", "HOME_PROV": "อุตรดิตถ์", "REMARK": "ไม่ล่อแหลม", "BAN_TYPE": 2, "YEAR": "2562", "NAME_DNP_T": "อุทยานแห่งชาติ", "E": 657051.0, "N": 1932106.0, "NAME": "สมควร", "PERIMETER": 598.40421158601998, "AREA_RAI": 10.47505893762, "RAI": 10.0, "NGAN": 1.0, "WA_SQ": 90.0, "OBJECTID": null, "Area": null, "MUBAN": null, "TAMBOL": null, "HOME_BAN_E": null, "TAM_CODE": null, "TAM_NAM_T": null, "AMPHOE_T": null, "AMPHOE_E": null, "PROV_CODE": null, "PROV_NAM_T": null, "PROV_NAM_E": null, "NAME_EN": null, "TAM_NAM_E": null, "Plot_No1": null, "Shape_Le_1": null, "TARGET_F_1": null, "Shape_Leng": null, "Shape_Area": null, "Cal_Rai": null, "layer": "AP1103WBN08", "path": "/Users/ponteerasingto/project11/อุทยานแห่งชาติต้นสักใหญ่/ส่งกรม/Shapefile/1.SHAPEFILE/บ้านวังเบน/AP1103WBN08.shp" }, "geometry": { "type": "MultiPolygon", "coordinates": [ [ [ [ 100.478571612599339, 17.470698581115574 ], [ 100.479628613873103, 17.469832234793738 ], [ 100.479382356025013, 17.469653333575021 ], [ 100.479650070893044, 17.46899166485246 ], [ 100.479402864367984, 17.468695294287709 ], [ 100.478668619081617, 17.468718829343068 ], [ 100.478571612599339, 17.470698581115574 ] ] ] ] } },
{ "type": "Feature", "properties": { "OBJECTID_1": null, "TARGET_FID": "128", "NAME_DNP": "ต้นสักใหญ่", "CODE_DNP": 1103, "APAR_CODE": "11031004110001WBN08", "APAR_NO": "10041", "NUM_APAR": "10001", "SPAR_CODE": "11030000100128WBN08", "SPAR_NO": "00001", "NUM_SPAR": "00128", "PAR_BAN": "วังเบน", "BAN_E": "WBN", "PAR_MOO": "08", "PAR_TAM": "บ่อทอง", "PAR_AMP": "ทองแสนขัน", "PAR_PROV": "อุตรดิตถ์", "NAME_TITLE": "นาย", "SURNAME": "แข็งบุญ", "IDCARD": "3530900142316", "HOME_NO": "58", "HOME_BAN": "ร้องลึก", "HOME_MOO": "6", "HOME_TAM": "ผักขวง", "HOME_AMP": "ทองแสนขัน", "HOME_PROV": "อุตรดิตถ์", "REMARK": "ไม่ล่อแหลม", "BAN_TYPE": 2, "YEAR": "2562", "NAME_DNP_T": "อุทยานแห่งชาติ", "E": 655913.0, "N": 1930326.0, "NAME": "อนันต์", "PERIMETER": 1250.8621364816199, "AREA_RAI": 25.943126095370001, "RAI": 25.0, "NGAN": 3.0, "WA_SQ": 77.0, "OBJECTID": null, "Area": null, "MUBAN": null, "TAMBOL": null, "HOME_BAN_E": null, "TAM_CODE": null, "TAM_NAM_T": null, "AMPHOE_T": null, "AMPHOE_E": null, "PROV_CODE": null, "PROV_NAM_T": null, "PROV_NAM_E": null, "NAME_EN": null, "TAM_NAM_E": null, "Plot_No1": null, "Shape_Le_1": null, "TARGET_F_1": null, "Shape_Leng": null, "Shape_Area": null, "Cal_Rai": null, "layer": "AP1103WBN08", "path": "/Users/ponteerasingto/project11/อุทยานแห่งชาติต้นสักใหญ่/ส่งกรม/Shapefile/1.SHAPEFILE/บ้านวังเบน/AP1103WBN08.shp" }, "geometry": { "type": "MultiPolygon", "coordinates": [ [ [ [ 100.467586739538746, 17.454685583445979 ], [ 100.4679289648561, 17.454840811578428 ], [ 100.468247653964696, 17.454508507073111 ], [ 100.468753535797504, 17.454687681490174 ], [ 100.469306729598685, 17.454087650244169 ], [ 100.4691385098849, 17.453854089363027 ], [ 100.469388402658907, 17.452756504136946 ], [ 100.468972354803896, 17.45253365771935 ], [ 100.468685857081965, 17.45308085661323 ], [ 100.468443117988414, 17.453378171377153 ], [ 100.468104465980232, 17.453395015978018 ], [ 100.467910255193132, 17.452784361891243 ], [ 100.467845381207525, 17.452148844231498 ], [ 100.467783110121033, 17.451838478296619 ], [ 100.467235438593605, 17.451914604586296 ], [ 100.467635078019327, 17.452826201874213 ], [ 100.467364004975991, 17.452713871401837 ], [ 100.467056226557332, 17.452866334232329 ], [ 100.467226755557505, 17.453163947572005 ], [ 100.467167783230849, 17.453576823509824 ], [ 100.467515022598604, 17.454166026289879 ], [ 100.467811223282553, 17.454222529400489 ], [ 100.467561388973508, 17.454667786502981 ], [ 100.467586739538746, 17.454685583445979 ] ] ] ] } },
{ "type": "Feature", "properties": { "OBJECTID_1": null, "TARGET_FID": "132", "NAME_DNP": "ต้นสักใหญ่", "CODE_DNP": 1103, "APAR_CODE": "11031004110005WBN08", "APAR_NO": "10041", "NUM_APAR": "10005", "SPAR_CODE": "11030000100132WBN08", "SPAR_NO": "00001", "NUM_SPAR": "00132", "PAR_BAN": "วังเบน", "BAN_E": "WBN", "PAR_MOO": "08", "PAR_TAM": "บ่อทอง", "PAR_AMP": "ทองแสนขัน", "PAR_PROV": "อุตรดิตถ์", "NAME_TITLE": "นาย", "SURNAME": "แข็งบุญ", "IDCARD": "3530900142316", "HOME_NO": "58", "HOME_BAN": "ร้องลึก", "HOME_MOO": "6", "HOME_TAM": "ผักขวง", "HOME_AMP": "ทองแสนขัน", "HOME_PROV": "อุตรดิตถ์", "REMARK": "ไม่ล่อแหลม", "BAN_TYPE": 2, "YEAR": "2562", "NAME_DNP_T": "อุทยานแห่งชาติ", "E": 655926.0, "N": 1930097.0, "NAME": "อนันต์", "PERIMETER": 601.88987353158996, "AREA_RAI": 6.7258913093499997, "RAI": 6.0, "NGAN": 2.0, "WA_SQ": 90.0, "OBJECTID": null, "Area": null, "MUBAN": null, "TAMBOL": null, "HOME_BAN_E": null, "TAM_CODE": null, "TAM_NAM_T": null, "AMPHOE_T": null, "AMPHOE_E": null, "PROV_CODE": null, "PROV_NAM_T": null, "PROV_NAM_E": null, "NAME_EN": null, "TAM_NAM_E": null, "Plot_No1": null, "Shape_Le_1": null, "TARGET_F_1": null, "Shape_Leng": null, "Shape_Area": null, "Cal_Rai": null, "layer": "AP1103WBN08", "path": "/Users/ponteerasingto/project11/อุทยานแห่งชาติต้นสักใหญ่/ส่งกรม/Shapefile/1.SHAPEFILE/บ้านวังเบน/AP1103WBN08.shp" }, "geometry": { "type": "MultiPolygon", "coordinates": [ [ [ [ 100.467093371044299, 17.451798478577377 ], [ 100.467567571136513, 17.45180027485943 ], [ 100.468547694987592, 17.451634277787534 ], [ 100.469229836412183, 17.451438722178409 ], [ 100.469724273814492, 17.451092087265057 ], [ 100.468071588182184, 17.451222400042706 ], [ 100.467241258673383, 17.45151624215211 ], [ 100.467093371044299, 17.451798478577377 ] ] ] ] } },
{ "type": "Feature", "properties": { "OBJECTID_1": null, "TARGET_FID": "129", "NAME_DNP": "ต้นสักใหญ่", "CODE_DNP": 1103, "APAR_CODE": "11031004110002WBN08", "APAR_NO": "10041", "NUM_APAR": "10002", "SPAR_CODE": "11030000100129WBN08", "SPAR_NO": "00001", "NUM_SPAR": "00129", "PAR_BAN": "วังเบน", "BAN_E": "WBN", "PAR_MOO": "08", "PAR_TAM": "บ่อทอง", "PAR_AMP": "ทองแสนขัน", "PAR_PROV": "อุตรดิตถ์", "NAME_TITLE": "นาย", "SURNAME": "เทพทองคำ", "IDCARD": "3530900143274", "HOME_NO": "82", "HOME_BAN": "วังตะเคียน", "HOME_MOO": "8", "HOME_TAM": "ผักขวง", "HOME_AMP": "ทองแสนขัน", "HOME_PROV": "อุตรดิตถ์", "REMARK": "ไม่ล่อแหลม", "BAN_TYPE": 2, "YEAR": "2562", "NAME_DNP_T": "อุทยานแห่งชาติ", "E": 656108.0, "N": 1930363.0, "NAME": "โสภณ", "PERIMETER": 393.60879529588999, "AREA_RAI": 5.4902418693900001, "RAI": 5.0, "NGAN": 1.0, "WA_SQ": 96.0, "OBJECTID": null, "Area": null, "MUBAN": null, "TAMBOL": null, "HOME_BAN_E": null, "TAM_CODE": null, "TAM_NAM_T": null, "AMPHOE_T": null, "AMPHOE_E": null, "PROV_CODE": null, "PROV_NAM_T": null, "PROV_NAM_E": null, "NAME_EN": null, "TAM_NAM_E": null, "Plot_No1": null, "Shape_Le_1": null, "TARGET_F_1": null, "Shape_Leng": null, "Shape_Area": null, "Cal_Rai": null, "layer": "AP1103WBN08", "path": "/Users/ponteerasingto/project11/อุทยานแห่งชาติต้นสักใหญ่/ส่งกรม/Shapefile/1.SHAPEFILE/บ้านวังเบน/AP1103WBN08.shp" }, "geometry": { "type": "MultiPolygon", "coordinates": [ [ [ [ 100.469553747481982, 17.454449599701412 ], [ 100.470469234082827, 17.454130019178393 ], [ 100.470436575722715, 17.453261831007207 ], [ 100.470313628764757, 17.453319751951113 ], [ 100.470003498096489, 17.453370737464603 ], [ 100.469722009617527, 17.453417013394137 ], [ 100.469553747481982, 17.454449599701412 ] ] ] ] } },
{ "type": "Feature", "properties": { "OBJECTID_1": null, "TARGET_FID": "39", "NAME_DNP": "ต้นสักใหญ่", "CODE_DNP": 1103, "APAR_CODE": "11031001510003WBN08", "APAR_NO": "10015", "NUM_APAR": "10003", "SPAR_CODE": "11030000100039WBN08", "SPAR_NO": "00001", "NUM_SPAR": "00039", "PAR_BAN": "วังเบน", "BAN_E": "WBN", "PAR_MOO": "08", "PAR_TAM": "บ่อทอง", "PAR_AMP": "ทองแสนขัน", "PAR_PROV": "อุตรดิตถ์", "NAME_TITLE": "นาง", "SURNAME": "มาสุ", "IDCARD": "3530900112123", "HOME_NO": "129/1", "HOME_BAN": "โคกงาม", "HOME_MOO": "15", "HOME_TAM": "ผักขวง", "HOME_AMP": "ทองแสนขัน", "HOME_PROV": "อุตรดิตถ์", "REMARK": "ไม่ล่อแหลม", "BAN_TYPE": 2, "YEAR": "2562", "NAME_DNP_T": "อุทยานแห่งชาติ", "E": 660130.0, "N": 1932639.0, "NAME": "เลี่ยม", "PERIMETER": 335.85826032695002, "AREA_RAI": 4.0421097574299996, "RAI": 4.0, "NGAN": 0.0, "WA_SQ": 17.0, "OBJECTID": null, "Area": null, "MUBAN": null, "TAMBOL": null, "HOME_BAN_E": null, "TAM_CODE": null, "TAM_NAM_T": null, "AMPHOE_T": null, "AMPHOE_E": null, "PROV_CODE": null, "PROV_NAM_T": null, "PROV_NAM_E": null, "NAME_EN": null, "TAM_NAM_E": null, "Plot_No1": null, "Shape_Le_1": null, "TARGET_F_1": null, "Shape_Leng": null, "Shape_Area": null, "Cal_Rai": null, "layer": "AP1103WBN08", "path": "/Users/ponteerasingto/project11/อุทยานแห่งชาติต้นสักใหญ่/ส่งกรม/Shapefile/1.SHAPEFILE/บ้านวังเบน/AP1103WBN08.shp" }, "geometry": { "type": "MultiPolygon", "coordinates": [ [ [ [ 100.507990545818487, 17.474383718970191 ], [ 100.508052393715516, 17.474515322263912 ], [ 100.508396035389609, 17.474613757244967 ], [ 100.508527894501583, 17.474527448156568 ], [ 100.508484623538834, 17.474081920072521 ], [ 100.508098104114367, 17.47378066525323 ], [ 100.507940535728551, 17.473756481143692 ], [ 100.507867782570585, 17.473672218299487 ], [ 100.507664639064643, 17.473620577798545 ], [ 100.507522042343595, 17.473755810358004 ], [ 100.507866910273066, 17.474361543282253 ], [ 100.507990545818487, 17.474383718970191 ] ] ] ] } },
{ "type": "Feature", "properties": { "OBJECTID_1": null, "TARGET_FID": "112", "NAME_DNP": "ต้นสักใหญ่", "CODE_DNP": 1103, "APAR_CODE": "11031003610004WBN08", "APAR_NO": "10036", "NUM_APAR": "10004", "SPAR_CODE": "11030000100112WBN08", "SPAR_NO": "00001", "NUM_SPAR": "00112", "PAR_BAN": "วังเบน", "BAN_E": "WBN", "PAR_MOO": "08", "PAR_TAM": "บ่อทอง", "PAR_AMP": "ทองแสนขัน", "PAR_PROV": "อุตรดิตถ์", "NAME_TITLE": "นาย", "SURNAME": "พาสุวรรณ", "IDCARD": "3530900140275", "HOME_NO": "12/1", "HOME_BAN": "วังเบน", "HOME_MOO": "8", "HOME_TAM": "บ่อทอง", "HOME_AMP": "ทองแสนขัน", "HOME_PROV": "อุตรดิตถ์", "REMARK": "ไม่ล่อแหลม", "BAN_TYPE": 2, "YEAR": "2562", "NAME_DNP_T": "อุทยานแห่งชาติ", "E": 655695.0, "N": 1931166.0, "NAME": "บุญเทียง", "PERIMETER": 280.11160992533001, "AREA_RAI": 1.9181289153500001, "RAI": 1.0, "NGAN": 3.0, "WA_SQ": 67.0, "OBJECTID": null, "Area": null, "MUBAN": null, "TAMBOL": null, "HOME_BAN_E": null, "TAM_CODE": null, "TAM_NAM_T": null, "AMPHOE_T": null, "AMPHOE_E": null, "PROV_CODE": null, "PROV_NAM_T": null, "PROV_NAM_E": null, "NAME_EN": null, "TAM_NAM_E": null, "Plot_No1": null, "Shape_Le_1": null, "TARGET_F_1": null, "Shape_Leng": null, "Shape_Area": null, "Cal_Rai": null, "layer": "AP1103WBN08", "path": "/Users/ponteerasingto/project11/อุทยานแห่งชาติต้นสักใหญ่/ส่งกรม/Shapefile/1.SHAPEFILE/บ้านวังเบน/AP1103WBN08.shp" }, "geometry": { "type": "MultiPolygon", "coordinates": [ [ [ [ 100.466501728188845, 17.461462085161553 ], [ 100.46667873116499, 17.461225825202821 ], [ 100.466246577601908, 17.460854541596845 ], [ 100.466159099293435, 17.460950745282421 ], [ 100.466044550437871, 17.460869424775073 ], [ 100.46583274738208, 17.461041488724014 ], [ 100.465714515738412, 17.461268543731304 ], [ 100.466373569814976, 17.461227560041699 ], [ 100.466501728188845, 17.461462085161553 ] ] ] ] } },
{ "type": "Feature", "properties": { "OBJECTID_1": null, "TARGET_FID": "108", "NAME_DNP": "ต้นสักใหญ่", "CODE_DNP": 1103, "APAR_CODE": "11031003510002WBN08", "APAR_NO": "10035", "NUM_APAR": "10002", "SPAR_CODE": "11030000100108WBN08", "SPAR_NO": "00001", "NUM_SPAR": "00108", "PAR_BAN": "วังเบน", "BAN_E": "WBN", "PAR_MOO": "08", "PAR_TAM": "บ่อทอง", "PAR_AMP": "ทองแสนขัน", "PAR_PROV": "อุตรดิตถ์", "NAME_TITLE": "นาง", "SURNAME": "อินจันดี", "IDCARD": "3530900284447", "HOME_NO": "11/1", "HOME_BAN": "วังเบน", "HOME_MOO": "8", "HOME_TAM": "บ่อทอง", "HOME_AMP": "ทองแสนขัน", "HOME_PROV": "อุตรดิตถ์", "REMARK": "ไม่ล่อแหลม", "BAN_TYPE": 2, "YEAR": "2562", "NAME_DNP_T": "อุทยานแห่งชาติ", "E": 655953.0, "N": 1930965.0, "NAME": "หาญ", "PERIMETER": 570.78347111565995, "AREA_RAI": 9.5302260462900001, "RAI": 9.0, "NGAN": 2.0, "WA_SQ": 12.0, "OBJECTID": null, "Area": null, "MUBAN": null, "TAMBOL": null, "HOME_BAN_E": null, "TAM_CODE": null, "TAM_NAM_T": null, "AMPHOE_T": null, "AMPHOE_E": null, "PROV_CODE": null, "PROV_NAM_T": null, "PROV_NAM_E": null, "NAME_EN": null, "TAM_NAM_E": null, "Plot_No1": null, "Shape_Le_1": null, "TARGET_F_1": null, "Shape_Leng": null, "Shape_Area": null, "Cal_Rai": null, "layer": "AP1103WBN08", "path": "/Users/ponteerasingto/project11/อุทยานแห่งชาติต้นสักใหญ่/ส่งกรม/Shapefile/1.SHAPEFILE/บ้านวังเบน/AP1103WBN08.shp" }, "geometry": { "type": "MultiPolygon", "coordinates": [ [ [ [ 100.468833651194274, 17.460402295441273 ], [ 100.469091678987851, 17.458484915041446 ], [ 100.468802041319464, 17.45817786240152 ], [ 100.467940271096026, 17.459541259987457 ], [ 100.468833651194274, 17.460402295441273 ] ] ] ] } },
{ "type": "Feature", "properties": { "OBJECTID_1": 178, "TARGET_FID": "0", "NAME_DNP": "ต้นสักใหญ่", "CODE_DNP": 1103, "APAR_CODE": "11031007010001WPG4", "APAR_NO": "10070", "NUM_APAR": "10001", "SPAR_CODE": "11030000400001WPG4", "SPAR_NO": "00004", "NUM_SPAR": "00001", "PAR_BAN": "วังโป่ง", "BAN_E": "WPG", "PAR_MOO": "4", "PAR_TAM": "ผักขวง", "PAR_AMP": "ทองแสนขัน", "PAR_PROV": "อุตรดิตถ์", "NAME_TITLE": "นาย", "SURNAME": "บุนา", "IDCARD": "3530900026481", "HOME_NO": "77", "HOME_BAN": "วังโป่ง", "HOME_MOO": "3", "HOME_TAM": "ผักขวง", "HOME_AMP": "ทองแสนขัน", "HOME_PROV": "อุตรดิตถ์", "REMARK": null, "BAN_TYPE": 0, "YEAR": "2563", "NAME_DNP_T": "อุทยานแห่งชาติ", "E": 650922.0, "N": 1936095.0, "NAME": "สมาน", "PERIMETER": 328.85874865, "AREA_RAI": 2.8567533175399999, "RAI": 2.0, "NGAN": 3.0, "WA_SQ": 54.0, "OBJECTID": 178.0, "Area": 4570.8053080600002, "MUBAN": "วังโป่ง", "TAMBOL": null, "HOME_BAN_E": null, "TAM_CODE": null, "TAM_NAM_T": "ผักขวง", "AMPHOE_T": "ทองแสนขัน", "AMPHOE_E": null, "PROV_CODE": null, "PROV_NAM_T": "อุตรดิตถ์", "PROV_NAM_E": null, "NAME_EN": null, "TAM_NAM_E": null, "Plot_No1": 1007010001.0000001, "Shape_Le_1": 332.456490551, "TARGET_F_1": 178.0, "Shape_Leng": 328.85886786399999, "Shape_Area": 4570.80927187, "Cal_Rai": 2.8568, "layer": "AP1103WPG04", "path": "/Users/ponteerasingto/project11/อุทยานแห่งชาติต้นสักใหญ่/ส่งกรม/Shapefile/1.SHAPEFILE/บ้านวังโป่ง/AP1103WPG04.shp" }, "geometry": { "type": "MultiPolygon", "coordinates": [ [ [ [ 100.421048928789546, 17.506446121536946 ], [ 100.421187505505841, 17.506417660071349 ], [ 100.422086505660701, 17.506018797315743 ], [ 100.422040297307944, 17.505935267819819 ], [ 100.421758263889387, 17.505433129860062 ], [ 100.421048928789546, 17.506446121536946 ] ] ] ] } },
{ "type": "Feature", "properties": { "OBJECTID_1": 179, "TARGET_FID": "0", "NAME_DNP": "ต้นสักใหญ่", "CODE_DNP": 1103, "APAR_CODE": "11031007010002WPG4", "APAR_NO": "10070", "NUM_APAR": "10002", "SPAR_CODE": "11030000400003WPG4", "SPAR_NO": "00004", "NUM_SPAR": "00003", "PAR_BAN": "วังโป่ง", "BAN_E": "WPG", "PAR_MOO": "4", "PAR_TAM": "ผักขวง", "PAR_AMP": "ทองแสนขัน", "PAR_PROV": "อุตรดิตถ์", "NAME_TITLE": "นาย", "SURNAME": "มีแก้ว", "IDCARD": "3530900091631", "HOME_NO": "39", "HOME_BAN": "วังโป่ง", "HOME_MOO": "4", "HOME_TAM": "ผักขวง", "HOME_AMP": "ทองแสนขัน", "HOME_PROV": "อุตรดิตถ์", "REMARK": null, "BAN_TYPE": 0, "YEAR": "2563", "NAME_DNP_T": "อุทยานแห่งชาติ", "E": 650920.0, "N": 1936138.0, "NAME": "เริง", "PERIMETER": 396.04641899900002, "AREA_RAI": 2.3235451794899999, "RAI": 2.0, "NGAN": 1.0, "WA_SQ": 28.0, "OBJECTID": 179.0, "Area": 3717.6722871900001, "MUBAN": "วังโป่ง", "TAMBOL": null, "HOME_BAN_E": null, "TAM_CODE": null, "TAM_NAM_T": "ผักขวง", "AMPHOE_T": "ทองแสนขัน", "AMPHOE_E": null, "PROV_CODE": null, "PROV_NAM_T": "อุตรดิตถ์", "PROV_NAM_E": null, "NAME_EN": null, "TAM_NAM_E": null, "Plot_No1": 1007010002.0, "Shape_Le_1": 401.45351137599999, "TARGET_F_1": 180.0, "Shape_Leng": 396.04633598599997, "Shape_Area": 3717.6662682800002, "Cal_Rai": 2.3235, "layer": "AP1103WPG04", "path": "/Users/ponteerasingto/project11/อุทยานแห่งชาติต้นสักใหญ่/ส่งกรม/Shapefile/1.SHAPEFILE/บ้านวังโป่ง/AP1103WPG04.shp" }, "geometry": { "type": "MultiPolygon", "coordinates": [ [ [ [ 100.42077871529564, 17.506832007312394 ], [ 100.422408226823407, 17.5061351756781 ], [ 100.422090933425807, 17.506034337800763 ], [ 100.421191217910931, 17.506429749126411 ], [ 100.421038539393749, 17.506460959351134 ], [ 100.42077871529564, 17.506832007312394 ] ] ] ] } },
{ "type": "Feature", "properties": { "OBJECTID_1": 180, "TARGET_FID": "0", "NAME_DNP": "ต้นสักใหญ่", "CODE_DNP": 1103, "APAR_CODE": "11031007010004WPG4", "APAR_NO": "10070", "NUM_APAR": "10004", "SPAR_CODE": "11030000400004WPG4", "SPAR_NO": "00004", "NUM_SPAR": "00004", "PAR_BAN": "วังโป่ง", "BAN_E": "WPG", "PAR_MOO": "4", "PAR_TAM": "ผักขวง", "PAR_AMP": "ทองแสนขัน", "PAR_PROV": "อุตรดิตถ์", "NAME_TITLE": "นาง", "SURNAME": "ดีเพ็ง", "IDCARD": "3530900303948", "HOME_NO": "80", "HOME_BAN": "วังโป่ง", "HOME_MOO": "4", "HOME_TAM": "ผักขวง", "HOME_AMP": "ทองแสนขัน", "HOME_PROV": "อุตรดิตถ์", "REMARK": null, "BAN_TYPE": 0, "YEAR": "2563", "NAME_DNP_T": "อุทยานแห่งชาติ", "E": 651094.0, "N": 1936003.0, "NAME": "จันทร์แรม", "PERIMETER": 697.271966776, "AREA_RAI": 12.614234851899999, "RAI": 12.0, "NGAN": 2.0, "WA_SQ": 44.0, "OBJECTID": 180.0, "Area": 20182.775763099999, "MUBAN": "วังโป่ง", "TAMBOL": null, "HOME_BAN_E": null, "TAM_CODE": null, "TAM_NAM_T": "ผักขวง", "AMPHOE_T": "ทองแสนขัน", "AMPHOE_E": null, "PROV_CODE": null, "PROV_NAM_T": "อุตรดิตถ์", "PROV_NAM_E": null, "NAME_EN": null, "TAM_NAM_E": null, "Plot_No1": 1007010003.9999999, "Shape_Le_1": 692.29977541799997, "TARGET_F_1": 181.0, "Shape_Leng": 697.27205892200004, "Shape_Area": 20182.7792439, "Cal_Rai": 12.6142, "layer": "AP1103WPG04", "path": "/Users/ponteerasingto/project11/อุทยานแห่งชาติต้นสักใหญ่/ส่งกรม/Shapefile/1.SHAPEFILE/บ้านวังโป่ง/AP1103WPG04.shp" }, "geometry": { "type": "MultiPolygon", "coordinates": [ [ [ [ 100.422086505660701, 17.506018797315743 ], [ 100.42242933091957, 17.506126151191278 ], [ 100.423025873875588, 17.505746613698395 ], [ 100.424199258442997, 17.505082398807396 ], [ 100.424230966287055, 17.504841292855424 ], [ 100.423605478741138, 17.504422873579561 ], [ 100.423473416685169, 17.504350166343471 ], [ 100.423219885288489, 17.504149993070278 ], [ 100.42286416575557, 17.504453659457344 ], [ 100.422915438208506, 17.504632765399219 ], [ 100.422912790069688, 17.504780105868011 ], [ 100.42283792420605, 17.505420269791919 ], [ 100.422520387971588, 17.505414644166585 ], [ 100.422042966223245, 17.505940092420982 ], [ 100.422086505660701, 17.506018797315743 ] ] ] ] } },
{ "type": "Feature", "properties": { "OBJECTID_1": 181, "TARGET_FID": "0", "NAME_DNP": "ต้นสักใหญ่", "CODE_DNP": 1103, "APAR_CODE": "11031007010006WPG4", "APAR_NO": "10070", "NUM_APAR": "10006", "SPAR_CODE": "11030000400005WPG4", "SPAR_NO": "00004", "NUM_SPAR": "00005", "PAR_BAN": "วังโป่ง", "BAN_E": "WPG", "PAR_MOO": "4", "PAR_TAM": "ผักขวง", "PAR_AMP": "ทองแสนขัน", "PAR_PROV": "อุตรดิตถ์", "NAME_TITLE": "นาง", "SURNAME": "ดีเพ็ง", "IDCARD": "5530900017909", "HOME_NO": "34", "HOME_BAN": "วังโป่ง", "HOME_MOO": "4", "HOME_TAM": "ผักขวง", "HOME_AMP": "ทองแสนขัน", "HOME_PROV": "อุตรดิตถ์", "REMARK": null, "BAN_TYPE": 0, "YEAR": "2563", "NAME_DNP_T": "อุทยานแห่งชาติ", "E": 651190.0, "N": 1935913.0, "NAME": "พิกุล", "PERIMETER": 382.5785097, "AREA_RAI": 5.3115052261900004, "RAI": 5.0, "NGAN": 1.0, "WA_SQ": 24.0, "OBJECTID": 181.0, "Area": 8498.4083619100002, "MUBAN": "วังโป่ง", "TAMBOL": null, "HOME_BAN_E": null, "TAM_CODE": null, "TAM_NAM_T": "ผักขวง", "AMPHOE_T": "ทองแสนขัน", "AMPHOE_E": null, "PROV_CODE": null, "PROV_NAM_T": "อุตรดิตถ์", "PROV_NAM_E": null, "NAME_EN": null, "TAM_NAM_E": null, "Plot_No1": 1007010006.0, "Shape_Le_1": 355.64500411799997, "TARGET_F_1": 182.0, "Shape_Leng": 382.578560428, "Shape_Area": 8498.4115603499995, "Cal_Rai": 5.3115, "layer": "AP1103WPG04", "path": "/Users/ponteerasingto/project11/อุทยานแห่งชาติต้นสักใหญ่/ส่งกรม/Shapefile/1.SHAPEFILE/บ้านวังโป่ง/AP1103WPG04.shp" }, "geometry": { "type": "MultiPolygon", "coordinates": [ [ [ [ 100.423871921810388, 17.503835064472646 ], [ 100.423605478741138, 17.504422873579561 ], [ 100.424230966287055, 17.504841292855424 ], [ 100.424361538295358, 17.504936253394852 ], [ 100.424685589947785, 17.504593753833955 ], [ 100.424504992030009, 17.504323687856967 ], [ 100.424633234414188, 17.503950953126306 ], [ 100.423970576233472, 17.503897191380236 ], [ 100.423871921810388, 17.503835064472646 ] ] ] ] } },
{ "type": "Feature", "properties": { "OBJECTID_1": 182, "TARGET_FID": "0", "NAME_DNP": "ต้นสักใหญ่", "CODE_DNP": 1103, "APAR_CODE": "11031007010003WPG4", "APAR_NO": "10070", "NUM_APAR": "10003", "SPAR_CODE": "11030000400002WPG4", "SPAR_NO": "00004", "NUM_SPAR": "00002", "PAR_BAN": "วังโป่ง", "BAN_E": "WPG", "PAR_MOO": "4", "PAR_TAM": "ผักขวง", "PAR_AMP": "ทองแสนขัน", "PAR_PROV": "อุตรดิตถ์", "NAME_TITLE": "นาย", "SURNAME": "พุกรอด", "IDCARD": "3530900026600", "HOME_NO": "82", "HOME_BAN": "วังโป่ง", "HOME_MOO": "3", "HOME_TAM": "ผักขวง", "HOME_AMP": "ทองแสนขัน", "HOME_PROV": "อุตรดิตถ์", "REMARK": null, "BAN_TYPE": 0, "YEAR": "2563", "NAME_DNP_T": "อุทยานแห่งชาติ", "E": 651005.0, "N": 1935986.0, "NAME": "ประเสริฐ", "PERIMETER": 532.96790621499997, "AREA_RAI": 7.00000274803, "RAI": 7.0, "NGAN": 0.0, "WA_SQ": 0.0, "OBJECTID": 182.0, "Area": 11200.0043969, "MUBAN": "วังโป่ง", "TAMBOL": null, "HOME_BAN_E": null, "TAM_CODE": null, "TAM_NAM_T": "ผักขวง", "AMPHOE_T": "ทองแสนขัน", "AMPHOE_E": null, "PROV_CODE": null, "PROV_NAM_T": "อุตรดิตถ์", "PROV_NAM_E": null, "NAME_EN": null, "TAM_NAM_E": null, "Plot_No1": 1007010003.0, "Shape_Le_1": 527.08395619199996, "TARGET_F_1": 179.0, "Shape_Leng": 532.967898107, "Shape_Area": 11200.004550199999, "Cal_Rai": 7.0, "layer": "AP1103WPG04", "path": "/Users/ponteerasingto/project11/อุทยานแห่งชาติต้นสักใหญ่/ส่งกรม/Shapefile/1.SHAPEFILE/บ้านวังโป่ง/AP1103WPG04.shp" }, "geometry": { "type": "MultiPolygon", "coordinates": [ [ [ [ 100.422833348303485, 17.503897790168548 ], [ 100.421758263889387, 17.505433129860062 ], [ 100.422042966223245, 17.505940092420982 ], [ 100.422520387971588, 17.505414644166585 ], [ 100.422808059478257, 17.504972894937708 ], [ 100.422861973792649, 17.504608067050647 ], [ 100.42279913723344, 17.504346464824124 ], [ 100.422949712870206, 17.503971434563997 ], [ 100.422833348303485, 17.503897790168548 ] ] ] ] } },
{ "type": "Feature", "properties": { "OBJECTID_1": 183, "TARGET_FID": "0", "NAME_DNP": "ต้นสักใหญ่", "CODE_DNP": 1103, "APAR_CODE": "11031007020005WPG4", "APAR_NO": "10070", "NUM_APAR": "20005", "SPAR_CODE": "11030000400006WPG4", "SPAR_NO": "00004", "NUM_SPAR": "00006", "PAR_BAN": "วังโป่ง", "BAN_E": "WPG", "PAR_MOO": "4", "PAR_TAM": "ผักขวง", "PAR_AMP": "ทองแสนขัน", "PAR_PROV": "อุตรดิตถ์", "NAME_TITLE": "นาง", "SURNAME": "นาชัยโย", "IDCARD": "3530900091509", "HOME_NO": "37/5", "HOME_BAN": "วังโป่ง", "HOME_MOO": "4", "HOME_TAM": "ผักขวง", "HOME_AMP": "ทองแสนขัน", "HOME_PROV": "อุตรดิตถ์", "REMARK": null, "BAN_TYPE": 0, "YEAR": "2563", "NAME_DNP_T": "อุทยานแห่งชาติ", "E": 651097.0, "N": 1936064.0, "NAME": "บุบผา", "PERIMETER": 282.382969737, "AREA_RAI": 1.08607738127, "RAI": 1.0, "NGAN": 0.0, "WA_SQ": 32.0, "OBJECTID": 183.0, "Area": 1737.7238100300001, "MUBAN": "วังโป่ง", "TAMBOL": null, "HOME_BAN_E": null, "TAM_CODE": null, "TAM_NAM_T": "ผักขวง", "AMPHOE_T": "ทองแสนขัน", "AMPHOE_E": null, "PROV_CODE": null, "PROV_NAM_T": "อุตรดิตถ์", "PROV_NAM_E": null, "NAME_EN": null, "TAM_NAM_E": null, "Plot_No1": 1007020005.0, "Shape_Le_1": 445.6225869, "TARGET_F_1": 183.0, "Shape_Leng": 282.38302988499998, "Shape_Area": 1737.7268651, "Cal_Rai": 1.0861, "layer": "AP1103WPG04", "path": "/Users/ponteerasingto/project11/อุทยานแห่งชาติต้นสักใหญ่/ส่งกรม/Shapefile/1.SHAPEFILE/บ้านวังโป่ง/AP1103WPG04.shp" }, "geometry": { "type": "MultiPolygon", "coordinates": [ [ [ [ 100.423025873875588, 17.505746613698395 ], [ 100.422668221122834, 17.505974163277671 ], [ 100.422707538095736, 17.506007179323181 ], [ 100.423671965040754, 17.505594748190884 ], [ 100.423750685592466, 17.505336323098383 ], [ 100.423025873875588, 17.505746613698395 ] ] ] ] } }
]
}
